Adagaidehsraˀ Dehodi:hwahtsˀa:ˀ,Health Canada (literally: they are pushing health)
Adaˀgaedęhsraˀ Oihwageh,health
Adekwao:hǫ:ˀ,Gathering of the Foods (refers to both Green Corn Ceremonies)
Ahsęh Hodijihsdaę:ˀ,"Three Fires Confederacy (Ojibwe, Potawatomi, Odawa)"
Ahsęh hadǫˀt,Wednesday (literally: the third day)
Ahsęh hadǫˀtgęhę:ˀ,Wednesday (past)
Ahsǫhehka: etihso:t,Moon Ceremony
Aweˀgehya:t,Top of the Water (Onondaga Chief Title)
Awędadogęhdǫh,Sunday
Awędędaˀǫh,Monday (literally: the day got finished)
Dagegageh ganǫhse:s,Onondaga Longhouse
Dagęhya:t,Upper End (literally: top of the mountain)
Degaiho:gęˀ,Between the News or Double Speech (Mohawk Chief Title)
Degaǫhyagahne:ˀ,Great Blue Heron clan
Degyotnǫhsa:kdǫ:,"St. Catharines, Ontario (literally: a crooked house there)"
Degyoˀnehsahǫh,Burlington (literally: there the sand leans)
Dehadihoˀdęhsragwęni:yoˀ,Employment Office
Dehahsǫwahgyaˀs,He Breaks the Wires (Handsome Lake's nephew)
Dehaihwagenhasgo:wah,he is the Attorney General (literally: big lawmaker)
Dehaˀnigǫhi:yo:,the Devil (literally: he is not of a good mind)
Dehodigahadi:yǫ:t,Orientals; (literally: their (male) eyes are stretched)
Dehonadetgwęhsayehsdǫh,Metis (literally: they have mixed blood)
Dehonagao:t,the Devil (literally: he has horns)
Dehonatnǫˀa:nhęh,Indian from India (literally: they wear turbans)
Dekni: hadǫˀt,Tuesday (literally: the second day)
Dekni: hadǫˀtgęhę:ˀ,Tuesday (past)
Deoˀjaˀjaˀgǫh,Divided Body (Chief’s name)
Detgahneka:ˀgo:wah,Dunnville (literally: where the big dam is)
Detgahnyǫhsrahdǫh,Kingston (literally: standing bars)
Detgayę:da:negęˀ,Tyendinaga (literally: land of two logs)
Dewahtaǫhdę:dǫhs,It Is Shaking Its Ears (Oneida Chief Title)
Dewaˀgageh ganǫhse:s,Seneca Longhouse
Dewaˀganhaˀ,Delaware; Algonquians living near Six Nations; (literally: something is tied)
Deyodi:ho:nǫˀ,Tutelo people
Deyohatehsǫˀ,"Pittsburg, PA (literally: the horizon is clear there?)"
Deyohaˀgwę:deˀ,Open Voice (Oneida Chief Title)
Deyohwęjahkahsǫgwahnǫˀ,states (of the United States)
Deyohwęjiyaˀgǫh Oha:deˀ,Trans-Canada Highway
Deyohǫwe:tǫ:ˀ,Mossy Place (Cayuga Chief Title)
Deyoninhoga:węh,Door Partly Open (Seneca Chief Title)
Deyotowehgǫh,Double Cold (Cayuga Chief Title)
Deyoyadaęˀ,No Ditch (at Cattaragus)
Deyoyęgwa:kęh,Sandy’s Road (literally: twin smokes)
Deyǫdanętsǫtaˀ,Linking Arm Dance (forbidden dance)
Deyǫhsiˀdadihahs,Door Keepers' Dance (literally: every other step dance); a medicine dance; the Hadojifs also dance this with their grandchildren)
Deyǫhyę:go:,It Touches The Sky (Cayuga Chief Title)
Deyǫhyǫ:go:,It Touches The Sky (Cayuga Chief Title)
Deyǫˀswegogo:węh,the Second Condolence String (a type of wampum)
Doda,term of addess for a grandparent
Doda Graee,Great Aunt Grace (term of address for maternal great aunt)
Dodama:,term of addess for a maternal grandmother
Dwahyayętwęh,"Jordan, Ont. (literally: fruit is planted there)"
Dyǫnhehgwęh,Double Life or Our Sustenance (Mohawk Chief Title)
Dęhhoˀdęˀ węhniˀdadeˀ o:nęh,what month is it now?
Dǫsahaihwaętwaht,He Who Seeded the News; He Who Spread the News (refers to Handsome Lake)
Ehwihsdaędahkwaˀgowahneh,Bank of Canada
Ekdǫˀdahkwaˀ,Small Green Corn Ceremony (refers to looking at how the plants are progressing)
Eksaˀshǫ:ˀǫh Hǫwadihswaˀnetaˀ,Child Welfare
Enagrehsraęˀ Hodihsrǫnihagyeˀ,Urban Design and Development
Etinoˀsęh Ęhęnathnoˀao:wanaht,Our Uncles (literally: they (male) become bigheads; ceremony)
Gada:grahsgęhę:ˀ,Cattaraugus (literally: where it smelled like mud)
Gadagwa:sęh,It Is Bruised (Cayuga Chief Title)
Gae:nǫhsesgeho:nǫˀ,Longhouse people
Gahidǫhǫ:,Shake Pumpkin Ceremony
Gahnawageh,Caughnawaga or Kahnawake; (literally: on the rapids)
Gahnawageho:nǫˀ,Caughnawagans
Gahnawagǫ:,"Warren, PA (literally: in the rapids)"
Gahnawehtaˀ,Niagara Falls (literally: a waterfall falls there)
Gahnawiyoˀgeh,Oklahoma (literally: place of the beautiful rapid)
Gahnawiyoˀgeho:nǫˀ,Oklahomans
Gahninǫhnyǫˀ Hodidagwaihsǫhagyeˀ,Consumer's Affairs
Gahyadǫhsragwę:ni:yoˀ,the Constitution Act
Gahyadǫhsranęhgwih Gęgyohgwaęˀ,Canada Post Corporation
Gahęnagǫ:,Hamilton (literally: in the bay)
Gaihoˀdęhsraˀ Gayanehsraˀ Hadihsreˀ,Labour Board (literally: they are following the work laws)
Gaihoˀdęhsraˀ Gayanehsraˀ Honahsdi:hsdǫh,Labour Relations Board
Gaihwanahsgwaˀgo:wah,Midwinter Ceremony
Gaihwanǫhsgwaˀgo:wah,Midwinter Ceremony
Gajihsaˀ,"Husk Face, False Face"
Gajihsdagwę:ni:yoˀ,the Main Fire
Gajiˀnǫdaweheh,Coming on Its Knees (Cayuga Chief Title)
Gajęˀgeha:ˀ,Bowl Game
Ganadadwę:ni:yoˀ Gadi:nyo:ˀ,Fish and Wildlife
Ganadase:ˀ,"Newtown, Cattaraugus (literally: new town)"
Ganahaowi:ˀ,Midwinter Ceremony
Ganaˀdahi:,"Oneida, Wisconsin"
Ganaˀgaht,May (literally: budding leaf month)
Ganaˀjoˀ,"Ottawa, Ontario; Oneida, Wisconsin"
Ganedageho:nǫˀ,Lower End People
Ganedagǫ: ganǫhse:s,Lower Cayuga Longhouse (literally: longhouse in the Lower End)
Ganehsada:geh,"Kanesatake, Oka (literally: on the sand)"
Ganehwa:s,Stone Giant (legendary figure)
Ganehwˀae:ˀ,Delaware Skin Dance
Ganehǫ:ˀ,Drum Dance
Ganiyǫ:dǫˀ,White Dog Feast (literally: a lot of them are hanging there)
Gano:gai:,Threatened (Seneca Chief Title)
Ganrahdahgah,February (literally: rustling leaves)
Ganyadaiyoˀ,Ontario; Lake Ontario (literally: beautiful lake)
Ganyęˀgeho:nǫˀ,Mohawk people
Ganyęˀgehonǫgeh,any Mohawk Territory
Ganęsgwaǫ:taˀgo:wah,April (literally: a lot of frogs month)
Ganęsgwaǫta:ˀah,March (literally: a few frogs month)
Ganǫ:nyǫˀ,New York City (literally: expensive things)
Ganǫhgi:ˀda:wiˀ,Curled Hair (Seneca chief Title)
Ganǫhgwatroho:nǫˀ,Sour Spring People
Ganǫhgwaˀtroˀ ganǫhse:s,Upper Cayuga Longhouse
Ganǫhgweyo:dǫˀ,Standing Corn Cobs (Oneida Chief Title)
Ganǫhgwˀatroˀ,Sour Springs (literally: medicine in the water there)
Ganǫhsowanęhgo:wah,Parliament
Ganǫhsowanęhneh tadihwahehaˀ,Parliament buildings
Ganǫhǫnyǫh,Thanksgiving (Address)
Ganǫhǫnyǫhk,Thanksgiving (Address)
Ganǫkwaˀtreho:nǫˀ,Sour Spring People
Ganǫnyowa:nęh,Great Dance (goes with Great Feather Dance)
Gawęhęni:yǫ:t,Hanging Flower
Gayanehsraˀ Ǫgwahshai:neˀ,Canada Act (literally: the laws that govern us)
Gayaˀdago:wah,January (literally: month of the big dolls)
Gayogoho:nǫˀ,Cayuga people
Gayętwahgeh,"Cornplanter Reserve (place near Warren, Pennsylvania); (literally: where it is planted)"
Gei: Hadǫˀt,Thursday (literally: fourth day)
Gei: Hadǫˀtgęhę:ˀ,Thursday (past)
Gei: niwahsǫda:ge:,Four Nights Ceremony (part of Sustenance dances or gavnahslfjlh)
Gihęˀgowahneh,the Grand River (literally: to the big river)
Godinǫhsǫ:ni:,Longhouse people
Gowęnęˀshę:dǫh,Her Voice Suspended or Scattered (Onondaga Chief Title)
Gwa:go:wah Dehonagyehsdǫh,Crown Corporation
Gwa:go:wah Deshagodihwage:nhaˀseh,Crown Counsel
Gwa:go:wah Gonhaˀtraˀ,Governor General; Prime Minister; (literally: the Monarch's employee)
Gwa:go:wah Gęgyohgwagehoˀ,Crown Corporation
Gwa:go:wah Hǫwadihnyaˀsodahǫh,Privy Council
Gwago:wah Gaǫgweˀdaˀ Gęgyohgwagehǫˀ,Cabinets (governmental)
Gwago:wah Hǫwadihnyaˀsodahǫh,Senate (literally: he's put it around their neck)
Gwagowaˀhneh,England (literally: where the Queen is)
Gwahsdǫho:nǫh,Bostonians
Gwahsdǫhonǫhgeh,United States
Gwahsdǫhonǫhgeho:nǫˀ,United States citizen
Gwesahsneh,Ahkwesahsne (literally: where partridges live)
Gwesahsnehǫ:nǫˀ,Akwesahsne people
Gyehahshędahkwaˀ,"This word is used locally to refer to Ohsweken, Ont. (literally: counselling place)"
Gyodro:wę:,Buffalo (literally: where there is a split fork)
Gyohnegano:,Cold Spring (literally: cold water there)
Gyonhohsgwaǫ:t nihahsidoˀdę:,the Devil (literally: one side cow's foot)
Gyonǫhsade:gęh,Cornplanter Reserve (literally: burnt house)
Gęnadadwę:ni:yoˀ gę:neˀs honahsdi:sdǫh,Parks and Wildlife Federation
Hadi:hwadogęhstaˀ,Advisory Council; (literally: they (male) set it straight)
Hadiga:hehaˀgeh,Taxation Department
Hadigowa:nęˀs,they (male) are big; chiefs
Hadihahsęˀdahkwaˀgowahshǫˀ,Higher Courts; Association of (Canadian) Courts
Hadiksashǫˀǫh Dehǫwadihsnyeˀ,Children's Aid Office
Hadinhaˀtraˀshǫ:ˀǫh,Members of Parliament
Hadinǫhsesgeho:nǫˀ,Longhouse people
Hadiyadǫtwahs,White Dog Feast
Hadiˀnhahgyaˀs Honahdęgyaˀdǫh,Forest Industry
Hadoˀiˀ,False Face
Hadoˀiˀgeha:ˀ,False Face Dance
Hadwęnai:kǫh,Shouting Loudly (Oneida Chief Title)
Hadǫda:hehaˀ,Putting It On Top (Cayuga Chief Title)
Hagaˀę:yǫh,He Looks Both Ways (Cayuga Chief Title)
Hagyaˀdonęhtaˀ,He Lowers His Body (Oneida Chief Title)
Hagyaˀdrǫhneˀ,He Will Put Bodies One On Top Of The Other (Cayuga Chief Title)
Hagyędahkwa:nǫh,Guardian of the Chair (Title); subchief
Hahi:hǫh,He Is a Spiller (Onondaga Chief Title)
Hahsdawędrǫ:taˀ,Attaching Rattles (Mohawk Chief Title)
Hahǫˀjiˀ,"Black man, Negro"
Hakdǫhaˀgo:wah,Inspector General
Hanadaga:nyahs,he is the President of the United States; (literally: he destroys towns)
Hanadaganyahsgeh,Washington D.C. (literally: place of the President or Destroyer of Towns)
Hanhaˀtraˀ,"he is a Member of Parliament, etc."
Hanhęhje:s,the Devil (literally: he has a long tail)
Hatwihsdanǫhgo:wah,Auditor General
Hatwihsdanǫhgo:wah Ohę:dǫ:,Receiver General
Hawę:ni:yo:,the Devil's own name for himself (you can hear this in Gaihwifyof)
Hayęhwataˀ,He Who Seeks or Makes a Wampum Belt (Mohawk Chief Title)
Haǫdanǫh,He is the Watcher of the Log; a subchief
He:tgęh Tga:deh Hęnadewayęhstaˀ Hǫwadiyenawaˀseh,Association of Colleges and Universities Student Services
Hejonakdohaehs,Saturday (future) (literally: the day you clean your floors)
Heyǫgweˀda:gwe:gǫh Goyanehsraęˀ Gęgyohgwaęˀ,Human Rights Commission
Hnyagwaiˀgo:wah,Great Bear (legendary figure)
Hodejihsdane:t,Fire Keeper
Hodinǫhsǫni:dǫh,Longhouse People (hierarchy)
Hodiyanehsrǫ:ni:go:wah,the Constitution
Honadejihsdane:t,Fire Keepers
Honahdęgyaˀdǫh Tadidagwaihshǫhs,Better Business Bureau
Honowiyehdǫh,He Is Out Of Sight In Water (Onondaga Chief Title)
Honyaˀdaji:wahk,Bitter Throat (Onondaga Chief Title)
Honyaˀdasha:yę:,Slow-Moving Body (Oneida Chief Title)
Honǫhsǫni:dǫh,the Peacemaker (literally: He Strengthens the Longhouse; refers to the Creator's Messenger for the Great Law)
Honǫhwęja:do:gę,Tutelo people
Honǫhwęjagwę:ni:yoˀ Honęnigyohgwahsrǫ:ni:,Assembly of First Nations
Hosgęˀęgehdag - o:wah,the Great Warrior (a name for the sun)
Howahnyayę:ni:,He Laid Down A Stick For Him (Onondaga Chief Title)
Howatsadęhǫh,He is Buried or He Is Dampened (Oneida Chief Title)
Hoˀdatshehdeˀ,Carrying a Quiver Around His Neck or Shoulder (Oneida Chief Title)
Hoˀdra:ha:hǫh,He Has an Axe Placed In Between (Onondaga Chief Title)
Hwihs Nihonǫhwęjage:,Five Nations (the original Confederacy)
Hwihs hadǫtgęhę:ˀ,Friday (past)
Hwihs hadǫˀt,Friday (future) (literally: fifth day)
Hyai:kneh,June (literally: berry-ripening month)
Hyaiknehgo:wah,July (literally: many berries ripening month)
Hyei Nihonǫhwęjage:,Six Nations
Hęnadaˀo:we:s,False Face Ceremony 
Hęnadehsaheˀdaohe:s,Green Bean Ceremony (literally: they (male) gather the green beans)
Hęnadęnhaˀs Dehęnadǫgweˀdadenyeˀs,Employment and Immigration; Human Resources Development
Hęnagyanaˀtaˀ,they (male) are actors; they (male) perform) the Arts; arts
Hęnagyenahtaˀ Hadiyˀadahstaˀ Gęgyohgwaęˀ,Arts Council
Hęnagyędahkwaˀ Hadiyanęhsrǫ:nih,"House of Commons, Legislature"
Hęnahiˀdohs ,Gourd Society Dance (part of Shake Pumpkin)
Hęnahiˀdohs Hodihsdawęˀdraˀ (ahsęh sgaeˀ niyodihsya:ge),Shake Pumpkin Rattle (Ceremony; there are 13 types)
Hęnahshe:dahs Oihwagehsǫˀ,Statistics Canada
Hǫwadihnyaˀsodahǫh,Senate
Hǫwadihyadǫhsra:wihs Gayanehsraˀgeh,Licensing and Control Board
Hǫwahnyohsoda:hǫh,Pine Tree Chief
Hǫwaǫda:nǫh,He is the Watcher of the Log; a subchief
Kadiyaˀgǫˀ,Crossing the Forest Song (goes with Shake the Pumpkin; restricted)
Kyodro:wę:,Buffalo (literally: where there is a split fork)
Marlon Brandogeha:ˀ,Marlin Brando's type
Naganyagę:t,White Beaver (legendary figure)
Nakdohaehs,Saturday (literally: the day when she washes the floors upstairs)
Niga:kwaˀ ekdǫhaˀ,Small Green Corn Ceremony (refers to looking at how the plants are progressing)
Nigahnega:ˀah,Little Water Medicine
Nishaye:nahs,Hold Unto (Seneca Chief Title)
Odehadǫ:ni:,Maple Sap Ceremony; woods (trees)
Odehswadenyo:ˀ,Changing Rib Tumbling Dance
Ogwesahsneh,Ahkwesahsne (literally: where partridges live)
Ogwesahsnehǫ:nǫˀ,Akwesahsne people
Ohgi:we:,Ghost Society Dance (takes place in spring and fall; but only in fall at Sour Springs)
Ohi:yoˀ,Allegheny (literally: nice flowing stream)
Ohneˀdraę:ˀ,The Best Soil Uppermost (Onondaga Chief Title)
Ohnyahęh,"Oneida (Ontario, Canada) (literally: dry stick)"
Ohnyahęho:nǫˀ,Oneida people
Ohsthnǫhsǫtaˀ,Great Leather Dance
Ohstowago:wah,Great Feather Dance
Ohsǫdowahgo:wah,"Angel of Death, Spirit of Death (the big blackness)"
Ohwehnageho:nǫˀ,Huron people
Ohwihsdaˀ Tęnahtgaˀs,Canada Council
Ohwęjageh Wahdęgyaˀtaˀ Ohwęjagǫhsǫˀ Honadrihwahsdi:hsdǫh,Department of Energy and Mines
Ohwęˀga:ˀ dehonę:sowe:ksǫˀ,Dutch; (literally: wooden shoe wearers)
Ohę:dǫ: Haˀa:wenǫhǫgyeˀ Ęyagoyęnawaˀsya:gyeˀ,Economic Development
Ohę:dǫ: Haˀwatahi:neˀ Gotganǫnihagyeˀ,Economic Development (office)
Ohędǫhsǫˀ,the head ones (Longhouse officials)
Oihwagwe:gǫh Hadiyˀadahsdahnǫh Honahsdi:hsdǫh,Arts Foundation
Ojihsgwaˀgwahaˀ,Medicine Mask (they come after their mush); (Seneca ceremony)
Ojiˀtgwaˀ Nihęhnodę:,Orientals
Onęhęˀ Odiaę:naˀ,Corn Dance or song
Onęyotga:ˀ,"Oneida people; Oneida, New York (literally:. standing stone)"
Onǫdagehonǫˀ,Onondaga people
Onǫdagęhyatgehǫ:nǫˀ,Upper End people
Onǫdowaˀga:ˀ,Seneca people
Onǫhweht,Love Medicine (restricted)
Onǫndageh,Onondaga town (literally: on the hill)
Oswe:gęˀ,This word refers to the town of Ohsweken on Six Nations Reserve; it also refers to Six Nations and to Canada
Otowegeho:nǫˀ,"Inuit, Eskimo"
Otshestadǫda:s,Tree or Sap Dance
Otsinǫhgęˀdaˀ,"charm society, charm"
Owęˀnaę:ˀ,Little Horses Dance; Strike the Stick
Oyadˀageho:nǫˀ,Cherokee people
Oyˀajiho:nǫˀ,"different Indian people; stranger, alien"
Oˀnehsagǫ:,"In the Sand (at Tonawanda, N.Y.)"
Oˀnehsi:yoˀ,Sandpiper Clan
Sadye:nawahk,Hold Unto (Seneca Chief Title)
Sagohewahtaˀ,The Punisher (the Devil)
Saęˀho:wa:ˀ,He is Biggest tree Top (Mohawk Chief Title)
Saˀgęhneh,September (literally: cough month)
Saˀgęhnehgo:wah,October (literally: big cough month)
Sdaohs,Great Feather Dance
Sedwanoˀsęh,the Devil (literally: Our Uncle; because he is brother to the Creator)
Sgadigaji:nah,"Male Dance; One Side Male Dance (a dance done with paternal cousin, uncle, etc.) (social dance)"
Sganyada:digo:wah,Europe (literally: the other side of the ocean)
Sganyadai:yoˀ,Beautiful Lake (Seneca Chief Title); Handsome Lake (the Messenger)
Sganędadih,Albany (literally: beyond the pine; on the other side of the pine)
Sgaˀnawadih,"Opposite Side Of The Pond, Swamp (Onondaga Chief Title)"
Sgihę:dih,"Pinewoods, Cattaraugus (literally: alongside the river)"
Sgę:nǫ: genǫhdǫnyǫh.,I am fine or healthy
Shadiyaǫdataˀ,Dry Up the Trees (ceremony done at the ending of the maple sap run)
Shagodiyenahsgo:wah,RCMP
Shagodęnyehtaˀgo:wah,Chief Justice
Shagogawe:haˀ,He Paddles or Ferries People (legendary figure)
Shagohyadǫhsehgo:wah,Secretary of State
Shagonǫ:aęˀyęhtaˀ,He Hits With A Head (legendary figure)
Shagoyehwahtaˀ,Red Jacket
Shogogęheˀ,He Is Seeing Them (Onondaga Chief Title)
Shogwa:sęh,He Has Bruised Himself (Onondaga Chief Title)
Shogęˀjo:wa:ˀ,Large Forehead (Seneca Chief Title)
Shohsgohao:wa:ˀ,He Is a Good Woodrift or He is a Big Branch (Mohawk Chief Title)
Shonǫhse:s,He Is of a Longhouse (Oneida Chief Title)
Shoyǫ:we:s,He has Long Wampum (Cayuga Chief Title)
Shęh niyǫgwai hoˀdęˀ.,our way
Shǫgwayaˀdihsˀǫh,he is the Creator (of our bodies)
Tadoda:hoˀ,Entangled (Onondaga Chief Title)
Tahnawa:deˀ,Tonawanda (literally: rapids are there)
Tatgahdǫhs,He Looks Around (Onondaga Chief Title)
Tayatgwai:,He Is of Wide Body (Onondaga Chief Title)
Tayęda:ne:gęˀ,Tyendinaga (literally: land of two logs)
Tayędane:gęˀ,Deseronto (literally: firewood side-by-side there)
Tgagwę:troˀ,"York, Ontario; Jarvis, Ont."
Tgahnawęhtaˀ,Niagara Falls (literally: a waterfall falls there)
Tganadahae:ˀ,Brantford (literally: where the town sits up on something)
Tganadaę:ˀ,Caledonia (literally: there the town lies)
Tganadaęˀgo:wah,"Philadelphia, PA (literally: big town lying there)"
Tganawai:ˀ,Niagara-On-The-Lake
Tganaˀjoha:ˀ,"Ancaster, Ont. (literally: pot attached to something)"
Tganęnogahe:ˀ,Hagersville (literally: a hickory log is across)
Tgayaˀdagwę:ni:yoˀgeh,Ottawa (literally: leading place)
Tgaǫ:doˀ,Toronto (literally: log in the water)
Tiyǫgweˀdadejih Goihwageh,Cultural Affairs
To tsǫ:,that is enough! (i.e. stop pouring)
Tsaˀdegai:hwadeˀ,News Is Different From Another (Mohawk Chief Title)
Tsaˀdegaǫhye:s,Skies of Equal Length (Seneca Chief Title)
Tsaˀdegohsrahęh Gaihwayaǫni:,Midwinter Ceremony
Tsaˀganhaˀ,Northern Indian groups; Algonquians
Tsaˀwę:dę:daˀ,Monday (past)
Tsiyaǫ:dadogęhdǫh,Sunday (past)
Tsiyonakdohaehs,Saturday (past)
Tęnagai:neˀ,Dragging Horns (Mohawk Chief Title)
Tęnęˀnigǫho:taˀ,"the Advisory Council; (literally: they give ideas, suggestions)"
Tǫwa:na:wi: Gayaˀdagęnhahsraˀ Gayanehsraˀ,Bill of Rights; Charter of Rights and Freedoms or Laws
Wahtaˀ,Gibson Reserve (literally: maple tree)
Wasa:seh,War Dance (of the Osage); Rain Dance
Wasahseho:nǫˀ,Osage people
Xihsgęhneh,August (literally: corn silk month or fire fly month)
Xo:to:ˀ,November (literally: cold weather month)
Xo:to:ˀgo:wah,December (literally: really cold month)
a:gadahnyo:ˀ,I would fish
a:gade:kǫ:niˀ,I might eat
a:gadeˀnyę:dęˀ,"I might try or attempt it
"
a:gadowihshęˀ,I should rest
a:gadręnota:k,I would be a singer
a:gadwę:nǫ:dahk,I should use that language
a:gadǫ:goht,I should go on
a:gahya:goˀ,I would pick fruit
a:gahyagwahse:k,I might be a fruit picker
a:gake:ye:na:ˀ,I should catch them
a:gakeyatgęˀse:ˀ,I should watch them
a:gatrǫnyahnaˀ,I should go and tell
a:geksaˀgowagęhe:k,I wish I were handsome
a:goi:hwanǫhkwa:k,"I should care, respect your ideas"
a:gwahdaˀ,"sole, ball of foot"
a:gyathnǫhda:,we two (inclusive) got gas
a:gę:,that's what I did say
a:gęhę:k,It should be
a:gęnadawę:ˀ,they (animal) should swim
a:gęniˀde:niˀ,"I should, might fart"
a:gǫ:niˀ,"I would make, earn"
a:gǫ:yǫˀ,I would give you
a:ha:tęˀ,"he would climb an object (tree, stairs etc)"
a:hado:wa:t,he should hunt
a:hagwe:niˀ,he was able to do it
a:hahaha:ˀ,he should or might come onto the road
a:hahę:t,"he might, could lead"
a:hayętwahse:k tsǫ:,let him keep planting
a:he:yeht,I should wake him up
a:hyayaˀdagenhaˀ,he would help you
a:hęni:hę:ˀ,he would stop (himself)
a:knikǫ:ˀ,"I should, might sew"
a:knǫnheht,I would fill
a:sadenyagwaht,you should make yourself vomit
a:sadǫhwi:daˀt,you will swing
a:sahsdaę:ˀ,you might cry
a:se:gęˀ,you should see it
a:se:k,you should eat
a:se:ˀ,"it is fresh, new"
a:sgęnǫhgęhęk,I hope you (all) will be well
a:sheyatgowanahdęˀ,"to rape a woman (check translation, spelling)"
a:snˀadaǫniˀ,you should make bread
a:wagahyagwę:k,I should have picked fruit
a:wagahyagwęhagyeˀse:k,I would still have been picking fruit
a:wagahyagwęhęgye:k,I should have been picking along
a:wagahyagwęhęgyeˀ,I should be picking fruit along
a:wagatrowihagyeˀse:k,I should be telling it around or about
a:wagęnǫhdǫ:k,I should know
a:we:tˀah,implied; pretend
a:we:tˀah tsǫ: dęsaˀtsǫhs,pretend to sneeze!
a:wetˀahshǫ:ˀǫh,"make-believe, pretend"
a:ya:węh,"I wish, hope"
a:yagonadrihwagyaǫˀ,they (female or mixed group) might have an accident
a:yagwadahnyo:ˀ,we all (exclusive) would fish
a:yagwahsę:nǫˀ,we all (exclusive) should give it a name
a:yakhne:ˀ,we two (exclusive) would go together
a:yesayˀadagenhaˀ,she would help you
a:yetsęi:ˀ,she might find it
a:yo:daˀ,it would sleep
a:yonadrihwa:gyaǫˀ,they (animal) might have an accident
a:yǫda:wę:ˀ,she might swim
adahditranhahstaˀ,garters (to hold up stockings)
adahdˀitraˀ,socks
adahyaohǫ:ˀ,Gathering of Fruit Ceremony (done during the Strawberry Ceremony)
adai:sdǫ:ˀ,intercourse
adaoˀtraˀ,friendship; also refers to a ceremonial friend
adatrewahdǫ:ˀ,"repentance, punishment"
adaˀditraˀ,cane
adaˀgęhodagwę:ˀ,scattering ashes
adehswaˀ,"blouse, middy"
adekwahahsra:kˀah,by the table
adekwahahsrageh,on the table
adekwahahsraˀ,table
adigyaˀdraˀ,we two (inclusive) met
adihakǫhsraˀ,a feast (ceremonial) 
adihswatnętsi:yak,you all broke your arm
adijatnętsi:yak,you two broke your arm
adisaihwaę:daˀs,you made a decision
adisaˀtsǫhs,you did sneeze
adiˀgrǫhsraˀ,shyness
ado:gęˀ,"axe, tomahawk"
adoda:ˀ,bow (as in bow and arrow)
adowadǫ:ˀ,hunt
adoˀjinaˀ,skate
adoˀjinehdǫ:ˀ,skating
adraˀswahe:tgęˀ,luck
adraˀswaˀ,luck
adraˀwihsdaˀ,bat (mammal)
adrihwagyaǫhsraˀ,disaster
adrihwagyaǫhsraˀ hadiganyaˀs,"insurance, assurance"
adrihwahsehdǫ:ˀ,a secret
adwa:do:goˀ,it scattered
adwadagwęhdę:,it became dented
adwadahyo:wę:ˀ,the fruit did split
adwadehsdao:goˀ,it splashed
adwadehsgwiˀdrǫ:dęˀ,"you became wrinkly, pruny"
adwadejitgwaogo:ˀ,diabetes
adwadestęho:węˀ,volcano
adwado:wę:ˀ,it split
adwadrihgwagwenǫ:ni:,there was a full moon
adwadęhęwęhę:t,it has gone over the fence
adwadęnhiht,calamity (literally: it happened all of a sudden; all at once)
adwagadǫhwęjohs,I did want something
adwagagyaǫ:nyǫˀs,I had a vision; I got spooked
adwagahji:yoˀ,it scratched me
adwagegahoˀs,I got an eyelash in my eye
adwagrihwaę:daˀs,I came to a decision
adwagyaǫnyǫ:ˀ,apparition (haunted)
adwahyahiˀ,the fruit broke up
adwaksaga:ˀs,"you gasped, yawned "
adwatahsro:goˀ,a flash of light
adwataędǫ:nyǫh,it shimmered
adwatnętsi:yak,it broke its arm
adwatnętsodagoh,our (includes listener) arm came out of its socket
adwatwęjohs,it became a necessity
adwęnihoˀk,lightning struck
adyagodewane:ga:ˀs,she got a flat tire
adyagodihwaę:daˀs,they (female or mixed group) came to a decision
adyagodiˀdraihęˀ,they (female or mixed group) hurried
adyodˀidraihęˀ,they (animal) hurried
adyǫknˀidraihęˀ,we two hurried
adęhęgaǫhsraˀ,an invitation
adęhęˀ,fence
adęnatraˀ,"lunch, groceries"
adęnideǫ:sraˀ,the act of kindness
adęnihsaˀgeh,on the wall
adęˀhę:kˀah,by the fence
adęˀhęgǫ:,in the yard
adęˀhęˀgeh,on the fence
adǫ:waˀ,men's personal chant
adǫhnˀetsaˀ,ladder or stairs
adǫhnˀetshaˀgeh,on the stairs
adǫhwihsęhde:ˀ,it is restful
adǫnhehsraˀ,birth
ae:swa:k,you all should eat it
aenǫhweˀ,she has liked it
aga:do:wi:,I did the driving
aga:gęˀ,it saw
aga:ke:dę:ˀ,I felt compassion for them
aga:tgęh,I got up
aga:tro:wi:,I have told
aga:tǫ:deˀ,I hear it (right now)
aga:tǫ:dęhs,I hear it all the time (continually or off-and-on; i.e. the sound of a regular train going by one's house)
aga:węh,it is mine
agadade:gęˀ,I saw myself
agadadwiyahdǫˀdǫh,I did have an abortion
agadadwiyahdǫˀt,I had an abortion
agadagai:deˀ,"I am well, fine, healthy"
agadahsehdǫh,I am hiding now
agadahǫhdohai:ˀ,I did wash my ears
agadahǫhsiyohs,I listen
agadatgęˀ,I saw myself
agadatsęhse:,I am tired
agadedręhdatgihdanihsgęhę:ˀ,I used to have bad dreams
agadehsręˀdǫ:ni:,"I am grouchy, (glaring)"
agadehsrǫnihsˀǫh,I am ready
agadehęh,I did get embarrassed
agadejiˀohgyak,I did cut my nails
agadekǫ:ni:,I am eating
agadekǫ:niˀ,I ate
agadenyaˀgwaht,I made myself throw up
agadenǫˀnya:dǫ:ˀ,I am in mourning
agadetsę:,I am a glutton
agadetsęhs,I made myself into a glutton
agadidręhtaodrǫ:,I had to stay awake 
agadinana:węht,they (animal) wet it 
agadowihshę:daˀk,I did have a rest
agadowishęˀ,I have rested
agadrihoˀda:t,I worked
agadwahdǫh,I have or did miss it
agadwiyaǫ:gwęh,I have adopted a baby
agadęneha:ˀ,I won the bet
agadęno:węht,I denied
agadǫgweˀdi:yohs,I made myself nice; (put on my public face or facade)
agadǫhsweˀdanih,I am hungry
agadǫnhi:,I am alive; I am born; I am full of life
agadˀegwęhęgyeˀ,I am running away again
agaeda:graˀ,they (female or mixed group) fell down
agaegęˀ,they (female or mixed group) saw it
agaehsa:kaˀ,they (female or mixed group) went looking for it
agaenana:węht,they (female or mixed group) wet it
agaesakeˀ,they (female or mixed group) are / are they going to look for it
agaeye:na:ˀ,"they (female or mixed group) caught, received, accepted it"
agaeˀnya:gęˀ aˀagodinyaˀk,they eloped
agagowa:nheˀ,it became big 
agagwiyǫ:dęˀ,it got buds
agagyˀǫhseheˀ,I am going to go visit
agahahokdęˀ,I finished one row
agahaˀtge:,a big drought
agahdrǫˀni:ˀ,"I am scared all the time, a fraidy-cat"
agahdrǫˀs,"I am scared, frightened"
agahsagǫh,I am coughing right now
agahsdaę:daˀ,it stopped raining
agahsdaę:ˀ,I did cry
agahsehdǫh,I am hiding something
agahseˀnigǫhaˀdęˀ,you betrayed them
agahsgęˀdrǫ:dęˀ,"it is rusty, mouldy"
agahshaˀdrǫnyǫh,"I am reminiscing, remembering"
agahshę:,I am slow to act
agahsiˀda:tgiˀ,I have dirty feet
agahsiˀdanǫhwa:s,I have a sore foot
agahste:nyęˀgeh,falling rocks
agahstenyęˀge:,rock slide
agahsę:,I am fat
agahsǫwade:nyeˀs,I am dizzy
agahtgaˀ,I gave it up (right now)
agahya:k,I ate the fruit
agahyagoˀ,I picked fruit (recently)
agahyagwęh,I have picked fruit (farther in the past)
agahyagwęhne:ˀ,I have done fruit picking
agahyagwęhęgyeˀ,I am picking fruit along; as I am going along in a row picking fruit
agahyagwęhęgyeˀs,I am going along picking fruit all over the place
agahyagwęhęgyeˀsgęhę:ˀ,I used to go along picking fruit (but I no longer do)
agahyagǫh,I am eating fruit
agahyagǫhne:ˀ,"I ate fruit, have eaten fruit"
agahyaę:ˀ,I have fruit
agahyęht,I knocked or dropped the fruit down
agahǫhdanǫhwa:s,I have an earache
agaihwagǫ:dǫ:ˀ,it died out (high language)
agaihwahdǫˀ,"it became extinct, died out (old word)"
agaihwę:daˀ,it wore out (i.e. clothing)
agakehsre:ˀ,"I chased them, followed them"
agakwahǫ:dǫ:ˀ,it asked for food
aganahao:traˀ,my hat
aganana:węht,it wet it
aganhoha:yęht,noise made by banging a door
aganǫnheˀ,it filled up
agasdao:wanaht,it rained hard
agatahahsa:ˀ,I finished a road
agatahyǫ:niˀ,I am Wolf clan
agatgahiyohsdǫh,"I am staring at it, examining it closely"
agatgahǫ:ˀ,I paid attention
agatganǫ:nih,I am wealthy
agatgwe:niˀ,I won a competition
agatgęhǫh,I am up now
agatgǫhsohai:,I did wash my face
agathna:sǫ:,I oiled myself
agatnakdi:yohs,I made myself comfortable
agatnoˀjodagoˀ,I had my tooth pulled
agatnǫhgaǫ:ˀ,I did get my hair cut
agatowahstaˀ,I am cold
agatowinyˀǫse:,I have a cold
agatrowihne:ˀ,what I did talk about
agatrǫnyahneˀ,I am going to go there and tell (correction)
agatrǫnyahnǫh,I am telling now
agatrǫnyahnǫhk,I went there and told (but I am back)
agatrǫnyahsihǫh,I finished undressing; I got fully undressed
agatsadǫˀ,I buried it (an object)
agatsęnǫ:ni:,"I am glad, happy"
agatsęnǫ:niˀ,I got happy
agatsǫwade:nyeˀs,I am dizzy
agatwihsdǫ:niˀ,how much money I made
agatǫdęˀǫh,I have heard it before
agatǫwi:sęh,I am singing seed songs
agaweodęˀ,it got mouldy
agawęda:gę:,"she is a wimp, timid"
agawęgęhę:ˀ,it used to be mine
agawęhę:daˀ,flowers that have finished blooming
agawęhǫ:dęˀ,a flower bloomed
agaęsawęnyahsha:,heart operation 
agaǫ:daoˀtsę:ˀ,they (female or mixed group) became ceremonial friends
agaǫ:dehsgyǫwa:taˀt,they (female or mixed group) dieted
agaǫ:dekwahęˀ,they (female or mixed group) put on a meal
agaǫ:dowihshę:ˀ,they (female or mixed group) rested
agaǫ:gehsre:ˀ,they chased or followed me
agaǫ:tgǫˀtrani:yǫ:dęˀ,they (female or mixed group) weighed themselves
agaǫ:tsęht,they (female or mixed group) were tired or sleepy
agaǫda:gye:na:ˀ,they (female or mixed group) caught her
agaǫda:tgwe:niˀ,they (female or mixed group) won a competition
agaǫdadehsre:ˀ,they (female) chased or followed her
agaǫgehswaˀne:tˀa:ˀ,they supported me
agaǫhǫ:k,they (female or mixed group) heard; they learned how to understand a language
agaǫnihsgyageˀ,they (female or mixed group) urinated
agaǫnihęˀdahk,they (female or mixed group) suddenly quit
agaǫnǫwaędahk,they (female or mixed group) made it sink
agaǫtgwe:niˀ,they (female or mixed group) won a competition
agaǫˀdadǫh,I am blowing now; I have blown
agaˀahdraˀ,my basket
agaˀdaǫniˀ,it got muddy
agaˀgyadawitraˀ,my coat or dress
agaˀtwihsdęˀda:ˀ,I wasted my money
agaˀęhgo:dęˀ,potato sprouts
age:gaˀs,I like the taste of it
age:gwęh,how much I have obtained or acquired
age:gę:,I have seen it 
age:gę:na:ˀ,I have a freckle
age:gęˀ,I saw
age:haˀk,my aunt (old word)
age:ji:yoˀ,"I am crippled, lame"
age:kdǫ:ˀ,I did look closely at it; I have examined it
age:kǫ:ni:,I cooked
age:kǫ:niˀ,I cooked a meal
age:nhiˀs,"I err, make mistakes"
age:nho:dǫˀ,I have locked it
age:nya:gǫh,I am married
age:nya:s,I am getting married right now
age:swahs,I smell it (at the time when this is being said)
age:tse:nęˀ,my pet
agegahagwaǫ:t,I have a sty
agegahanǫhwa:s,I have a sore eye
agegaˀsgęhę:ˀ,I used to like the taste of it (but I do not anymore)
agegwaǫ:t,"I have an abscess, boil"
agegęhęˀda:nih,"I am annoyed, sick of it"
agegǫhsatgiˀ,I have a dirty face
agegˀea:ji:,I have dark hair
agegˀeaˀgeh,on my hair
agehnaˀna:węht,I wet it
agehsadǫˀ,I buried it (an animal)
agehsina:ji:yoh,I have a lame leg
agehsinanǫhwa:s,I have a sore leg
agehsohdanǫhwa:s,I have a sore hand
agehsohdatgiˀ,I have dirty hands
agehsweˀnanǫhwa:s,I have a sore back
agehswęˀgaiyoˀ,I am Hawk Clan
agehta:gyeˀ,I am talking as I go along 
agehta:khne:ˀ,what I did talk about
agehta:ˀk,I did talk
agehtaę:ˀ,I did talk
agejagǫ:ˀ,I persevered
agejagǫˀǫh,I do persevere (all the time)
agejaohoˀgwanǫhwa:s,I have a sore ankle
agejinyǫhgro:t,I have a runny nose
ageksedanǫhwa:s,I have a stomach ache
ageksˀadaˀ,my child
agekwędaˀǫh,I have finished eating
agekǫnihne:ˀ,I have cooked
agenhiˀǫh,"I have made a mistake, an error"
agenhodǫ:gwęh,I have opened or unlocked it
agenhoha:hǫh,I have closed the door
agenyaˀgwahǫh,I am vomiting (right now)
agenyˀagwahs,"I am vomiting; I am a vomiter, I vomit all the time"
agenˀewa:ˀ,I was surprised
ageswahsgęhę:ˀ,I used to be able to smell (but my nose quit working)
ageteˀdǫh,I did pound
agetgwˀędaˀ,my wallet
agetgwˀędaˀshǫ:ˀǫh,my suitcases (i.e. ones that are scattered around)
agetgwˀędaˀshǫˀ,"my suitcases (i.e. a bunch of suitcases , bundled together or mentally grouped as a unit)"
agetsęnyǫ:,I have found it
agewęnaˀdǫh,I have given up
ageˀdaihęhdro:t,I am sweating
ageˀdre:ˀ,I dragged it
ageˀdrehda:se:,my new car
ageˀdrehdagayǫh,my old car
ageˀdrehdagęhę:,it was my car
ageˀdrehdaęˀ,I have a car
ageˀdrehdaˀ,my car
ageˀdreˀ,I am riding along
ageˀhowe:gǫh,I did cover something
ageˀnihshęˀ,I have a father
ageˀnowaę:ˀ,I am squatting
ageˀo:gǫh,I did chop; I have chopped
agi:,ouch!
agi:daˀs,I'm a (good) sleeper
agi:dę:ˀ,I feel (felt) sorry for something
agi:dęht,"I am poor, poverty-stricken, in poverty"
agidagraˀǫh,I have fallen
agidaˀǫh,"I was asleep, I am sleeping"
agidręhda:ˀs,I am sleepy
agihsagǫh,I am looking for it
ago:nhiˀk,she made a mistake
agodehęˀǫhs,she became a widow
agodi:nhiˀk,they (animal) made a mistake
agodrihwaˀehs,she got blamed
agohsgę:na:ˀ,she had a stroke
agojęhdahkwaˀ,something that stands up in a dish
agonya:gęˀs,I am passing wind
agowanheˀ,it became big
agowi:yęhs,a miscarriage
agowi:yǫ:diˀ,"she abandoned her child, had an abortion"
agowiyagehe:yaˀs,her baby died
agoˀdredahe:tgęˀs,her car broke down
agoˀgaˀdahshoˀ,she smells the pants (said of prepubescent girls)
agoˀgwa:s,"she is digging, uncovering something"
agra:ge:węh,I have erased or wiped
agra:gwęh,I have picked it out; I have chosen that one
agra:tę:,I did climb
agradanǫhwa:s,I have a sore heel
agrahǫh,I did spread it already
agrihoˀdeˀ,I am working
agrihwaneˀagǫh,I have sinned
agrihwaye:na:ˀ,I accept your word
agriˀsdowanęh,I am loud and noisy
agrohe:gǫh,I have gathered
agrǫhyagę:,"I am in agony, in pain"
agwadęnǫhksǫˀ,we are relatives
agwagowa:nęh,we all (exclusive) are big 
agwahnę:ye:s,we all (exclusive) are tall 
agwahwajiyowa:nęh,we all (exclusive) have a large family
agwanoˀjo:t,we all (exclusive) have teeth
agwanyahdę:,we all are of the Turtle Clan
agwayˀada:ˀ,our picture
agwaˀnhǫhda:grahs,"we all (exclusive), our armpits smell "
agwe:,we all (exclusive) want
agwe:gǫh,everything; all
agwi:yaˀ,my baby
agwiyaęˀ,"I have a child, offspring"
agwęnaˀtaˀ,I give up (all the time)
agya:dę:nǫhk,my relative
agyadahnyohneˀ,we two (inclusive) did go fishing
agyagoi:hwaę:daˀs,she came to a decision
agyagwatnętsi:yak,we all (exclusive) broke our arms
agyagwaˀęnaę:ˀ,we all (exclusive) did play snowsnake
agyawęhęhgwait,opening bloom
agyaǫhsraˀ,a trick
agyaˀdadaihę:,I am hot
agyaˀdadeht,"I am nimble, active or energetic"
agyaˀdagęhe:yǫ:,"I am physically weak, slow"
agyaˀdagęhe:ˀ,"I got limp, weak"
agyaˀdahshę:,I am slow
agyaˀdahshęh,I was late
agyaˀdanǫhwa:s,I am sore; I ache
agyaˀdasdeˀ,I am heavy
agyaˀdawiˀtraˀ,"coat, dress"
agyaˀdǫdaˀdǫh,I shiver
agye:na:ˀ,I caught it; I received it
agye:naǫ:,"I have caught it, received it"
agyedanǫhwaˀksǫh,I am going along aching
agyodewane:ga:ˀs,it got a flat tire
agyohsagae:,the sound of smacking lips
agyonę:dahsdęˀ,a stampede (literally: something made them run)
agyęˀ,"I have, possess"
agyǫ:dih,I am smiling
agyǫdiha:gyeˀ,I am going along smiling
agyǫhsęhtoˀ,she cried
agyǫhwęhjędǫh,earthquake
agyǫhwęjaihęh,earthquake; (literally: the land shook)
agyǫkyohsgwi:ˀ,she did crawl (i.e. learned how to crawl)
agyǫtgręgręht,she frowned
agyǫtnętsi:yak,she broke her arm
agyǫˀnigǫho:goˀ,her mind is scattered
agę:no:węht,I lied
agę:sętwęh,I did kick it; I have kicked the ball
agędagę:,I am a wimp; I am weak (mentally or physically); cowardly
agęhsiˀdohai:,I did wash my feet
agęna:tǫ:ˀ,they (animal) lay down
agęnadekǫ:niˀ,they (animal) ate
agęnadeˀgoˀ,they (animal) ran away
agęnadęhnyeha:ˀ,they (animal) won (a bet)
agęnagra:dǫh,I was born
agęnataha:goˀ,they (animal) turned off the road
agęnatgwe:niˀ,they (animal) won a competition
agęnatsę:nǫ:niˀ,they (animal) got happy
agęnida:gre:ˀ,I laid myself down
agęnihsgya:ge:,I am urinating
agęnihęˀ,I stopped or quit
agęniˀdahswahęhdrǫ:ˀ,I got scolded
agęniˀdenyǫ:,I have farted
agęno:wę:,I am a liar
agęnowaędahk,I made it sink
agęnǫhdǫˀ,I know
agǫ:gweh,"girl, woman; the female gender"
agǫ:nheˀ,she is alive
agǫ:nihs,she makes it into something; she earns
agǫ:niˀ,"I did make, earn"
agǫda:hǫh,I have put it in
agǫgwedaˀ,my relatives (literally: my people)
agǫgweˀda:se:ˀ,she is a young woman
agǫgweˀdi:yo:,she or someone is a nice person
agǫgwˀedahetgęˀ,"she is a cruel, mean person"
agǫgęhęˀdęˀ,I am sick of you
agǫhwada:nih,it has shown me something
agǫnahsgwe:k,I shut you up
agǫnhehgǫh,she or someone lives on it; she is sustained by it
agǫnihne:ˀ,"I used to or have made, earned"
agǫtsanǫhwa:s,I have a sore knee
agǫˀwehsgwa:nih,I enjoy it
agǫˀweshahs,"I am having a good time, enjoying something"
aha:de:niˀ,he emptied something; (literally: he changed it)
aha:do:wa:t,he did hunt
aha:dǫ:goht,he went past
aha:goˀ,he chose
aha:gęˀ,he saw
aha:k,he ate it
aha:nyoˀ,he killed (an animal)
aha:yǫˀt,he scored; he brought it
ahadadeˀo:k,he axed himself
ahadadi:yaˀk,he shot himself
ahadadi:yˀak haˀhǫnyohdahk,he shot himself
ahadadri:yoˀ,he killed himself (on purpose)
ahadadrihwagwe:nyaˀs,a title; an honour; a goal (literally: he achieved for himself; he earned it for himself); successful
ahadahdiˀtrǫda:,he put his socks on
ahadahgwaęhęhs,he pawned?
ahadawę:ˀ,he swam
ahadehęh,he felt shame
ahadejiˀohgyak,he did cut his nails
ahadeteˀtra:,he did powder himself
ahadeˀdaǫniˀ,he got dirty
ahadigahę:dęˀ,they (male) made a hole
ahadihadoda:goˀ,they (male) cut the forest right out
ahadihsgwa:dahgoˀ,they (male) did geld it
ahadihędohsga:ˀ,"they (male) cleared the fields, land"
ahadinaˀna:węht,they (male) wet it
ahadinǫhsgaiˀ,they (male) made) a riot
ahadiyaǫgyaˀk,they (male) cut a tree down
ahadiˀdahswahęhdrǫ:ˀ,"they (male) scolded, reprimanded"
ahadiˀnhahgyaˀk,they (male) cut the logs
ahadiˀǫgwaę:ˀ,they (male) laid sod
ahadodaisi:,"he got loose, escaped"
ahadohǫhdǫhai:ˀ,he did wash his ears
ahadowihshę:ˀ,he rested
ahadręnǫ:niˀ,he made a song
ahadrǫhyaˀdahk,he balked at the suggestion
ahadǫ:dęˀ,he is singing adlfwaj
ahadǫhsweˀdęˀ,he will be short of breath
ahagadahgwaęhęhs,he did pawn
ahagyena:waˀs,he helped me
ahagǫhe:k,he punched it
ahahaha:ˀ,he went onto the road here
ahahdo:,"he dived, he dove"
ahahni:nǫˀ,he bought it
ahahsiyaǫ:nyahnǫ:ˀ,he is a fluid dancer
ahahędaę:ˀ,refers to men they (male) won the throw in a betting game)
ahaihwa:is,he accomplished or completed a task (ie. a speech); he carried out a responsibility
ahaihǫnyahnǫ:ˀ,he produced something (literally: he made or started the idea)
ahajihgwaˀe:k,he punched it 
ahanaˀna:węht,he wet it
ahanohsga:ˀ,"he notched it (tree, casket)"
ahanǫhsgai:ˀ,"he raised cain, had a tantrum"
ahatgaędaˀ,he pawned
ahatgwe:niˀ,he won a competition
ahatgǫhstǫˀęht,he shaved
ahathna:sǫˀ,he did oil himself
ahatnahsgǫniˀ,he raised a pet 
ahatwaˀehs,he went to stay there; he was taken in (he had no place else to stay)
ahawiyanęhsgoˀ,"he stole a child, kidnapped"
ahayagye:nęˀ,he fell over; refers to passing on
ahayęgwahsǫnyeht,he honoured them with tobacco
ahayętwa:goˀ,he did harvest
ahayętwahseˀ,he is/ is he going to plant over there
ahaę:nǫ:da:,he recorded songs or taped
ahaęnaga:nye:ˀ,"he chanted, he trilled the music (ceremonial)"
ahaęnahsre:ˀ,he followed the song; he sang along
ahaęnahǫ:k,he heard music
ahaęni:s,he made the song long
ahaęnǫdahsǫ:ˀ,he recorded many songs
ahaǫhyagˀędahk,it made him work hard; he laboured
ahaˀnǫhgwaˀe:k,he beat the drum (barrel)
ahdahgwaˀ,shoes
ahdahgwi:yoˀs,nice shoes
ahdahgwˀaǫ:weh,moccasins; shoe (the type put on a corpse at a funeral)
ahe:dę:ˀ,I feel sorry for him
ahe:jęˀt,I fixed (literally: cured) him; I got even with him
ahe:yeht,I woke him up
ahe:ˀ,he thought
ahehihs,I bumped him (i.e. with a car)
ahehswaˀne:dęˀ,I supported him
ahehswaˀne:tˀa:ˀ,I supported him
ahehswaˀneht,"I agree with him, support him"
ahehwawaˀs,"I agree with him, support him"
ahgwih,don’t...
ahgwih ęhsatwihsdęˀda:ˀ,do not waste your money
ahgwę:ni:yǫt,hanging clothes
ahgwę:nyaˀ,"clothing, clothes"
ahgwę:nyaˀ gahaˀtaˀ,clothes dryer
ahgwęnyaga:yǫh,old clothes
ahgwęnyagehǫˀ,clothes lying around
ahgwęnyaseˀshǫ:ˀǫh,new clothes
ahgwęnyaę:dahkwaˀ,closet
ahi:ˀ,"I thought, intended"
aho:nhiˀk,he made a mistake
aho:yǫ:diˀ,he smiled
ahodi:nhiˀk,they (male) made a mistake
ahodrihwaˀe:s,he was found guilty; he was accused
ahodrihwaˀgyaǫ,he had an accident
ahodęhte:ˀah,"tramp, hobo, vagabond"
ahohetso:goˀ,it tricked him (like the frog)
ahohsgęna:ˀ,he had a stroke
ahohsi:s,he was shot
ahoihwaˀehs,she/he blamed him
ahonadrihwaˀgyaǫ:,they (male) had an accident
ahonakwęh,he became very angry
ahoneha:goˀ,he was amazed or surprised
ahonǫda:nhaˀ,he was found guilty
ahotwaji:yǫ:diˀ,he abandoned his family
ahoyaˀdadidrǫgwahǫ:ˀ,it made him twitch
ahoyenahsǫ:ˀ,he had convulsions
ahoˀdrehdahe:tgęˀs,his car broke down
ahoˀnidodaehsęˀ,he farted
ahoˀnigǫhaędaˀ,he understood
ahsadadrihwagwe:nyaˀs,you are a success
ahsadadrihwahdo:t,you committed suicide (high language)
ahsagodi:ye:na:ˀ,"they arrested, caught her"
ahsagokwahkwaˀ,he grabbed the food from her
ahsagonahseht,they robbed her
ahsdeh,outside
ahsdeh heyęhdahkwaˀ,toilet
ahsdeh ǫdǫˀdahkwaˀ,toilet bowl
ahsdeh ǫdǫˀdahkwaˀ ohyadǫhsraˀ,toilet paper
ahsdehgeha:ˀ,outside type
ahsdehgeha:ˀ adekwahahsraˀ,picnic table
ahsdehka:ˀ akyędahkwaˀ,lawn chair
ahsdehka:ˀ ǫdawˀędahkwaˀ,outdoor swimming pool
ahsdehka:ˀ ǫdeˀsgǫdahkwaˀ,outdoor barbecue
ahse:gri:k,"you wrinkled, fan-folded it; you made it smaller, shrank it"
ahse:gwe:niˀ,you did succeed
ahsehsęnowanheˀ,you became famous
ahsge:gęˀ,you saw me (correction to workbook)
ahsgegęhęˀdęˀ,you got sick of me; you are bored with me
ahsgwaˀ,roof
ahsgwaˀgeh,"on top of the house, roof"
ahsę niwahdahgwa:ge:,three shoes
ahsęh,three
ahsęh hęwa:dra:s,three times
ahsęh hǫwadijihsdę:ni:,"they were given three fires (by him, them (male))"
ahsęh naˀdewˀęnya:wˀe:,three hundred
ahsęh naˀdeyodogaǫdeˀ,triangle
ahsęh niga:gǫ: ga:gǫgweˀdase:,three young women
ahsęh niga:ya:ge:,three bags
ahsęh nigahwihsda:ge:,three dollars
ahsęh nigahǫnaˀdage:,three potatoes
ahsęh nigętseˀda:ge:,three quarts
ahsęh niwahshę:,thirty
ahsęh niwahshę: ahsęh,thirty three
ahsęh niwahshę: degrǫˀ,thirty eight
ahsęh niwahshę: dekni:,thirty two
ahsęh niwahshę: gei:,thirty four
ahsęh niwahshę: gyohdǫ:,thirty nine
ahsęh niwahshę: hwihs,thirty five
ahsęh niwahshę: hyeiˀ,thirty six
ahsęh niwahshę: ja:dahk,thirty seven
ahsęh niwahshę: sga:t,thirty one
ahsęh niwęˀnihsgaǫ:t,it has three wheels
ahsęh niyohsiˀdage:,three feet (measurement or body part)
ahsęh niyohǫnaˀdage:,three potatoes
ahsęh niyojihsda:ge:,"three fires, lamps"
ahsęh niyoyęhsra:ge:,three blankets
ahsęh nęyo:da:ˀ,three days from now
ahsęh skaeˀ,thirteen
ahsęh wadoˀtaˀ,third
ahsǫh,"still, yet, some more; More! (Said when you want someone to finish pouring a drink.)"
ahsǫheh,night
ahsǫhehka:ˀ,night kind
ahę:ne:ˀ,they (male) thought; they left together
ahę:niˀ,they (male) said
ahęhsiˀdohai:,he did wash his feet
ahęnadahnyo:ˀ,they (male) fished
ahęnadahnyohneˀ,they (male) are / are they going fishing
ahęnadrihwahseht,they (male) hid their idea (i.e. schemed)
ahęnadę:nyoˀ,they (male) killed someone
ahęnatahiˀta:ˀ,they (male) came to a consensus; they followed their idea; now they are ready to go (referring to the Confederacy Council)
ahęnatahsrǫ:dęˀ,"they (male) carried a torch, lantern, flashlight"
ahęnatahsrǫdaˀnaˀ,they (male) went night-fishing
ahęnatgwe:niˀ,they (male) won a competition
ahęnatgwęnige:,"the big win, victory; (literally: they (male) won big)"
ahęnatǫdahsro:niˀ,they (male) pruned (literally: fixed) the trees
ahęnatǫgyaˀk,they (male) cut the bush down
ahęnatǫwanę:da:k,they (male) docked a boat
ahęnǫ:da:ˀ,they (male) put them in
ahęˀ,he said
ahęˀnigǫhoˀkdęˀ,he gave up (his will to live)
ahǫgwedanęhsgoˀ,they stole him (i.e. for another group); (literally: he was stolen)
ahǫhyagędahk,it made him work hard; he laboured
ahǫwadahgwaęhęhs,"they pawned (to him, them (male))"
ahǫwadi:gęˀ,"they or she or he saw him, them (male)"
ahǫwadi:ye:na:ˀ,"they arrested, caught him, them (male)"
ahǫwadigwe:niˀ,"they won a competition; (literally: they beat him, them (male))"
ahǫwadihnyadrę:ˀ,"they hanged him, them (male)"
ahǫwadihsaǫ:dęˀ,they committed him to the main fire (refers to sending a delegate to the Gaihwi:yo: convention)
ahǫwadihsre:ˀ,they chased or followed him
ahǫwadinǫhsǫnyęˀ,they (male) built him a house
ahǫwaditsgo:dęˀ,"they elected him, them (male)"
ahǫwadiyadahe:,they gave him an operation
ahǫwadiyaˀdagę:nye:ˀ,they raked him over the coals; (literally: they dragged him around)
ahǫwadiyaˀdęˀda:ˀ,"they burned the body, cremated him"
ahǫwadiˀdrǫˀ,they placed or elected him
ahǫwadiˀsgoˀ,"they (male) have baptized him, them (male)"
ahǫwadę:nyeht,he was sentenced; (literally: they sent him)
ahǫwagwe:niˀ,"they won, he won, she won a competition; (literally: someone beat him)"
ahǫwagye:saht,he abandoned her; he left her
ahǫwahaǫ:dǫ:ˀ,"they or she or he asked him, them (male)"
ahǫwahe:,he slashed him with a sharp instrument
ahǫwahnyaˀdrę:ˀ,he hanged him
ahǫwahseht,he robbed him
ahǫwahsi:s,he was shot by someone
ahǫwaihǫdęˀ,they delegated him a duty
ahǫwanahseht,"they robbed him, them (male)"
ahǫwanahtga:ˀ,"they released him, them (male)"
ahǫwanyoˀ,someone killed him
ahǫwatgohowanahdęˀ,"she raped, molested him"
ahǫwaę:nǫˀ,someone gave him a song
ahǫwaęnanahkwaˀ,he took his song
ahǫwaęnanhǫda:goˀ,he took over the song
ahǫwenowahsǫ:dręˀ,he's right behind him
ahǫwęda:nyoˀ,"someone beat him up, broke his spirit"
ahǫwęnahtga:ˀ,"they released him, them (male)"
ai:dwęnǫhdǫnyǫ:ˀ,we all (inclusive) should or would think about 
ajahǫhsgwa:gǫ:,in a whisper
aju!,exclamation; said when you touch something cold or hot
akda:gyeˀ,the edge; beside
akdǫhgwa:hǫh,I have a fever
ake:dę:,I feel sorry for her
ake:dę:ˀ,I felt sorry for her
akiyahtgaˀ,"we let them go, released them"
aknaˀehs,I have a stepmother
aknaˀgwaˀ,my wife
aknaˀkwęhs,something makes me angry
aknaˀkwęˀǫh,I am angry
akneganyohs,I have a hangover
akneha:gwahs,I'm always amazed
aknehagwaˀǫh,I am amazed
akneˀdraˀdanih,"I am nauseated, nauseous"
akni:kǫˀ,I have sewn
akni:yǫ:dęˀ,I did hang it up
akni:yǫ:t,I hung it up
aknigowa:nęh,we two (exclusive) are big 
aknigǫhagahe:yǫh,I am mentally exhausted
aknigǫhagahe:ˀ,my mind got beat; I'm mentally exhausted
aknigǫhahetgęˀs,"I am crying, uncontrollably"
aknigǫhake:yǫˀ,I have a tired mind
aknihnę:ye:s,we two (exclusive) are tall 
aknihsa:s,we two (exclusive) are looking for it
aknihsgoˀǫhǫ:gyeˀ,I am arriving late
aknihsrǫnyahnǫh,we two (inclusive) are making several things
akninoˀjo:t,we two (exclusive) have teeth
akniˀdreˀ,we two (exclusive) are dragging something; we are riding along
akniˀnhǫhda:grahs,"we two (exclusive), our armpits smell "
akno:shę:,I am envious
aknoˀjanǫhwa:s,I have a toothache
aknyǫhsagaˀdeˀ,I have many squash
aknę:tsaˀ,my arm
aknęhgwi:,I have moved it
aknǫda:hǫh,I have put gas in
aknǫhaˀ,I am unable
aknǫhsagaˀdeˀ,I have many houses
aknǫhsaędǫˀ,they (female or mixed group) have several houses
aknǫhsdeˀ,I value it
aknǫhso:dǫˀ,I have several houses; I have put up several houses
aknǫhso:t,I have a house
aknǫhǫkda:nih,I am sick
aknǫˀa:nǫhwa:s,I have a headache
aknǫˀa:ˀgeh,on my head
aknǫˀseh,I am lazy
akre:nęh,I did cut it
akre:ˀ,I cut it
akręˀ,I put it some place
akyędahkwa:ˀkˀah,beside the chair
akyędahkwaˀ,chair
akyędahkwaˀgeh,on the chair
akyędahkwaˀgwe:gǫh,all the chairs
akyędahkwaˀgęhę:ˀ,"former chair, it used to be a chair"
akǫˀjihneˀ,"I got dark, black (really tanned)"
akˀnigǫhahni:yǫh,I have a strong mind
akˀnigǫhaędaˀs,I understand
akˀnigǫhgahęhs,I am running out of patience; I am impatiently waiting
akˀnigǫhsa:dǫˀs,I am lonesome
anahaotraˀ,hat
ao:gaˀt,it is rough
aodihetsogoˀ,it did tricked them (animal) (frogs)
aonrahda:tgęh,rotted leaves
aoˀdrihwagyaǫ,it had an accident
asa:dwę:deht,you forfeited
asa:sdi:s,you did pay attention
asadahgwaę:ˀ,you did store it
asagyeniht,you got enough
asahdǫˀt,you lost it; you DID lose it!
asahtgehda:t,you put it on now
asajohai:,you did wash your hands
asatgahatgiht,you give dirty looks
asatgwe:niˀ,you won a competition
asatiˀyaˀk,you held a grudge
asatnętsadahgoˀ,your arm came out of its socket
ase:gęˀ,you saw it
ase:sdęht,you did take the scales off (the fish)
ase:ˀshǫ:ǫh,fresh (foods)
asehsęnǫ:niˀ,you did store it
asetsahniˀk,you are afraid
aseˀ,a vegetable
aseˀ onęhęˀ,corn (only usage for singular asé')
aseˀshǫ:ˀǫh,vegetables
ashagodigǫnyǫhs,they honoured her
ashagodihenyahnǫ:ˀ,they (non-feminine) cut up someone
ashagodihnyadrę:ˀ,they hanged her
ashagodwęnayęhdahnǫ:ˀ,"you (literally: he) really lambasted them, repeatedly hit them with words"
ashagodwęnayęht,"he lambasted, denigrated her / them"
ashagohnyaˀdrę:ˀ,he hanged her
ashagoho:wiˀ,he told her
ashagohseht,he robbed her
ashagohya:nǫ:t,he gave her fruit
ashagonyoˀ,someone killed her
ashagonǫhsǫ:niˀ,he built a house for her
ashagotgowanahdęˀ,he raped her; (literally: he forced her in a big way)
ashagotgowanahdęˀ shagoha:wahk,incest (literally: he raped his daughter)
ashagowiyanęhsgoˀ,he stole or kidnapped her child
ashe:has,you did serve her
ashegǫnyǫhs,you honoured her
ashehdehnyęht,you did flip someone over
aske:jęˀt,you cured me; you got even with me
asnaˀnaˀwęht,you wet it
asnętso:dęˀ,you put on its arm (i.e. on a doll)
asohaę:ˀ,you have attached it
asrihwaˀehs,you are blaming something
asrihwi:yohs,you became a Christian; you converted to Christianity
asęnowaę:ˀ,you are squatting
asęnˀewaˀge:,"you are really surprised, shocked"
ata:dahs,"he stopped it, prevented it"
ata:daˀ,he stood up
ata:de:niˀ,he changed something
ata:dęˀ,he took off (from the ground)
atadadi:trahk,Roll Call Chant (literally: He Picked Up The Cane)
atadihnyoda:,they (male) had the tug o' war
atadihędosga:ˀ,they (male) were pioneers 
atadiyaǫdaˀtrenahnǫ:ˀ,they made an incision in a cadaver
atadiye:naˀ,they (male) did it together (i.e. accomplices)
atadrihwa:tsˀa:ˀ,he earned it; he fulfilled it
atadrihwahęˀ,he went afoul of the law; he did something wrong
atageˀdrehdaˀehs,he hit my car
atahehdawę:nye:ˀ,"he hoed, tilled the earth"
atahyahk,he picked up the fruit
atahędiya:k,he went across the field
atatgręgręht,he frowned
atatnęhsę:dǫh,he shrugged
atatnętsi:yak,he broke his arm
ataęnade:niˀ,he changed the song
ataˀtkwaˀ,dryer
atehsehsi:nyaˀk,you broke his leg
ateˀdrehdaˀehs,I hit his car
atgadadehsˀohdahiht,I smashed my finger
atgadiye:naˀ,they (animal) did it together (i.e. accomplices)
atgaeye:naˀ,they (female or mixed group) did it together (i.e. accomplices)
atgahnyehtraˀ,"sports, games"
atgajiˀdagai:,"there was whining, crying, repetitive complaining"
atgakeyaˀdahk,I picked them up
atgatgahawęnye:ˀ,I had blurred vision
atgathnǫhsahsnyeˀ,I did clean up the house
atgatnętsi:yaˀk,I broke my arm
atgaǫ:draˀ,they (male) met
atgaǫgrihwaˀehs,they wanted a report
atgaǫtnętsi:yak,they (female or mixed group) broke their arm
atgehk,I picked something up
atgo:wę:ˀ,I split it open
atgęnatnętsi:yak,they (animal) broke their arm
atgęninyaˀgyaˀk,"I burped, belched"
atgǫhsgwaˀtraˀ,a window
atgǫhsgwaˀtraˀ ǫtgahtwahtaˀ,mirror
atkehdawęnye:ˀ,"I hoed, tilled the earth"
atnaˀgwihdraˀ,belt
atnaˀgwihdraˀ ǫdoda:taˀ,suspenders
atnaˀtsotraˀ,pants
ato:stro:k,he had a stroke
atodanihsaˀe:k,"he got cornered, up against the wall with no recourse"
atodewane:ga:ˀs,he got a flat tire
atodihwaę:daˀ,they (male) came to a decision or conclusion
atodˀidraihęˀ,they (male) hurried
atohe:t,he hollered or yelled
atohsiha:ˀs,he did choke
atoihwaę:daˀs,he came to a decision or conclusion
atowayę:ni:yaˀk,it broke his spirit
atrǫniˀdaˀ,clothes
atsa:dǫ:goht,you went across; you have completed something
atsahkyohsgwi:,you did crawl
atsatnętsi:yak,you broke your arm
atsatnętsiyaksǫh,you broke your arms
atshoˀkdǫhsraˀ,hoe
atsnǫwayęht,you have bartered
atso:gęˀ,calendar
atsokwahdaˀ,big-headed sucker
atswaˀehs,you all pierce
atsęˀnya:ˀ,you looked after it
atę:nęǫˀ,they (male) raced
atęnadraˀsroiˀa:k,they (male) tested or tried their luck
atęnahdahgwaę:ˀ,they (male) played horseshoes (a game); moccasin game
atęnahso:we:k,they put shoes on a horse
atęnatnętsi:yak,they (male) broke their arm
atǫ:wi:sę:ˀ,Seed Blessing Songs
atǫdęˀǫ:ˀ,the act of hearing
atǫwadihstoda:ˀ,"they handcuffed him, them (male)"
atǫwanyaoha:k,someone squeezed his neck
atǫwaˀęnaˀehs,he speared him with a stick
atǫwi:s,sustenance songs
awa:dǫˀ,it has become; it became
awa:sdehs,"it evaporated, dried up, boiled dry"
awa:tgęh,it got up
awa:tsˀa:ˀ,"it is worn out, all gone, burnt up; it went down to nothing"
awadadri:yoˀ,it killed itself; suicide
awadadrihwadǫˀt,suicide; (literally: someone did away with themselves)
awadadwę:deht,it (i.e. a pet) forfeited (its life)
awadagwa:s,it got bruised
awadahyoˀkdęˀ,"the berries have run out, they are no more"
awadahǫ:dǫ:ˀ,it asked
awadahǫhdohai:ˀ,it washed its ears
awadanukdanǫ:,Medicine Dance (Seneca)
awadedrehdagahatoˀ,a vehicle was turned over
awadehsiyo:goˀ,it frayed
awadehstoˀdręht,it moulted
awadejiˀohgyak,it did cut its nails
awadeteˀtra:,it did powder itself
awadetgiht,"it was bad weather, stormy"
awadewa:dahgoˀ,it deflated
awadoˀkdęˀ,it has ended; the end
awadratsǫ:,"it got torn, ripped"
awadrihgwahdǫˀ,an eclipse( took place); (literally: the moon got lost)
awadriho:dęˀ,Northern Lights
awadrihwagyaǫˀ,there was an accident
awadrihwahdǫˀ,"it died out, faded away (an idea)"
awadręnǫ:niˀ,it made a song
awadwęno:dęˀ,"it did bay, howl"
awadęhnidoˀkdęˀ,end of the moon; last quarter
awadˀǫne:k,it did move away
awagyadawihsiˀ,it shed its skin (a snake)
awagyaˀdohai:ˀ,it washed its body
awahdo:k,it sprouted
awahdęgoh,it swelled up
awahdǫ:,a loss
awahetgeˀ,it got no good
awahsgˀędro:dę:ˀ,it got mouldy; it got rusty
awahstwaht,it shrank
awahstwaˀ,it shrank it
awahtgaˀ,it let go
awahyai:,it ripened
awahyę:daˀ,the berry season is over
awahyęht,it knocked the fruit down
awahyęˀ,fruit fell down
awahyǫ:dęˀ,"the fruit is coming on, is setting"
awatehgyaˀk,it did erode
awatgahiˀt,it played with it
awatgwe:niˀ,it won a competition
awatgęˀę:k,"a flash, glimpse"
awathnegęˀgoˀ,water rose or swelled
awatsihsę:ˀ,it ripe(ned) for harvesting
awatsihsˀa:ˀ,it did mature (as in plants); it completed its life-cycle
awatwaˀehs,it stayed there (i.e. a stray dog)
awatęhdaęˀt,they shed their fur
awatǫgai:,it did stiffen up
awayǫ:gyǫ:,"it is drizzling; misty rain, fine rain"
awaˀgrana:węˀ,the snow melted
awaˀgranęhtge:,avalanche (of snow)
awe:tˀa:ˀ agihe:yǫ:,I'm pretending I am dead
awędęnawę,it got wet
awęheˀgo:wah,eagle
awęhnodǫˀ,flood; it flooded
awęhoˀdaˀ,sweet flag
awęhsga:ˀ,"it took off fast (i.e. a car, a dog)"
awęhsiˀdohai:,it washed its feet
awęhęˀ,flower
awęhęˀshǫ:ˀǫh,"a variety of flowers, plants"
awęnahoˀdę:,soft kind words
awęnihna:do:k,it sensed something
awęnohgraˀ,weeds
awęnowaę:ˀ,it sank
awęyǫhsaˀ,heart
awęˀ,it is said
awęˀhę:gyeh,"let it go, release it! (short form of hvgyctslf)"
awęˀnahsaˀ,tongue
awęˀyohga:ˀ,thumb
awęˀyǫhga:yęht,one minute
awˀagranhohsro:dęˀ,it piled snow there
aǫ:dagiˀdrǫ:daˀk,I should have stayed at home
aǫ:hę:ˀęh,the most
aǫ:t,it is attached; it is sticking out
aǫdahǫhdohai:ˀ,she did wash her ears
aǫdatgwe:niˀ,she won a competition
aǫdatgę:,dead tree
aǫdejiˀohgyak,she did cut her nails
aǫdeteˀtra:,she did powder herself
aǫgohdǫh,"exceptional, above average; too much"
aǫgohdǫh one:nǫˀ,it is exceptionally hot (weather)
aǫgohdǫˀ ohdrǫhk,it is extremely dangerous
aǫgohsrǫ:t,"pocket, kangaroo"
aǫgwanhiˀk,we all made a mistake
aǫgęhsrǫ:t,"pocket, kangaroo"
aǫhkwat,it is itchy
aǫhnyagǫ:,in the river flats
aǫhsiˀdohai:,she did wash her feet
aǫhyagę:t,light blue
aǫhyaę:ˀ,blue
aǫhyaętraji:,"dark blue, purple"
aǫhę:ˀęh otahyǫ:ni:,one lone wolf
aǫyędehteˀ,it emerged unintentionally
aǫˀwe:saht,"a happy, glad feeling, pleasant"
aǫˀwe:sęh,it is enjoyable; a good feeling
aǫˀwe:sęht,it is enjoyable; a good feeling
aǫˀwesah,it is enjoyable; a good feeling
aǫˀwesaht,it is enjoyable; a good feeling
aˀa:go:dǫˀs,it did benefit her
aˀa:gęˀ,she did say
aˀagodineha:goˀ,they (female or mixed group) were amazed or surprised
aˀagodǫhsweˀdęˀge:ˀ,there was a big famine
aˀagoneha:goˀ,she was amazed or surprised
aˀagono:drahs,"she got chicken pox, a skin infection, allergic reactions; she became infected"
aˀagǫ:da:,she put it in a container
aˀagǫ:niˀ,"how much she made, earned"
aˀe:gęˀ,she saw
aˀe:yǫˀ,she arrived
aˀedagraˀ,she fell down
aˀeganyaˀk,she paid
aˀehni:nǫˀ,she purchased
aˀehędaę:ˀ,she won the throw (when all the stones come up the same)
aˀehędaędǫnyǫ:ˀ,"she or someone won the throw repeatedly, one right after the other; (refers to a betting game)"
aˀenaˀna:węht,she wet it
aˀesahi:yaˀk,she got your goat
aˀesaˀnigǫhoda:goˀ,"she bested your mind, bewitched you"
aˀetigwe:niˀ,we won a competition
aˀetsigwe:niˀ,you won a competition
aˀewayę:nę:daˀ,she finished
aˀgodrihwagyaǫ:,she had an accident
aˀgonadrihwaˀgyaǫ,they (female or mixed group) had an accident
aˀknǫwa:k,I did get hungry for it
aˀkręˀda:,I did burn it
aˀo:daˀ,it slept
aˀo:de:k,it did burn
aˀo:gęˀ,it saw it
aˀo:tgęh,"it became spoiled, rotten"
aˀogahgwęˀdrǫ:diˀ,it snowed
aˀogahojade:k,the grass burned; a grass fire
aˀohada:de:k,the forest burned
aˀohdaˀ,it (animal) got full (finished eating)
aˀohnaˀde:k,the oil burned
aˀohsdagwaę:,it got dirty or soiled
aˀonadrihwagyaoˀ,they (animal) had an accident 
aˀonhiˀk,it was a mistake; accidental
aˀonǫhsa:de:k,the house burned
aˀosdaǫdiˀ,it rained
aˀotga:i:,it made a noise
aˀotsihsdęh,it got numb
aˀowaˀnę:da:ˀ,it is stuck
aˀowaˀnę:da:ˀk,it is stuck
aˀoˀdrehdaˀde:k,the car did burn
aˀoˀgwa:t,it dug
aˀtgęnętsaǫ:nyǫ:ˀ,I waved my arms
aˀwęniˀde:niˀ,it farted
aˀǫdadahǫ:dǫ:ˀ,she asked her
aˀǫdahaǫ:dǫ:ˀ,she asked
aˀǫdawęˀneˀ,she is / is she going swimming
aˀǫdehęˀǫhs,she became a widow
aˀǫdoihsręht,she did breathe (i.e. when she was born)
aˀǫdowihshę:ˀ,she rested 
aˀǫdowihsręht,she did breathe (i.e. when she was born)
aˀǫdręno:niˀ,she made a song
aˀǫdęnaˀtragwahaˀ,she went after groceries
aˀǫge:gęˀ,she might see me
aˀǫgwaˀhnye:nęˀs,we all are experiencing the passing of a chief
aˀǫhwęjęˀ,landslide
aˀǫhǫda:de:k,the brush burned
aˀǫkinę:tsa:ˀ,a nation-to-nation invitation (preceded by a speech; high language)
aˀǫnagra:t,birth; (literally: someone was born)
aˀǫnihshe:ˀah,a short duration
aˀǫniˀde:niˀ,she farted
aˀǫtahitaˀ,she went on the heavenly road (refers to a woman who is done with this world)
aˀǫtehtgęht,"someone turned funny (moody, etc.)"
aˀǫtgwe:niˀ,she won a competition
aˀǫtsohih,she bit it
aˀǫtwaˀehs,she is a transient
da,here; does not occur alone
da gwa:dih,"over here, this side here"
da:,here
da: hǫweh,this is where
da: ne:ˀ,that it
da: ne:ˀ hniˀ,that also
da: ne:ˀ o:nęh,and now that
da: neˀ toh,that is all
da: nę:dah,now this also
da: onęh,and now
da:gatnę:tsi:yaˀk,I might break my arm
da:gaǫ:węhda:t,they (female or mixed group) might run
da:geˀ,I am coming
da:gu:s,cat
da:ha:dahs,he would try and stop something
da:yagwaˀęnaę:ˀ,we all (exclusive) would play snowsnake
dadra:tęh,climb (over here)!
daga:di:yoˀ,they (animal) came in
daga:gwi:tgęˀ,sunrise; the sun did rise
dagahwajiyada:gyeˀ,they (literally: it) come(singular) from the same family line
dagayagęhdahk,it came out (suddenly)
dagenętsǫˀne:k,I withdrew my arm (i.e. withdrew my support)
dago:s,cat
dagu:jih,kitten
dagu:s gadinrahda:s,catnip
dagu:sgo:wah,big cat; tiger
dagę:neˀ,they (animal) are coming
daha:di:yǫˀ,they (male) came in
dahahaha:ˀ,he came onto the road back there
dahonadręnoda:gyeˀ,they (male) are singing as they are approaching
dahęhsga:ˀ,he squealed out; took off abruptly
dahǫwakyędahkwahagwaht,someone knocked him out of his chair
dajǫh,come in!
dakshae:ˀdohs,chicken
dakshaeˀdohs ganyo:ˀ oˀwahǫh,pheasant meat
dakshaeˀdohs odinǫhso:t,chicken coop
dakshaeˀdohs oˀwahǫh,chicken meat
dakshaeˀdohsgeha:ˀ,Chicken Dance
dao:dogęhe:gyęˀ,it sprouted
dao:gyeˀ,"it is coming, floating along (in the water)"
dao:sawa:gyeˀ,it is beginning or starting
daoˀgahneˀ,early night is coming
dasa:snęht,"come on down!, get down from there!"
dasadenyę:dęhs,copy! compare!
dasahtgaˀ,you donated
dasatsohih,you (singular) bite!
dase:gri:k,"wrinkle, fan-fold!"
dasgaowęˀ,"Tuscarora people; Tuscarora, New York (near Lewiston) (literally: place of split stone)"
dasge:gai:,you bite me! (take a bite)
dasgehsweˀna:ge:t,scratch my back!
dasgi:dę:,pity me
dasgǫh,give it to me
dasha:,bring it here
dashagonǫhtwahs,he forced her
daskrǫhwaˀs,you wait for me
dasra:tęh,climb (over here)!
dasrihwaˀek,you insisted
dasǫˀne:k,you subtract!
datsę:na:,you (singular) grab it!
dawa:dra:goˀ,it chose
dawa:gyę:t,the first one or beginner
dawa:tgri:k,"it pulled back, flinched, shrank"
dawadajihsdęht,there was a mud slide
dawadokdahs,it lacks; it is not enough
dawadokdęˀ,it lacked; it was not enough
dawadoˀne:k,it moved away
dawadrihwagyaǫ:ˀ,there was an accident over there
dawadˀasęht,it swooped down
dawatehtgęht,it went bad
dawathnegęˀgwaht,tidal wave
dawaˀsęˀ,"it dropped, reduced"
dawę:do:dęˀ,"dawn, daybreak"
dawę:nǫhk,sudden; all of a sudden
dawędaętaˀ,morning star
dawęhnihsraędǫ:gyeˀ,the coming days
dawęhsga:ˀ,it took off from over there
deagǫnhe:gyeˀ,she was stillborn; she came to be not living
dedesadoda:hdanih,it trips you all the time
dedisaˀnigǫhi:yo:,"you are grumpy, grouchy, not happy"
dedwa:ye:na:,"let's work together, help each other"
dedwadagyenawahs,let us all (inclusive) help each other
dedwadehsa:s,we are looking for mates
dedwahsawe:haˀ,to restart
dedwanętsa:kˀah,"we all (inclusive), our arms are short"
dedwanętse:s,let's make our (inclusive) arms long
dedwanętsu:ˀuh,we all (inclusive) have small arms
dedwanǫhǫhkwaˀ,we all (inclusive) refer to it as
dedwatgawęh,to replace (literally: it has been re-given)
dedwayenawaˀkǫˀ,we all (inclusive) are working united for one cause
dedwayenawˀakǫ:,let's work together)
dega:de:s ahdahgwaˀ,high-heel shoes
dega:dęhs,"airplane; it flies, goes up in the air"
dega:kgyaˀs,parrot
dega:ni:yǫ:t,it is not hung up
dega:yęˀ,"gambling, wagering"
degadahstaˀ,glottal stop
degadidahstaˀ,"stable, barn, bus stop"
degadidęhsdahkwaˀ,stable
degadihsinu:sˀuh,they (animal) have two small legs
degadinę:tse:s,their (animal) arm is long
degadinętsa:kˀah,their (animal) arm is short
degadinętsu:ˀuh,they (animal) have small arms
degadiyahshe:,two of them; they (animal) are two)
degadiyenawaˀkǫˀ,they (animal) are accomplices
degadodaishǫhs,I am combing my hair
degadogwahtaˀ,I scatter something
degadoha:gǫh,it has been squeezed
degadrehda:ge:,two cars
degadrehdahkwaˀ,"jack, tow truck, hoist"
degadęhnǫ:de:ˀ,my sibling
degadęhnǫ:drǫˀ,my siblings
degae:jaǫ:,both of them (female or mixed group)
degae:kęh,"twin girls, twin boy and girl"
degae:wa:yǫ:t,angels
degaehsinu:sˀuh,they (female or mixed group) two small legs
degaenę:tse:s,their (female or mixed group) arm is long
degaenętsa:kˀah,their (female or mixed group) arm is short
degaenętsu:ˀuh,they (female or mixed group) have small arms
degaeyahshe:,two women; they (female or mixed group) are two
degaeyaˀdowehtaˀ,they (female or mixed group) are thinkers (seers)
degagahgwe:gǫh,it is blind
degagwatwęh,hem
degagǫdǫdǫhgǫh,water root (medicine)
degagǫˀtra:ge:,two pounds
degahehdahihdǫh,land that is disced or worked
degahehdawęnyeh,cultivator
degahehnoha:s,bailer
degahgwataˀ,it upholds or raises up things
degahgǫnhniˀgǫh,the leader of equal standing
degahihdǫh,to smash something into tiny pieces
degahihtaˀ,grinder or cutter
degahiˀs,"it breaks, it is breakable"
degahji:yohs,I am scratching
degahjiyohaˀ,I am scratching
degahnane:t,"lining, insulated wall"
degahnegahkwaˀ,water spout
degahnegayehsdǫh ǫhsǫhtaˀ,"water colours, paint"
degahnegǫgohdǫh,water (that is) being strained
degahneˀka:ˀ,a dam
degahnyohsra:dǫˀ gadinho:dǫh,caged animals
degahnyǫhsradeˀ,iron beams; prison
degahsdęhe:s,a high mountain
degahsdęhędagyeˀ,escarpment
degahsi:nǫ:t,kettle (literally: it has legs attached)
degahsiǫˀtrage:,a quarter; 25 cents 
degahsnaˀdowanęˀs,meadow lark
degahsnyeˀǫ:ˀ,it cleans up
degahsnyeˀǫ:ˀ hohsdihsdǫh,he is a maintenance director
degahsowa:kęh,two wires
degahstę:doˀ,foundation
degahstęhodagyeˀ,"mountain range, the Rockies"
degahstǫdroha:s,"bailer (for hay, straw)"
degahswaˀne:t,pie
degahswaˀne:t ǫtnaˀdaǫ:dahkwaˀ,pie plate
degahsęhtwahs,I am crying
degahsęnaˀse:ˀ,a surname
degahsǫwahkda:kdǫ:,a hook; (literally: a crooked nail)
degahwihsda:ge:,two dollars
degahęhjiˀdahǫh,Hallowe'en witch
degahęnaˀtraˀse:ˀ,scissors
degahǫh,marsh crane; (literally: it leans; referring to its legs); a bar; a barrier
degahǫhsra:ge:,two boxes
degahǫjihsdayehsdǫh,Black people of mixed blood
degahǫˀ,"something is lying across a path, a door, etc."
degaiho:węhs,computer
degaihsdiˀdrahǫh,boundary
degaihsdo:ha:s,typewriter
degaihsdodahǫh,chain
degaihstoha:gǫh,newspaper
degaihwage:nhęh,there is an argument
degaihwakahǫˀ,alliance
degaihwateˀtaˀ,dictionary
degaihwaędaˀs,consensus
degaiyahsǫtaˀ,Catholics; nuns; (literally: they (female or mixed group) cross themselves)
degaiˀęho:t,it is piled up
degajihgwahihdǫh,mashed beans
degajihsdage:,two lamps
degajihsdoˀgwaǫt,knot
degajihsgwahihdǫh,it is smashed or mashed
degajiˀda:ga:,"a whiner, cryer"
degajiˀehde:s,claw
degajǫˀda:ge:,two fish
degakahsǫ:,division; it is separated
degaksagę:drǫhs,it scrapes dishes
degakwahihtaˀ,food processor
deganahsǫ:dǫˀ,many things are joined together (i.e. a train)
deganehsdadǫˀ,board fence
deganiyǫ:daˀk,it was never hung up
deganohsǫ:taˀ,particle (literally: joiners)
deganoˀja:ga:,grinding or rattling teeth
deganreˀo:gęˀ,swallow (bird)
deganyahe:ˀ,collar
deganyoda:ge: ganyoˀdowa:nęh,two tablespoons
deganyǫhsradǫh,bars on a window
deganętsa:kˀah,its arm is short
deganętse:s,its arm is long; it has long arms
deganętsu:ˀuh,it has small arms
deganǫhsǫ:taˀ,stapler 
deganǫnyaę:hęˀ,it does not freeze
degatnǫhsahsnyeh,I am cleaning up the house
degatnǫhsahsnyeˀs,I am always cleaning my house; I'm a housecleaner
degatsǫˀda:ge:,two fish
degawa:da:sehs,tornado
degawada:sehs dega:dęh,helicopter
degawadenyǫhs,season
degawidragędrǫ:,skimmed milk
degawidragędrǫhs,cream separator
degawęna:ge:,bilingualism
degawęnyeh,I stir all the time
degayahsǫ:t,a cross
degayaǫ:ˀ,it is beaded
degayehsdahnǫˀ,"mixture; mixed together to make it good (i.e. herbs, spices, etc.)"
degayęgyaˀs,it cuts wood
degayˀadahkwaˀ,hen hawk
degayˀaksǫˀ,it is broken
degayˀase:ˀ,it is doubled up
degaǫ:dagyaˀdahgwataˀ,they (female or mixed group) are doing push ups
degaǫ:dohda:s,they (female or mixed group) are janitors
degaǫ:doˀjinehtaˀ,they (female or mixed group) figure-skate
degaǫ:draˀs,they (female or mixed group) meet all the time
degaǫ:gehgahne:ˀ,they are looking at me
degaǫ:naˀsgwahkwaˀ,they (female or mixed group) are jumping
degaǫ:węhda:s,they (female or mixed group) run
degaǫda:dǫˀ ganǫhso:t,log house
degaǫdahǫh,beam
degaǫdohda:s,"they (female or mixed group) tidy up; they are maids, housecleaners"
degaǫdohda:s ohędǫ:,maintenance director
degaǫhyakahne:ˀ,stream crane
degaˀahdra:ge:,two baskets
degaˀnahgwa:ge:,double marriage
degaˀnahgwahshę:,"twenty wives, twenty marriages"
degaˀnhǫhsayehsdǫh ,cake pan
degaˀnhǫhsayehsdǫh ǫtnaˀdaǫ:dahkwaˀ,cake pan
degaˀnigǫhade:nyǫhs,alcoholic beverages (literally: mind-altering substance)
degaˀnigǫhdę:dǫhs,dinosaurs
degaˀnǫ:dǫ:t,alligator
degaˀnǫdǫtgeha:ˀ,Alligator Dance
degaˀsgwa:dǫˀ,rocks piled in an arrangement
degaˀswe:gǫh,I am deaf
degaˀswe:s,I am getting deaf
degaˀwahahihdǫh,hamburger
degehsęnaę:di:,I do not know its name
degekahsǫhs,I divide it
degenaha:we:nyeˀ,I am crazy
degenętse:s,my arms are long
degenętsha:kˀah,my arms are short
degenętso:wa:neˀs,I have big arms
degonohsgwihs,I am sweeping
degriyaˀgǫˀ,buffalo
degrǫˀ,eight
degrǫˀ naˀdewˀęnya:wˀe:,eight hundred
degrǫˀ niwahshę:,eighty
degrǫˀ niwahshę: ahsęh,eighty three
degrǫˀ niwahshę: degrǫˀ,eighty eight
degrǫˀ niwahshę: dekni:,eighty two
degrǫˀ niwahshę: gei:,eighty four
degrǫˀ niwahshę: gyohdǫ:,eighty nine
degrǫˀ niwahshę: hwihs,eighty five
degrǫˀ niwahshę: hyeiˀ,eighty six
degrǫˀ niwahshę: ja:dahk,eighty seven
degrǫˀ niwahshę: sga:t,eighty one
degrǫˀ sgaeˀ niwęˀnihsgaǫ:t,it has eighteen wheels
degrǫˀ skaeˀ,eighteen
degrǫˀskaeˀ niwęˀnihsgaǫ:t ganęhgwih,transport truck
degyahdihęh,we two are different
degyohsa:ˀ,it has resumed
degyoˀnigǫhiyohsdę:ˀ,it is discontent
degyǫtgęnyaˀtaˀgeh,fairgrounds
degęgyogwanhahsdǫh,Circle of Life (a wampum representing the Confederacy)
degęhnakahǫˀ,quilt
degęnadraˀs,they (animal) meet (all the time)
degęnanaˀsgwahkwaˀ,they (animal) are jumpers
degęnaǫ:haˀ,they (animal) are racers
degętsǫˀda:ge:,two fish
degęˀdrǫ:daˀs,it lands there all the time
degęˀnigohogwahs,I am broken-hearted; (literally: my mind is scattered)
deha:dum deho:dum,he is stupid
dehadi:hwahkwaˀ,a choir; (literally: they (male) are gospel singers)
dehadihsnye:gyeˀs,they (male) look after all
dehadihsta:teˀdahkwaˀ,wax for sticks; (literally: what they (male) use to shine)
dehadihwagenhas,they (male) are lawyers
dehadihędiyaˀs,they (male) cut across fields
dehadihędiyaˀs dehęnaǫ:haˀ,cross-country meet
dehadijihgwaˀehs,they (male) punch it
dehadikęh,twin boys
dehadinę:tse:s,their (male) arm is long
dehadinęhę:hęˀ,they (male) are guards
dehadinęhęda:s,they (male) are guards; they are participants in a work-bee
dehadinęhęda:s honadrihwahsehdǫh ohwęjaę:dǫ:nyǫˀ,"intelligence agency, spy agency"
dehadinętsa:kˀah,their (male) arm is short
dehadinętsu:ˀuh,they (male) have small arms
dehadiyadowehtaˀ,"they (male) are fortune tellers, thinkers; they (male) tell fortunes"
dehadiyahshe:,two males; they (male) are two)
dehadiyahsǫtaˀ,Catholics; (literally: they (male) cross themselves)
dehadiyaǫˀdahsnyehaˀgeh,a morgue; (literally: where they (male) take care of the cadaver)
dehadiyaǫˀdatręnyahnǫˀ,they (male) made an incision in a cadaver
dehadodai:shǫhs,he is combing his hair
dehadwęnadęnyǫhs,he is reaching puberty; (literally: his voice is changing)
dehagahgwe:gǫh,he is blind
dehagǫhstwęˀo:t,he has a beard
dehaheyǫˀdahsnyehaˀ,he is a funeral director
dehahsgwaowanęˀs,he has big rocks (i.e. is well-endowed)
dehahsęnaˀse:ˀ,his surname
dehaihwagenhahs,he is a lawyer
dehaihwaętwahs,he brings forth the message all the time
dehanahsgwe:s,he jumps far horizontally
dehanahsgwe:soˀs,he jumps high
dehanętsa:kˀah,his arm is short
dehanętse:s,his arm is long
dehanętsu:ˀuh,he has small arms
dehatganyahs,"he is desperate, desperately wanting something; in dire need; he will settle for just anyone (i.e. a mate)"
dehatwaji:yǫ:nih,he is barren
dehawęnadenyeˀs,he is a translator
dehayadowehtaˀ,"he is a fortune teller, seer, thinker"
dehaˀnhǫhstǫ:t,his testicles; (literally: where the sperm is)
dehaˀnigǫha:haˀ,"he is a nuisance, a bother"
dehaˀswe:gǫh,he is deaf
dehaˀęnaę:hęˀ,he is a snowsnake player
dehenagya:dadǫhs,circus 
dehkǫnyataˀ,dining hall
deho:di:yǫ:t,he is stretching it
deho:nuts,he is crazy (slang)
dehodi:hwahtsˀa:ˀ,"they are earning, fulfilling it"
dehodi:hwaędaˀseh,coalition (literally: they come to one mind)
dehodi:yęˀ,"they (male) are gambling, betting"
dehodi:yęˀ dehadiyęhdahkwaˀ,"they (male) are playing a game (dominoes, scrabble, etc.)"
dehodinęhę:deˀ,they (male) are already guarding
dehodinęhę:ˀ,they (male) are guarding something (i.e. strikers); security guards
dehohedahneˀ,he is going along hollering
dehohetaˀ,he is hollering
dehohgwadǫh,he is lifting it up
dehohsgyęnaˀgyagǫh,he is pale
dehohtgręgręhdǫh,he is frowning
dehoi:hwaneˀagǫh,he is sinless
dehoihwado:gę:,he is a traitor
dehojitsgri:,he has curly hair
dehonadetgwęhsayehsdǫh,Metis; (literally: they (male) have mixed blood)
dehonadraˀǫh,they (male) are meeting right now
dehonagyehsdǫh,they (male) form a corporation
dehonatgę:nyǫ:,they (male) compete
dehonaǫ:gyeˀ,they (male) are racing along
dehonęhsoweksǫˀ,they (male) have their shoes on
dehonęhę:ˀ,he is a guard
dehonǫdanhęh,he is innocent
dehotgahahęh,he has masked eyes
dehotganyęh,he is really desperate
dehotganyǫhsgǫ:,he is desperate
dehotgehi:,his hair is tangled
dehowayęnheˀsgǫ:,he has difficulty learning
dehowę:sǫ:,he has the shoes on
dehoyaˀdahgwęh,it picked him up (bodily)
dehoˀdai:ˀ,he got dirty (i.e. covered with manure)
dehoˀdraihęhs,he is impatient; he is in a hurry
dehoˀdrǫ:daˀǫh,he has landed
dehoˀnigǫha:gǫ:t,he is set in his ways; his mind is set
dehoˀnigǫha:t,"he is ignorant, unthinkingly foolish"
dehęgwis,Harvest Dance
dehęnada:gye:nahs,wrestlers; they (male) are wrestling 
dehęnadatgǫhe:s,boxers; they (male) are boxing
dehęnadelagę:nyohs,they are doing nothing (slang) (literally: they are comparing penis sizes; partial loan word from Mohawk)
dehęnadeˀdragę:nyǫhs,archery; (literally: they (male) are competing)
dehęnadoˀjinehtaˀ,they (male) are skating
dehęnadǫhwihsdade:nyǫhs,a stock exchange; stock market; the Dow Jones; theTSE; etc.; (literally: where they (male) exchange money)
dehęnadǫtsotaˀ,they (male) pray on their knees
dehęnagya:dǫhs,circus; (literally: they (male) put up tents)
dehęnahdaędahkwaˀ,the game of horseshoes
dehęnahsgwahk,they (male) will jump
dehęnatahahkwaˀ gahnyǫˀǫhsraˀgeh,they (male) are ironworkers; (literally: they walk on the iron)
dehęnatgwahneˀ,they (male) are going to dance
dehęnatkwaˀ,they dance
dehęnatnǫyagę:nyeˀs,a pow wow; (literally: they (male) perform competition dancing)
dehęnaǫ:haˀ,they (male) race; they are racing (right now)
dehęnaˀtwihsdagę:nyǫhs watgehǫˀ,an auction
dehęnędadawihs,"trades, commerce, barter"
dehęnǫhwęjahsnyeˀ,land preservation; land conservation; (literally: they (male) look after the land)
dehęnˀęnaę:hęˀ,they (male) are snowsnake players
dehęˀdawę:nyeˀ,he is a shit-disturber
dehǫwadidenyeˀs,citizenship (literally: they (male) change them (male))
dehǫwadidenyeˀs tsęh nihonǫhwęjoˀdę:,citizenship (literally: they change their nation)
dehǫwadihstodahkwaˀ,handcuffs
deja:go:yǫ:,she did not return
dejagǫhwihsra:t,she no longer has breath; she's dead
dejaǫ:,both (of you two)
dejidwayę:di:,we all (inclusive) do not know any longer
dejonˀaˀgo:wahs,it has no spirit of life
dekdahs,I stopped something
dekdaˀs,I stop here (whenever...)
dekenǫhǫkwaˀ,she who I revere as…
dekni hęwa:dra:s,twice
dekni wadǫˀtaˀ,second
dekni:,two
dekni: dewęˀnihsga:ǫt wadadeˀdreˀs,motorcycle
dekni: dewęˀnihsgaǫ:t,bicycle; it has two wheels
dekni: dewęˀnyˀawˀe:,two hundred
dekni: skaeˀ,twelve
deknihshoˀ tsaˀde:yǫ:s,"rectangle, oblong"
dekninętse:s,"we two (inclusive), our arm is long"
deknę:tse:s,my arm is long
deknętsa:kˀah degenętsa:kˀah,my arm is short
desa:tǫ:da:s,you are disobedient
desadadehsnyeh,tidy up! groom yourself! prepare yourself mentally!
desadagye:na:,you (singular) wrestle!
desadawę:nyeˀ,you are walking about
desadehsno:wa:t,hurry up!
desadesmaek,you (singular) smack your lips!
desadeswaht,you (singular) smell!
desadodai:siˀ,you comb your hair
desadogwahdǫh,you have distributed it
desadohda:,clean up!
desadohdahsǫ:,clean up your surroundings
desadrihsdane:ga:ˀ,you (singular) scream! (literally: split your voice)
desadrihsdanegahs,you burst out screaming or crying all the time
desadrihsdanegaǫhs,you are bursting out screaming or crying right now
desadęhtsˀǫh,you've earned or deserve it; you've paid your dues
desadęhǫgai:s,you suffer all the time
desadętsˀahs,"your salary, what you make"
desadǫhwęjonihsgǫ:,you always want something
desadǫtga:deˀ,you are not happy
desahdihęh,you are different
desahji:yo:,you (singular) scratch!
desahjiyohsrǫ:,you (singular) really scratch!
desahkyohsgwi:,you crawl!
desahsagaˀwęh,"you yawn, gasp!"
desahsagwahtaˀ,you are yawning
desahsawęh,you begin! you start!
desahsga:nye:,you (singular) shuffle!
desahsgyęnaˀgyagǫh,"you are pale, ashen"
desahsigyaˀksgǫ:,"you are always stumbling, tripping, stubbing your toe; you are a klutz"
desahsihaˀs,you are choking
desahsǫdre:haˀ,you join things together all the time; you do puzzles
desahsǫdręh,you join it!
desahsǫhdre:hahk,"you used to join things together, put it together"
desahyahiht,"you (singular) dice, cut, mash, etc. the fruit"
desahyahit,cut up fruit
desaihwaędaˀs,you decide
desanętsa:kdǫ:,"your arms are bent, crooked"
desanǫhya:niˀs,you're stingy (you do not want to share)
desatgaha:de:nih,you (singular) turn around!
desatgahadenyǫgwahǫ:,you (singular) twirl!
desatgahdǫ:nyǫhs,you are looking around
desatgeˀi:ˀ,you have tangled hair
desatgeˀo:gwęh,"you have rumpled hair, ruffled hair"
desatgręgręht,you frown!
desatgwiˀaek,you (singular) wink!
desatgǫhsagri:,"you (singular) wrinkle up your face, smirk!"
desathnigǫhahdo:gęh,you are immature in mind
desathnǫhweˀtsoda:gyeˀ,you are going along doing handstands
desatnoˀja:ga:,you (singular) grind your teeth!
desatnętsaˀdręˀ,you put your arms together
desatnǫˀaędǫh,"you (singular) nod, shake your head"
desatsai:deˀs,you are a freeloader
desatsaide:,you (singular) beg!
desatsaˀge:t,you (singular) bend forwards!
desatsgahǫ:,you (singular) chew!
desatsina:kdǫ:,"your legs are bent, crooked"
desatsinaˀdręˀ,you put your legs together
desatweˀnǫnihs,you make it round
desawęnye:ˀ,"beat, mix, stir!"
desayaˀdodrǫhgwaǫhǫˀ,"you twitch all the time, you are a twitcher"
desayaˀdę:dǫh,you will shake (your body)
desaˀdraihęh,hurry
desaˀdraihęhs,you are in a hurry
desaˀdraihęhsdahneˀ,you are going along in a hurry
desaˀdraihęhsgǫ:,you are always in a hurry
desaˀdre:,drive over here
desaˀjidoha:k,"you (singular) pinch, squeeze it!"
desaˀnigǫha:gǫ:t,you persevere; you're mind is set (and cannot be swayed)
desaˀnigǫha:t,you are stupid; foolish
desaˀnigǫhado:gę:,"you cannot decide which way to go, you are flighty"
desaˀnigǫhęhdǫh,you are sad
desaˀnyǫhswahaˀt,you can't keep your hands off; you're nosy
desaˀthnegogwaht,you spread water around
desaˀtsǫhstahk,"you have sneezed, you were sneezing"
desdahs,stop it!
desdaˀ,"stand up, stop!"
desegahade:nih,turn it on (involves movement)
desegahǫˀji:,you have a black eye
desehenaˀtraˀehstaˀ,you stab it repeatedly
desehkahsǫgwahǫ:,you divide them (several objects) up into categories
desehkahǫ:,"you match or pair things up (puzzle pieces, socks)"
desehsina:kˀah,you have short legs
desehsine:sǫˀs,you have long legs
desejiehde:s desejiohde:s,you have long fingernails
desejihsdawę:nye:,stoke the fire
desejihsdǫgwaǫdęh,tie a knot!
desekdaˀe:k,shell them! hit the shell!
desenętse:s,stretch out your arms; reach
desenętsǫˀne:k,"remove your arms (i.e. retract them); also, remove your support"
deseyodai:si:ˀ,you comb her hair
deseˀdraihaˀt,"you rush something, hurry something up"
deseˀnya:ˀ,you look after it (all the time)
desga:ni:yǫ:t,it is not hanging there any more
desga:yęˀ,there is none
desgahe:ˀ,Not Sitting On It Any Longer (Cayuga Chief Title)
desgahsdi:staˀ,I no longer pay attention
desganagreˀ,it is rare
desganǫˀa:ga:,a head banging
desgayaǫ:da:ˀ,it is an imitation of something; it is similar; it is almost the same
desgayaǫˀdaˀ,a facsimilie
desgwęˀnya:ˀ,you who watch over us
desgę:ne:s,it is extinct
deshagodihwage:nhahs,they argue for us
deshagodiyaˀdowehtaˀ,a jury; (literally: they (non-feminine) decide)
deshagodrǫˀwehstaˀ,he abuses someone
deshagonigǫha:haˀ tsǫ:,live-in; (literally: he's just bothering her)
deshagonigǫhagęnyǫhs,he intimidates people all the time
deshayaˀdaˀnigǫha:t,you are a nuisance
deshedwanǫhǫhkwaˀ,we refer to him as
desheˀnigǫhawę:nye:ˀ,entertain her/them!
deshoihwaętwęh,he is bringing forth the message right now
desknigǫha:haˀ,you are annoying me
desnegayehs,dilute it with water!
desninętsa:kˀah,your (two) arm is short
desninętse:s,your (two) arm is long
desninętsu:ˀuh,you two have small arms
desnoˀje:s,your tooth is long
desnę:tse:s,your arm is long
desnętsa:kˀah,your arm is short
desnętsu:ˀuh,you have small arms
desnǫhweˀs,you dislike
desnǫwayęhtaˀ,you are a bargainer
deso:wę:,halve it!
desriht,grind!
desrihwanǫhweˀs,you disapprove
desręˀhodęˀ,you stack things up
destoha:k,squeeze!
deswahsęnaˀse:ˀ,"your (plural) surname, family name; (literally: your (plural) double name or joiner name)"
deswatnętsaˀdrǫˀ,you all have your arms crossed
deswatsinaˀdrǫˀ,you all have your legs crossed
deswaˀdraihęh,you all hurry up
deswaˀehstaˀ,you all are poking
deswęnǫhsakahǫˀ,your neighbour
deswęˀnya:ˀ,you all who look after it
desyaǫhaˀ,you are beading
desyaˀdo:weht degayˀadohdǫ:ˀ,you will weigh
desyi:dahs,you do things right
desęhso:tsih,take your shoes off
desęhso:we:k,put your shoes on
desęhsowe:ksih,take your shoes off
desęhsę:dǫh,you (singular) are stamping your feet! (moving them up and down)
desęnahawę:nyeˀ,you are crazy (not right in the mind)
desęnaˀsgwahgwęh,you have jumped; you are jumping?
desęnętsaǫnyǫ:,wave your arms (goodbye)!
desęˀnigǫhgaeˀ,you suffer
desęˀnya:ˀ,you are looking after it right now
desęˀnyaˀo:k,you (singular) clap!
desęˀnyaˀwe:k,you (singular) clap!
desęˀtsigahgyaˀksǫh,you are going along doing cartwheels
desęˀtsihgahgyaˀks,you do cartwheels
desǫ:goht,"filter, strain it!"
detadihwa:yei:,"they (male) are corrupt, impish"
detadijihgwˀaehstaˀ,arena
detaihwa:yei:,"he is corrupt, he has no scruples, he is aggressive"
detga:yęˀ,it is no longer laying there; they are betting over there
detgahe:ˀ,it is not setting over there
detganǫhsanha:ˀ,it is a house sticking out
detninętsa:kˀah,"we two (inclusive), our arm is short"
detniyˀada:do:gę:,between you and me (our bodies)
detodi:yęˀ,"they (male) are gambling, betting"
detodinęhę:deˀ,they (male) are standing
detęnahsgwahkwaˀ,they (male) are sky-diving; paratroopers
detęnatgwaˀtaˀ,community hall
dewa:tgwęh,the act of dancing
dewadagwęhdę:,it is flat
dewadagyenawaˀse,to be helpful to one other
dewadahgwiˀae:s,"flashing, blinking lights"
dewadahsgǫgohtaˀ,overpass
dewadahsgǫgohtaˀ oha:deˀ,overpass
dewadahsǫdra:gwahs,they come apart; (literally: it comes apart)
dewadatsˀǫh,"a quarrel, an argument"
dewadaˀgrohda:s,snow plough
dewadehgwaˀtaˀ,it raises up
dewadejihsdogwahs,a burst of flames
dewadejihsdoyˀa:s,static
dewadewayędaǫhaˀ,it is thundering
dewadiyǫ:taˀ,"it stretches (shortened form of 'rubber band'); balloon, elastic"
dewadiyǫ:taˀ ohna:griˀ,"rubber band, elastic"
dewadiyǫ:taˀ wadewaǫda:s,balloon
dewadoda:s gajiho:ha:ˀ,safety pins
dewadogwahdǫh,"it has been spread out, distributed, scattered"
dewadrahwistage:,two slices
dewadranegaǫ:s,it is exploding
dewadrˀasroyˀagǫh,a raffle
dewadęnihsadǫh,frame
dewagadawęnyaˀseh,I am confused and doubtful; (literally: my thinking is going around in circles)
dewagadodaihsǫhǫgyeˀ,I am going along combing my hair
dewagadrihodahse:ˀ,I am confused; I cannot make up my mind
dewagadrihodahǫh,I am confused or mixed up; something is blocking my thinking
dewagadǫhwęjo:nih,I want something
dewagadǫhwęjonihne:ˀ,I wanted something in the past
dewagadǫtga:dǫˀ,I am not happy
dewagagyaˀdanegaǫ:,I have a hernia
dewagahji:yoˀ,I am digging in my nails; I am scratching
dewagatgeˀi:ˀ,my hair is tangled
dewagatsai:de:ˀ,I did freeload
dewagatsgaˀhǫ:,I am chewing right now
dewagawę:nyeˀ,I am stirring
dewagegaę:,I do not want to do it; I am unwilling
dewagegaęhs,I am always unwilling
dewagegeˀǫ:t,I am raggedy
dewagehsgęnagyaˀgǫh,I am pale
dewagehęnaˀtraˀehsdǫhǫgyeˀ,I am going along stabbing things
dewagejǫ:t,I am filthy
dewagekahshǫ:,I have taken one object apart
dewagewayęhsihsǫhkwaˀ,I have a heart problem
dewagijǫ:t,I am filthy
dewagrihoˀdahǫh,I am not in complete agreement
dewagwiyaęˀ,I do not have a child
dewagyaǫnyo:taˀ,it is haunted
dewagyaǫnyǫh,it is happening right now (a haunted vision)
dewagyaˀdowehdǫh,I have already thought about it; I am thinking about it
dewagyęgwaogwahs,small puffballs (already gone to seed)
dewagęhdadǫh,I have run
dewagęnoˀsgwi:,I have swept
dewagˀedraihęhs,I am in a hurry
dewagˀenyǫhswahaˀt,"I am mischievous, nosy"
dewahahagędrǫhs,"road scraper, grader"
dewahdahgwa:ge:,two shoes
dewahdenyǫhs,it is a shape-changer
dewahdihęh,the difference; it is different
dewahji:yohs,it scratches
dewahjiyohaˀ,it scratches
dewahshę: ahsęh,twenty three
dewahshę: degrǫˀ,twenty eight
dewahshę: dekni:,twenty two
dewahshę: gei:,twenty four
dewahshę: gyohdǫ:,twenty nine
dewahshę: hwihs,twenty five
dewahshę: hyeiˀ,twenty six
dewahshę: ja:dahk,twenty seven
dewahshę: sga:t,"twenty one,"
dewahshę:gwęnihs,twenty cents
dewahǫhdahǫˀ,"a jackass, donkey; (literally: it has crossed ears)"
dewahǫhde:s,deer
dewahǫhde:s oˀwahǫh,deer meat
dewakdoha:gǫh,I am squeezing it
dewaknigǫhnyaˀgǫh,"I am broken-hearted, grieving"
dewatahaˀdrǫˀ,"expressway, interchanges"
dewatahsro:gwahs,witch light
dewataędǫnyǫh,it is twinkling; it is shimmering
dewatgwiˀaihsdahneˀ,blinking lights
dewatgęnyǫ:,a competition
dewatnehsdagai:hǫhs,a teeter-totter
dewatnehsogwahtaˀ,sander
dewatnǫhsowęhs,Exploding Wren (legendary figure)
dewatrǫhwakwaˀ,a barrier
dewatsohgwahs,west
dewatsotwahs,"fleas; (literally: it jumps, hops)"
dewatęho:t,pile of wood
dewawęnyehs,mixer
dewaˀaǫ:ˀ,lacrosse
dewaˀaǫ:ˀ gajihgwaˀe:ˀ,Lacrosse
dewaˀaǫ:ˀ ganhyaˀ,Lacrosse stick
dewaˀdęhǫdagyeˀ,"wood fence, rail and stump fence"
dewaˀgrohda:s,snow plough
dewaˀswe:gǫh,it is deaf
dewaˀtohgwa:ge:,two bundles
dewaˀtsaˀkdǫhs,it bends all the time; it is flexible
dewędi:yaˀs,it cuts the day
dewęhda:s,zipper; (literally: it runs)
dewęhda:s deyotnahsǫdahkwaˀ,zipper
dewęhnihsri:yaˀs,it cuts the day
dewęhnˀida:ge:,two months
dewęnihohs gahsǫwada:deˀ gakǫ:nihs,hot plate
dewęnihoks,it is lightning
dewęnihoks gajihsdotaˀ,electric light
dewęnihoˀksǫh,lightning is striking?
dewęnihoˀs,it is lightning
dewęnihoˀs gajisdo:t,electric light
dewęnihoˀs wadaihaˀtaˀ,hot plate
dewęˀnhe:ga:ˀ,ball deer (so called because they roll up in a ball)
dewęˀnho:,baseball game
dewęˀnhotra:ge:,two balls
dewęˀnhotranahsǫ:t,dingball; double ball game (medicine game)
dewęˀnihsgaǫni:,a circle
dewęˀnyaga:nye:ˀ,"flour mush, sweetmilk pop"
dewęˀnyaˀwe: ,one hundred; one thousand
deya:wę:dǫh,it shakes
deyaganoˀsgwita:ˀ,broom
deyagodawęnyeˀ,she is walking about
deyagodi:yǫ:t,she is stretching it
deyagodihwage:nhęh,they (female or mixed group) are arguing
deyagojitsgri:,she has curly hair
deyagonadraˀǫh,they deserve each other (said in anger); they (female or mixed group) are meeting right now
deyagonaˀsgwęhęgyeˀ,she is going along jumping; she is skipping along
deyagonaˀsgǫgyeˀ,she is going along jumping
deyagonęsoweksǫˀ,they (female or mixed group) have their shoes on
deyagonǫhya:ni:s,she is frugal
deyagotgeˀi:,her hair is tangled
deyagotgręgręhdǫh,she is frowning
deyagoyaˀdahkwaˀ ǫ:gweh,elevator (literally: it lifts people)
deyagoˀahsawˀehs,she has asthma
deyagoˀnigǫha:gǫ:t,"she cannot be swayed; she is uncompromising, distinguished"
deyagwadęhnǫ:drǫˀ,we are siblings
deyagwanę:tse:s,"we all (exclusive), our arm is long"
deyagwanętsa:kˀah,"we all (exclusive), our arm is short"
deyagwanętsu:ˀuh,we all (exclusive) have small arms
deyagwayenawaˀkǫˀ,we all (exclusive) are working together
deyagwihsragęhe:yǫ:,she is sighing
deyagwęnǫhsane:gę:,we all (exclusive) are neighbours
deyagyadęhnǫ:de:ˀ,"my brother, my sister (literally: the one nearest to me in age and gender)"
deyagyanǫhsane:gę:,my neighbour
deyagˀodraihęhs,she is in a hurry
deyahwę:deˀ,"a gap, an opening"
deyakninę:tse:s,"we two (exclusive), our arm is long"
deyakninętsa:kˀah,"we two (exclusive), our arm is short"
deyakninętsu:ˀuh,we two (exclusive) have small arms
deyakwethnǫhsǫtaˀ,Clean Up (ceremony)
deyaǫ:gohdǫh,"it is soiled (literally: penetrated, permeated)"
deyaǫgoht,to penetrate (literally: it penetrated)
deyaǫgyaˀktaˀ,buzz saw (literally: it cuts logs)
deyaǫhwę:deˀ,"a gap, an opening"
deyaǫhwęjagwęhdę:,"flat land, prairies, plains"
deye:dum,she is stupid
deyegahahǫˀji:,she has a black eye
deyegahgwe:gǫh,she is blind
deyehaǫhaˀ,she is beading
deyehgwadahnǫh,she is raising several things
deyehnahihdahkwaˀ,cut-out table
deyehnahihdahkwaˀ adekwahakwaˀ,cut-out table
deyehnane:dahkwaˀ,insulation
deyehsheˀagwęhdęhstaˀ,rolling pin
deyehstaˀsǫ:ˀǫh,"vanilla, etc."
deyehwagenhaˀtaˀ,that's debatable
deyehyadǫhsraę:dahkwaˀ,cards (playing cards); bingo
deyehyadǫhsraędahkwaˀ gahsǫwahdaˀ,paper clip
deyehǫnaˀdahihdahkwaˀ,potato masher 
deyeihwahgwˀataˀ gaę:naǫ:nyǫˀ,hymn book
deyenętsa:kˀah,her arm is short
deyenętse:s,her arm is long
deyenętsu:ˀuh,she has small arms
deyestǫdraˀehsdahkwaˀ,pitchfork
deyetinǫhǫhkwaˀ,we refer to them as something
deyewęnadenyeˀs,she is a translator; she is translating now
deyewęnadenyǫhs,she is a translator; she is translating now
deyeyaˀdowehtaˀ,she is a thinker (seer)
deyeyędahkwaˀ,betting instrument
deyeˀdawę:nyeˀ,she is a shit-disturber
deyo:di:yǫ:t,it is stretched
deyo:dinaˀgaǫt,horned animal
deyo:do:węˀ,it is split (in two)
deyo:do:węˀ one:gwaˀ,split peas
deyo:gę:,"between, in the middle"
deyo:wi:h,it is undercooked
deyodagwęhdę:,it is flat
deyodagęhnyagǫh,grey
deyodahsiyo:gwęh,it is frayed
deyodahsǫ:dre:ˀ,it is joined
deyodahsǫdaegǫh,Dark Dance (for the Little People) (Restricted)
deyodahsǫdragwęh,it is disjointed
deyodahya:kdǫ:,banana
deyodahyo:węˀ,the fruit is split
deyodehsdao:gwęh,it is splashing
deyodehsgęˀdiyaˀgǫh,it is fractured (bone)
deyodekahsǫgwahǫˀ,divisions (of an organization)
deyodewane:gaǫ:,flat tire
deyodinaˀgaǫ:dǫˀ,"herd of sheep, horned animal; Billy Goat Dance"
deyodinaˀgaǫ:dǫˀ ohęhda:ˀ,wool
deyodinaˀgaǫdǫˀ gadiˀdrǫˀ,sheep fold
deyodinogędǫ:t,whiskers on catfish
deyodogwęh,"disorder, chaos; (literally: it is scattered)"
deyodogęˀǫh,it is in between; a duel between two people
deyodohdahǫh,"it is tidy, neat"
deyodohwęjo:niˀ,it needs
deyodrahgwa:dǫˀ,sun dog
deyodrihgwa:dǫˀ,circle around the moon or sun (indicating bad weather); sun-dog
deyodrihwagwenǫ:ni:,there is a full moon
deyodęnǫhyanihdǫh,"it is overwhelming, terrible"
deyodǫhwęjaˀe:k,she is going into the earth (i.e. being buried)
deyodˀawęhęhdǫh,it went over the fence; it is going over the fence
deyodˀedrehdagaˀdeˀ,not many cars
deyodˀedrędagyeˀ,it is soaring
deyogwitgęˀǫh,"the sun, moon has risen"
deyogyohgwę:dǫhs,"upheaval of a crowd of people (celebration, riot)"
deyohada:gwęhdeˀ,a clearing in the forest
deyohagwęda:kˀah,horizon
deyohahiyˀagǫh,crossroad
deyohahiyˀaksǫˀ,crossroads
deyohahǫ:,common plantain
deyohateˀ,it is bright (i.e. sunlight)
deyohdahgwa:se:s,boots
deyohdenyǫhǫgyeˀ,it is changing as it goes (i.e. a shape-shifter)
deyohgwęnyahiˀǫh,torn clothes
deyohiˀǫh,it is broken
deyohkwaˀ,"a steady rhythm, beat, throbbing"
deyohnegi:yo:,it is not good water
deyohsait,pepper
deyohsda:teh,"it is shiny, smooth (like silver); silver"
deyohsdawęˀdraga:,a rattling noise (from a rattle)
deyohse:s,it has a wide mouth
deyohse:s gajęˀ,bowl
deyohsgwˀidrǫ:t,it is wrinkly
deyohsgyęda:ga:,bones are rattling
deyohsgyęnaˀgyagǫh,it is pale
deyohsgę:dra:ga:,"a tinny, metallic rattling noise"
deyohshaogwe:s,high-top shoes
deyohsida:ga:,to stamp one's feet (literally: it stamped its feet)
deyohsiˀdage:,two feet (measurement or body part)
deyohsohgwa:teh,bright colours
deyohswęˀda:nęyǫ:t,coals or embers
deyohwęjahkahsǫgweh,a province; (literally: divided lands)
deyohyojihs,it is sour; salty water 
deyohǫnaˀdage:,two potatoes
deyoihsre:s,upper (part of a shoe)
deyoihwa:teˀ,it is a clear idea
deyoihwadogęhdǫh,a shortened speech
deyojia:nˀędǫ:t,stag deer
deyojihsdǫ:nyǫˀ,it is sparkling (eg. like a light in the cat's eyes when dark)
deyojitsgri:,it has curly hair
deyojitsgrǫ:t,flat curls; flat curls on a basket
deyonadǫhsweˀda:nih,they (animal) are not hungry
deyonagaǫt,"sheep, lamb,elk"
deyonatahoˀdraˀǫh,converging roads
deyonigyohgwakahǫˀ,"division of many organizations, i.e. Boy Scouts, Lions"
deyonigyohgwakęh,division of one organization
deyonyǫ:dǫh,mittens with fingers
deyonę:yǫ:t,it's really hot
deyonǫgęˀdǫ:t,carp
deyonǫha:kdǫ:,it is hanging its head (i.e. in sadness or shame)
deyonǫhya:niht,"it is terrible, frugal, cheap"
deyonˀano:ˀ,"it is not cold, cool"
deyonˀoja:ga:,grinding or rattling teeth
deyosga:nyeˀs,it is bitter
deyotaha:kdǫ:,curve in the road
deyotahaˀkdǫnyǫ:gwęh,winding roads
deyotenaˀtraˀkdǫ:,it has a crooked blade
deyotganyęh,it is in dire need
deyotgeˀi:,"its hair is tangled, ideas and things are tangled"
deyotgeˀo:gwęh,"clothes, rags scattered all over"
deyotgręgręhdǫh,"the sky is dreary, grey"
deyothnegǫgohdǫh,strained water
deyotjiˀehta:ˀ,a stampede
deyotnahsǫdahkwaˀ,zipper; (literally: something that has a tongue)
deyotsadaęˀ,it is foggy
deyotsaˀkdǫ:,"it is bent; a curve, a bend"
deyotsaˀkdǫnyǫgwęh,it is twisted
deyotsgęˀęgęhdę:,flat pits
deyotsgęˀęgęhdę: ohyaˀ,plums
deyotsgˀahǫˀ,"it is chewing, it is a chewer (i.e. a cow)"
deyotweˀno:ni:,it is round
deyotwęjakahsǫgeˀ,a fault (in the earth)
deyotwęjohǫh,a necessity
deyotęnaˀtraˀkdǫ: ewęnohgriˀyaktaˀ,scythe
deyowa:węnyeˀ,stirring winds
deyowayęhsishǫhkwaˀ agǫnhehgǫh,heart tremor
deyowaˀjihsdaˀǫh,birch
deyowidra:teh,"it is glassy, icy; a glass tumbler"
deyowidra:teh ganǫ:ˀ,diamonds
deyowidrateh ganaˀjohsgwaˀ,glass tumbler
deyowęnyeˀdahkwaˀ,ladle
deyoyęgwaę:ˀ,it is a smoky or hazy day
deyoyęhsrage:,two blankets
deyoyˀadowehde:ˀ,to weigh the consequences; it is brain-wracking
deyoyˀadowehdǫˀ,it is able
deyoęa:si:,"it is strict, demanding"
deyoˀdagę:t,dirty undergarments; soil; fecal matter
deyoˀdraihaˀt,"hurried or immediate attention, urgent matter, urgency; a rush"
deyoˀdraihęhs,it is in a hurry
deyoˀga:s,the night is coming; early night
deyoˀnhęhtsędǫhǫh,it is wagging its tail
deyoˀnhǫhsa:ge:,two eggs
deyoˀnigǫhawę:nyaˀt,it is entertaining
deyoˀnihsga:deˀ,brim of a hat
deyǫ:goht,to penetrate (literally: it penetrated)
deyǫdatnǫhǫnyǫˀdahkwaˀ,Friendship Dance (a social dance; a welcoming dance)
deyǫdatnǫhǫnyǫˀdahkwaˀgeh,"Friendship Centre, Friendship dance"
deyǫdedratgęnyadahkwaˀ,a target
deyǫdejihohaˀdahkwaˀ,brooch
deyǫdejiˀsgrihsdahkwaˀ,curling iron
deyǫdesehgwaˀt,"lift it up, push it up!"
deyǫdetsgęˀihdrehdahkwaˀ,Indian bone dice
deyǫdodai:shǫhs,she is combing her hair
deyǫdogęhdahkwaˀ,trail
deyǫdrihwaędǫhkwaˀ,a female gossiper
deyǫdˀagrohda:staˀ gagahwehsaˀ,snow shovel
deyǫgwahgwaˀdǫh,we all are upholding (some thing or idea)
deyǫgwahgwęhęgyeˀs,we all are continually picking it up
deyǫgwayenawaˀkǫˀ,we all are working together
deyǫgwaˀnyǫhswahaˀt,"we are mischievous, nosy"
deyǫgwęhsiˀdagędrahgwęh,earth (where we put our feet)
deyǫgwˀadraihęh,let us all hurry
deyǫgyanǫdahkwaˀ,skiing
deyǫgyaˀdoha:ktaˀ,girdle
deyǫgyaˀktaˀ,buzz saw (literally: it cuts logs)
deyǫgęhęhdahkwaˀ,dust pan
deyǫhdahgwanedˀahstaˀ,overshoes
deyǫhdenyǫhs,she undergoes a magical transformation (generally for an evil purpose)
deyǫhsiˀdahahkwaˀ,foot stool
deyǫhwęjagwęhdę:,"flat land, prairies, plains"
deyǫhwęjahkahsǫgwahnǫˀ,states of the United States
deyǫhwęjahkahsǫgwahǫh,states of the United States
deyǫhwęjiyaˀgǫh,Trans-Canada Highway; (literally: across the land)
deyǫhyo:gę:,Between the Skies 
deyǫkiyęˀnya:ˀ,ombudsman or governing bodies
deyǫkiyęˀnyadǫ:gyeˀs,they protect us
deyǫkiyęˀnyadǫhaˀ,they protect us; they are protectors
deyǫkiyęˀnyadǫˀ,they protect us with their hands; angels
deyǫkiyǫhwęhjahsnyeˀ,"they look after our lands (title, office)"
deyǫkiyǫhwęjaˀnya:ˀ,"they look after our land, take care of business (title, office)"
deyǫknˀidraihęh,let us two hurry
deyǫnahsgwahgwataˀ ga:tsgˀędaˀ,skipping rope
deyǫnahsgwahkwaˀ,she is jumping
deyǫteyǫˀdahsnyehaˀ,nurse
deyǫtga:hǫhkwaˀ,rocking chair
deyǫtganyahs,"she is desperate, desperately wanting something; in dire need; she will settle for just anyone (i.e. a mate)"
deyǫthnǫhsǫ:ˀgoht,she will go by the Longhouse (funeral)
deyǫtnǫgoha:ktaˀ,bra
deyǫtnˀaǫ:nhahstaˀ,headband
deyǫtwahsaǫ:kwaˀ,earrings
deyǫtwęˀgaǫ:dahkwaˀ,snowshoes
deyǫˀnhoktaˀgeh,ball diamond
deyǫˀnigǫhawęnyˀetaˀ,"recreation, hobbies"
deyǫˀswe:gǫh,she is deaf
deˀ hoˀ dęˀ,what
deˀagadǫtga:deˀ,I am not happy
deˀagyade:kǫ:nih,we two (exclusive) do not eat
deˀagęnǫhdǫˀ,I do not know
deˀaǫwe:saht,it is unpleasant
deˀgahaˀk,it was never setting there
deˀo:gaˀs,it does not like the taste
deˀo:to:weˀ,it is not cold (pertaining to weather)
deˀodahyǫ:ni:,not much fruit on the trees
deˀodinaˀgowahs,they (animal) have lost their spirit of life (i.e. dinosaurs)
deˀogaˀǫhsraeˀ,it is tasteless
deˀohno:de:s,not deep
dihsa:thne:ga:t,you are not level; you are tipsy
dihsdihs,house woodpecker
dihsehdahgǫh,"you are credulous, gullible; you believe in something "
dihsehdahgǫhsgǫh,you are really gullible
dihsgo:wah,"the 13th or 1st moon (end of the lunar calendar, Midwinter ceremony)"
disatgaˀwęhęgyeˀ,you are going along giving things up
disaˀnigǫhi:yo:,you are satisfied
disǫˀnǫ:,you have taken away
diˀ,"so, then"
diˀdi:ˀ,blue jay
do:,how (or other terms involving measurement)
do: diˀ nyo:weˀ,how far is it then?
do: gadeˀnyę:dęh,"oh, let me try"
do: gwaˀ,"how; certain amount, a measure"
do: ni:yǫ:,how many
do: nisohsriyaˀgǫh,how old are you 
do: niyagonohsriyaˀgǫh,how old are they (female or mixed group) 
do:dihs,salamander
do:gaˀ,I do not know
do:gwaˀ niyohsrage:,how many years
do:gęhs,"sure, truly; right; it is a fact"
do:ˀ i:ˀ,let me!
dogę:t,guinea hen
doniyǫ: gahna:ˀ,how much gas is in there
dre:nai:,skunk
drę:na:,skunk
dręnaę:ˀ,purple
duwisduwi:ˀ,killdeer
dwada:dǫ:nih,where it starts from
dwadewayę:sdǫh gagehǫˀ,"it is tidy, neatly placed"
dwadewayę:sdǫh gahsęnǫnyahnǫˀ,it is neatly put away
dwadihętwahs,it pulls
dwado:ktaˀ,it lacks; it is always ending (i.e. a speech always ends at the same place)
dwadręnowa:nęh,"we all (inclusive) have a big smell, odour, scent"
dwadǫˀne:s,it moves away all the time; it shrinks
dwaga:wi:,a given right; (literally: it is given)
dwagadokda:nih,I am dissatisfied
dwagahdęgyo:,I come from
dwagowanęh,we all (inclusive) are big
dwagyę:,let us sit down
dwagyęhętwahs,it pulls
dwahnahtsagrahs,"we all (inclusive), our bums smell "
dwahnę:ye:s,we all (inclusive) are tall
dwahsiˀdagrahs,we all (inclusive) have stinky feet
dwaja:gǫh,we all (inclusive) persevere
dwakdǫ:,let us all (inclusive) look
dwakdǫ:nyǫ:,let's examine
dwaknigǫhi:yo:,"I am satisfied, peaceful"
dwaknigǫhęˀǫh,"I am in sorrow, mourning; I am sad"
dwaknǫhso:t,where my house stands
dwano:haˀ,our mother
dwanoˀjo:t,we all (inclusive) have teeth
dwanę:tso:t,we all (inclusive) have an arm
dwasawahkwaˀ,prefix
dwasęˀs,"it falls, it's a dropper"
dwatahineˀ,we all (inclusive) are walking
dwatgęhęhsǫ:,let us all (inclusive) get up
dwatędihsˀahs,we are finishing the field
dwaya:sǫh,we all (inclusive) are called (not common)
dwayena:wahs,let us all (inclusive) help it
dwaˀnhǫhdagrahs,"we all (inclusive), our armpits smell "
dwędęhę:wihtaˀ,morning star (literally: it brings the day)
dwęhnihsrade:nyǫhk,days past
dwęnǫhdohaˀ,"it is the boss, the authority"
dwęnǫhdǫnyǫh,"we all (inclusive) are experiencing in thought, we are in mind of"
dwˀagranhohsro:dęh,let's pile the snow here
dyagodǫnhoˀk,she is not full term; she is mentally challenged
dyagoyada:gwęh,she has lost weight
dyonǫhdohaˀ,she is a bossy woman
dę:taha:wiˀ,he will bring it back
dędihswajihgwagwaheˀ,you will come and get the mush (tells the masks when they are to come back for their mush)
dędihsˀadre:ˀ,you will drive over here
dędwadadrihwanǫhkwa:k,we all (inclusive) will show respect for one another
dędwadatnǫhǫnyǫ:ˀ,we all (inclusive) will greet each other
dędwadatro:wiˀ,we all (inclusive) will tell one another
dędwadęnǫhǫnyǫ:ˀ,we all (inclusive) will give thanks
dędwahsda:teˀt,we all (inclusive) will shine it
dędwahta:goˀ,we all (inclusive) will discuss
dędwanahaǫgwętraęˀ,Seed Ceremony
dędwanǫhǫ:nyǫ:ˀ,we all (inclusive) will thank something
dędwatahahk,we all (inclusive) will walk
dęga:t,I will dance
dęgadihsda:teˀt,they (animal) will shine it
dęgadodai:siˀ,I am going to comb my hair
dęgaehsta:teˀt,they (female or mixed group) will shine it
dęgagwatwęhę:k,it will be hemmed
dęgahiˀ,it will break (into small pieces)
dęgahji:yo:ˀ,I will scratch
dęgahsda:tęˀt,it (the polish) is going to shine it
dęgahsdatęˀdǫh,"it is shined, waxed, polished"
dęgahsęhtoˀ,I will cry
dęgaihgwaˀdahnǫ:ˀ,they (female or mixed group) will raise or lift it 
dęgaihwagǫ:dǫ:ˀ,"it will smother itself, die out slowly on its own, peter out (i.e. a language at a critical state)"
dęgaihwaędadreˀ,harmony; (literally: every idea will always come together)
dęgaihwaędaˀ,"they (literally:. it) will come to an agreement, a consensus"
dęgakenǫhǫkwa:k,I will recognize them as my kin
dęgakeyaˀdahk,I will pick them up
dęgakwahiht,it will digest
dęgatahahk,I will walk
dęgatgaha:de:niˀ,I am going to turn around (and go home)
dęgatnętsi:yaˀk,I will break my arm
dęgatnǫhsahsnyeˀ,I will clean up the house
dęgatsai:de:ˀ,I will freeload
dęgawęnye:ˀ,I will stir
dęgaǫ:dagyaˀdahgwaˀt,they (female or mixed group) will do push ups
dęgaǫ:dagyena:waˀs,they (female or mixed group) will help each other
dęgaǫ:węhda:t,they (female or mixed group) will run
dęgaǫtahahk,they (female or mixed group) will walk
dęgaˀe:s,I will pierce something
dęgaˀswe:k,I will be deaf
dęgehsda:teˀt,I am going to shine it
dęgrihwateˀt,I will explain an idea
dęgya:kneˀ,we two (exclusive) will come back
dęgyatahahk,you and I will walk together
dęgęnadahsǫdra:goˀ,"they (animal) will be unjoined (i.e. a train, chain), they will come apart"
dęgęnatahahk,they (animal) will all walk
dęgęnę:datǫ:ˀ,they (animal) will run all over
dęgęˀdrǫ:daˀ,it will land
dęgǫhęnaˀtraˀehs,I will stab you
dęgǫnǫhwe:tsoˀdęˀ,"I am going to turn you upside down, upend you! (said in anger)"
dęgǫyodai:siˀ,I am going to comb your hair
dęhadagyaˀdahgwaˀt,he will do push ups
dęhadi:hwage:nhaˀ,arbitration; they (male) will be arbitrators
dęhadihnyoda:s,they (male) are having a tug o' war (a ceremony or healing ritual)
dęhadihsda:teˀt,they (male) will shine it 
dęhadodaisiˀ,he is going to comb his hair
dęhahgwadahnǫ:ˀ,he will raise or lift things up
dęhahsda:teˀt,he is going to shine it
dęhatganyahse:k,he will be desperate
dęhehshǫnyaˀk,you will strangle him
dęhne: naoˀjǫˀdodę:,what kind of fish is that?
dęhoˀdęˀ naˀa:węh,what happened?
dęhęhda:t,a candidate; (literally: he will run)
dęhęna:t,they (male) will dance
dęhęnatgęˀnyǫhs,a fair; (literally: they (male) compete there)
dęhęnaˀtahahk,they (male) will walk
dęhęnęnigyohgwagę:niˀ,they (male) will have an election
dęhęnęnigyohgwahgę:niˀ,they (male) will have an election; they will have a voting to do
dęja:draˀ,you two will meet
dęjatahahk,you two will walk
dęjetinǫhǫnyǫ:ˀ,we will thank them again
dęjidwa:t,we all (inclusive) will dance again
dęjidwadatnohǫnyǫ:ˀ,we all (inclusive) will greet each other again
dęjidwanǫhǫnyǫ:ˀ,we all (inclusive) will thank again
dękde:niˀ,I am going to change something
dękenǫhǫnyǫˀ,I will greet her
dęsa:t,you will dance
dęsadadǫˀ,"you will trade, redeem, exchange"
dęsadatsˀa:ˀ,you will quarrel
dęsadodahdęˀ,it will trip you
dęsadohda:ˀ,you will tidy it up or clean it
dęsadrihsda:ne:ga:ˀ,"you will burst out screaming, crying; you will make a loud outburst"
dęsadrihwaędǫhk,you will gossip
dęsadęhodęˀ,"you will stack things, put one thing on top of the other"
dęsadęhǫgaiˀ,you will suffer
dęsadęhǫganyęh,you are suffering right now
dęsadęnǫhǫnyǫhk,what you will give thanks with
dęsadętsˀa:ˀ,you will earn it (money)
dęsadǫhwę:jǫ:niˀ,you will want something
dęsadˀęhę:gǫht,you will go under the fence
dęsahsiˀdęˀdrǫ:ˀ,you will hang your feet over the edge
dęsahsǫdręˀ,you will join two things together
dęsahyo:węˀ,you will cut the fruit in half
dęsanǫha:ge:t,you will put your head down
dęsatahahk,you will walk
dęsatgahade:niˀ,you will turn yourself around
dęsatgahgwe:k,you will close your eyes
dęsatgręgręht,"you will sneer, frown"
dęsatnaˀtsę:dǫˀ,you will shake your behind
dęsatnoˀa:nhaˀ,you will have a burden strap
dęsatnętsi:yak,you will break your arm
dęsatnǫhwe:tsoˀdǫˀ,"you (singular) will do a hand stand, turn yourself upside down"
dęsayęˀgwaohs,the smoke will get in your eyes
dęsaˀdraihęh,"you will rush, hurry"
dęsaˀe:s,you will pierce something
dęsaˀehs,you will spear something
dęsaˀthnesogwaht,you will distribute sand
dęsaˀtsǫhs,you will sneeze
dęsaˀęnahęˀ,you will put on the stick
dęsaˀęnaˀehs,you will spear something
dęsdahs,"you will prevent, stop it; stand it up"
dęsde:niˀ tsęh nisaihoˀdę:,you will change your ways
dęsdęs,you will stand something up
dęsegahǫˀ,"you will assemble, put together"
dęsegwatoˀ,you will hem
dęsehehdawę:nye:ˀ,you will tend or till your garden
dęsehkahsǫgwahǫˀ,you will divide them (several objects) up into categories
dęsehsage:t,"you will fold it once, bend it"
dęsehsakda:nyǫ:goˀ,you will fold something up
dęsehsda:teˀt,you are going to shine it
dęsehwędaht,you will make a clearing
dęsejihsdawęnye:ˀ,you will poke the fire
dęsejihsgwahiht,you will mash stomething up
dęsejihsgǫ:niˀ,you will mash it up
dęsekahsih,you will divide
dęsekahsiˀ,"you will share, divide"
dęsekahsǫ:goˀ,you will divide it into parts
dęsewidragędrǫ:ˀ,"you will take the cream off, skim the milk"
dęsganǫˀa:gae:,there will be heads banging
dęsgę:hęh,near here
dęshagoniˀgǫha:gę:niˀ,"he will overcome their mind, intimidate someone"
dęshaihwaętwaht,he will bring forth a message
dęshedwanǫhǫnyǫ:ˀ,we will thank him
dęshegahgwe:k,"you will pull the wool over her eyes, outsmart her, deceive her"
dęshehenaˀtraˀe:s,you will stab someone
dęshehęnaˀtraˀa:s,you will stab someone
dęshenǫhǫnyǫ:,"you will welcome, greet or thank someone"
dęsheyahahiyakdęˀ,you will escort her across the road
dęsheyahsinodahdęˀ,"you will trip someone, bar someone's way with your leg"
dęsheˀnigǫhagę:niˀ,you will corrupt (someone's mind)
dęsheˀnigǫhnyaˀk,you will discourage someone
dęsheˀnohsgaˀdęˀ,you will tickle her
dęshęnaˀtraˀa:s,you will stab something
dęsnahsǫ:dęˀ,you will join
dęsnaˀnetˀa:ˀ,you will double it; reinforce it; line it
dęsne:gǫ:goht,"you will filter, strain liquid"
dęsni:hwaędaˀ,you will come to an agreement
dęsnigǫhaę:ˀ,you will be annoying
dęsnihsda:teˀt,you two will shine it
dęsniˀdraihęˀ,you two will hurry up
dęsnohsgaˀdęˀ,you will tickle it
dęsnęhęhiht,you will grind corn
dęsnǫwayęht,"you will barter, bargain, affirm a deal"
dęsodai:siˀ,you will comb its hair
dęsonyahs,you will sort
dęsrihsdoha:k,you will publish something
dęsriht,you will break something
dęsrihwadra:goˀ,"you will answer, reply"
dęsrihwage:nhaˀ,"you will argue, debate, protest"
dęsrihwateˀt,you will explain
dęsrihwaya:ˀk,"you will denounce it, disapprove of it"
dęsrǫhwęˀ,"you will bar something, put up a barrier"
dęstoha:k,you will squeeze it
dęswahsda:teˀt,you all will shine it
dęswatahahk,you all will walk
dęswatnętsaˀdrǫ:ˀ,you all will cross your arms
dęswihsdahiht,you will make change
dęsyehs,you will mix them all together
dęsęnahawęnye:ˀ,you will go insane
dęsęnigyohgwagę:niˀ,"you will vote, cast lots"
dęsęˀnya:ˀ,you will look after it
dęsęˀnyadǫ:ˀ,"you will protect, embrace"
dęsęˀnyaę:ˀ,you will look after it
dęsęˀtsigahgyaˀk,you will do a cartwheel
dęsǫ:goht,you will penetrate
dętadijihgwagwaheˀ,they (male) will come back for their mush (said of False Faces)
dętga:dǫ:goht,I would come past this way; I will pass that way
dętgahnegahkyętoˀ,it will be low tide
dętgananohs,it becomes cold again
dętgananuhs,it becomes cold again
dętgaǫ:tahahk,they (female or mixed group) will walk to here
dętgeˀ,I will come this way; I will come back; I am coming back
dętnihsda:teˀt,you and I (inclusive) will shine it
dętohateˀtǫk,he will brighten from over there
dętsedwanǫhǫnyǫ:ˀ,we will thank him again
dęwadodai:siˀ,it will comb its hair
dęwadˀawęhę:t,it will go over the fence
dęwagahji:yo:ˀ,it will scratch me (i.e. a twig or thorn)
dęwanǫhǫnyǫ:ˀ,it will give thanks
dęwatahahk,it will walk
dęwatrǫhwęˀ,it will bar your (literally: a) pathway
dęwatsaˀge:t,it will bend
dęwatwadahsedahk,it will encircle it
dęya:wę:dǫh,"it will sway, shake"
dęyagodawęnyehahk,they (female or mixed group) will be walking about
dęyagodaˀǫhǫ:gyeˀ,they (female or mixed group) will be standing along (to be born)
dęyagonǫhyaniˀse:k,she will be frugal
dęyagoˀnya:gwęhęgyeˀ,she will have a hand in it
dęyehgwadahnǫ:ˀ,she will raise or lift things up
dęyehsda:teˀt,she is going to shine it
dęyetinǫhǫnyǫ:ˀ,we will thank her / them
dęyetiyaˀtahahgwadęˀ,Seed Ceremony (literally: we will walk the seeds)
dęyogęnhǫ:diˀ,it will be summer
dęyǫdagyaˀdahgwaˀt,she will do push ups
dęyǫdodai:siˀ,she is going to comb her hair
dęyǫdǫtso:dęˀ,she will become Christian; she will kneel in prayer
dęyǫnahsgwahk,she will jump
dęyǫtgręgręht,she will frown
dęˀ,what; why
dęˀ hne:ˀ,what? why?; what is that? why me? (or any similar expression of exasperation)
dęˀ niyohsohgoˀdę:,what colour is it
dęˀhadinęhęˀda:s,"working bee, barn raising"
dǫ:da:geˀ,I would come back
dǫ:sagahtgahade:niˀ,"I should turn around and go back, I should go home"
dǫda:geˀ,I am coming back
dǫda:kneˀ,we two (inclusive) would come back (indefinite)
dǫdahahsa:węˀ,he restarted
dǫdahaęnage:tsgoˀ,he brings the song back up
dǫdahaęnaęˀ,he restarts the song
dǫdahehsnǫ:dręh,you follow him back
dǫdaheˀ,he is coming back
dǫdahsahsa:węh,you should start again!
dǫdasahge:t,you should come back
dǫdasahsnęht,get down from there again!
dǫdatgęnatehdǫ:goht,they (animal) sprouted
dǫdawadaˀgrahk,it resurfaced
dǫdawataędǫnyǫhneˀ,it is shimmering and coming towards you
dǫdaę:ˀ,she is coming back
dǫgadoktahs,I was not satisfied (with…); I didn't get enough
dǫgyaˀda:goˀ,I lost weight ;(literally: lost part of my body)
dǫsae:daˀ,she stood up again
dǫsagakenǫhǫ:nyǫ:ˀ,I thanked them again or I greeted them again
dǫsagowa:de:niˀ,the wind is changing (changing seasons)
dǫsahęˀdrǫ:daˀ,he landed again
e:dwahsę:nǫˀ,we all (inclusive) should give it a name
e:gęhs,she sees
e:yǫhs,she arrives (at the same time)
e:ˀ,again
eda:graˀs,she is forever falling (i.e. an old person)
eda:gyeˀs,a reign (literally: she is still standing; i.e. a queen)
edidwatnętsi:yak,we all (inclusive) broke our arms
edigyatnętsi:yak,we two (inclusive) broke our arms
ediˀtrǫnyaˀtaˀ,teapot
edręnowa:nęh,"she has a big smell, odour, scent"
edwadrihwahdęgyaˀt,we all (inclusive) did the ceremony
edwakdǫhnaˀ,we all (inclusive) are/ are we all going to see it
edwakdǫhneˀ,we all (inclusive) are/ are we all going to see it
edwanana:węht,we all (inclusive) wet it
edwatgwe:niˀ,we all (inclusive) won a competition
edwatędihsˀa:ˀ,we all (inclusive) finished the field (i.e. said after thrashing it)
edwayętwa:goˀ,we all (inclusive) harvested it
edwe:ˀ,we went together
edwęˀ,we all (inclusive) said
edęhda:kwaˀ,something that lies spread out on the ground
ega:gwahs,cashier
ega:gwahtaˀ gajęˀ,collection plate
ega:nyaˀs,she pays all the time
egahehdohaiˀtaˀ,someone washes or lyes corn
egahehdohaiˀtaˀ gaˀahdraˀ,lyed corn basket (for washing)
egahehdęhdahkwaˀ,lyed corn basket (for lying)
egahgaęheˀ,she is cross eyed 
egahędahkwaˀ,drill
eganyaˀktahk,what she used to pay with
eganyaˀktaˀ,what one pays with; barter
egaˀgwao:sˀageh ǫhsohtaˀ,eyebrow pencil
egeaˀsrǫni:ˀ,she is a hairdresser
egohgo:wah,"queen, the Queen"
egowanęh,"she is big, pregnant"
egowanęhgo:wah,she is really big
egęhjih,she is old; old woman
egęhędahkwaˀ,clothes brush
egǫˀdrowe:ktaˀ,pillow cases
egǫˀtrahahkwaˀ,weighing scales
eha:wiˀ,she carried it here or she brought it here
eha:ˀ,she is holding something right now
ehadahkwaˀ gahsiyadeˀ,clothesline
ehanagrahs,she has a stinky groin
ehe:tgęˀ,she is ugly or unruly
ehe:yǫhs,"she is dying, on her deathbed"
ehehgyaktaˀ ado:gęˀ,pick axe
ehehgyaˀktaˀ,spade
ehehgyaˀktaˀ gagawehsaˀ,shovel
ehna:dę:s,she has thick skin
ehnegadaihaˀdahkwaˀ,tea kettle
ehneganęhgwihtaˀ,something to draw water with
ehnyagwaiˀ,she is Bear Clan
ehnyahdo:t,she's got her head up (said of a child who is learning to lift its head by itself)
ehnyodahkwaˀ,pincushion; (literally: one sticks pins in it)
ehnyǫˀǫh,she is a White woman
ehnę:ye:s,she is tall
ehsa:gyaǫˀ,"you were tricked, fooled"
ehsahdrǫhgwęˀ,it did frighten you
ehsdagwa:kwaˀ,"dirty clothes hamper, laundry basket"
ehsihaǫ:kwaˀ,a blind
ehsinahetgęˀ,she has a bad leg
ehsne:ˀ,you two thought
ehsninaˀna:węht,you two wet it
ehsniˀ,you two said
ehsrohę:,she is habitually cross; cantankerous
ehstaˀ,she uses or people use
ehstaˀshǫ:ˀǫh,"tools, utensils; (what one uses)"
ehstǫdranęhgwitaˀ,hay wagon
ehstǫdraędahkwaˀgeh,barn
ehswana:na:węt,you all wet it
ehswatgwe:niˀ,you all won a competition
ehswe:ˀ,you all thought
ehsędˀadreˀ,you are going to bed
ehsǫwahdodagwahtaˀ,nail puller
ehwaˀestaˀ,"drumstick, baseball bat"
ehwihsdaędahkwaˀ,bank
ehwihsdaędahkwaˀ onǫhsǫ:t,"bank vault, safe"
ehwęˀga:gwahdahkwaˀ,chisel
ehya:dǫh,she writes
ehyadǫhaˀ,"she is a secretary, stenographer, court recorder, transcriber"
ehyadǫhkwaˀ,pencil
ehyadǫhkwaˀ gahyoˀti:yǫhs,pencil sharpener
ehyadǫhkwaˀgeh,on someone's pencil
ehyadǫhsranihahstaˀ,library
ehyadǫhsranihahstaˀgeh,library
ehyadǫhsranihahstaˀgeh gohsdihsdǫh,she is a librarian
ehyadǫhsraę:dahkwaˀgeh,post office
ehyadǫhsrǫ:da:kwaˀ,something into which paper is put
ehǫdahsrǫnyˀataˀ,pruning shears
ehǫnˀadoˀgwahstaˀ,potato digging fork
ei:hoˀgwa:s,"she is researching, instigating"
ei:sda:taˀ,something to iron with
ei:sda:taˀ ganehsda:ˀ,ironing board
eihwahę:deˀ,"she is an administrator, a leader"
eihwaohe:s,she is a researcher
eiˀgo:wah,cherries
eiˀgo:wah grahe:t,cherry tree
ejatgwe:niˀ,you two won a competition
ejihodagwahtaˀ,can or bottle opener
ejihsdahahkwaˀ adekwahahsraˀ,night stand
ejihsdoˀa:sdahkwaˀ,matches (old word); (literally: someone torches the fire)
ejihsdęhęwihdahkwaˀ,"lantern, torch, flashllight"
ejinǫwahedaniyodahkwaˀ,fish hook
ekdeha:s,"edible roots (pepper roots, turnips, carrots)"
ekdǫdahkwaˀgeh,museum
ekdǫdahkwaˀgeh hohsdihsdǫh,"he is a museum director, curator"
eksa:ˀah,"she is a child (under 12), a girl"
eksaę:dahkwaˀ,something into which dishes are put
eksaˀdahetgęˀ,naughty child
eksaˀdase:gęhę:ˀ,a former teenage girl
eksaˀdase:ˀah,teenage girl
eksaˀdase:ˀahgehę:,a former teenage girl
eksaˀdi:yo:,she is a nice little girl
eksaˀgo:wah,she is pretty
eksaˀgowahne:ˀ,she used to be pretty
eksaˀshǫ:ˀǫh,she or they are children
ekseˀdaˀgeh,on her belly
ekseˀdo:t,her belly button (n.b. NOT 'her belly')
eksohaihǫdahkwaˀ,kitchen sink or dish pan
ekwa:hkwaˀ,a stomach
ekwahehaˀ,she is a waitress
ekwaędahkwaˀ,"cupboard, pantry"
ekwaędahkwaˀgeh onǫhsǫ:t,pantry
ekǫnyataˀgeh ehstaˀshǫ:ˀǫh,"kitchen items, utensils"
ekǫnyataˀgeh ohsǫwahdadai:hę: ehstaˀshǫ:ˀǫh,electric kitchen appliances
ekǫnyaˀtaˀ,what one cooks with
ekǫnyaˀtaˀ ganaˀjashǫ:ˀǫh,cooking pots
ekǫnyaˀtaˀ ganǫhsadaihaˀdahkwaˀ,cook stove
enagaidahkwaˀ,a whistle
enagrehsraęˀ ,something is urban
enai:,she is proud in a boastful manner
enakdowe:ktaˀ,bedspread
enaˀda:kwaˀ,bread container
enaˀda:nawęhdahkwaˀ,bread steamer
enaˀjanęhgwitaˀ,grain wagon
enaˀjohaiˀtaˀ,pot cleaner
enehsdaiyaˀktaˀ,a hand saw
enehsdaiyaˀs,she is sawing a board
enehsdanyaˀktaˀ,saw
enehsdanyaˀs,she is sawing a board
enehsdao:haiˀtaˀ,mop
enhaˀtraˀ,"Ombudsman, etc."
enihaǫhaˀ,she is stringing or beading something
eniyǫdahkwaˀ,hook
enohai:hǫˀdahkwaˀ,something that is used for laundering
enohai:hǫˀdahkwaˀ enoha:ˀtaˀ,laundry soap
enohai:hǫˀdaˀgeh,"laundry room, laundromat"
enohaˀtaˀ,soap; what one washes with
enoˀjo:t,she has teeth
enrahda:s,lettuce
enrahdao:hektaˀ,a rake
enę:tso:t,her (attached) arm; she has an arm
enęhgwitaˀ,what you haul with
enęhohato,lyed corn 
enęhohatoˀgahdrah,lying corn basket
enętsaˀgeh,on her arm
enǫgˀędaˀ,she is moody
enǫhgwatraę:dahkwaˀ,medicine cabinet
enǫhwehksǫnyǫh,she goes along liking things
enǫhweˀs,she likes it
enǫwęhdraˀ,she is cantankerous
enǫˀgehaˀdahkwaˀ,nursing bottle
enǫˀgehaˀdahkwaˀ gatseˀdaˀ,nursing bottle
enǫˀgo:t,her breast (attached); udders
enǫˀgwaˀgeh,on her breast
esa:tǫ:dęh,you heard it
esa:wę:naˀt,you gave up
esadęhę:k,you got a tan
esahdǫ:ˀ,you lost it
esahe:waht,you have been punished
esahsęhs gęh,Do you regret it? Did you regret it? Are you satisfied now?
esaidręhda:ˀ,you got sleepy
esanigǫhaędaˀ,did you / you did understand
esanyagwahǫˀ,you vomited
esawihsdaˀdǫ:ˀ,you lost money
esaˀdrahehs,you are exaggerating
esaˀnodrahs,"you did get a skin infection, a reaction"
esgwadrihwatǫda:dęˀ,as you have listened to my idea
esnęhtahkwaˀ,"you descended or climbed down the stairs, ladder"
esohgwaˀgeˀ,on her lips
esǫwahdodahkwaˀ,something used for holding pins
esǫwahdodahkwaˀ eˀnihkǫkwaˀ,pin cushion
etihso:t,our grandmother
etinohaˀ,our mother; women
etiyenawaˀs,let us help her or them
etjiyenawahs,you all help(ed) them
etninana:węht,we two (inclusive) wet it
etsehsda:taˀ,glue
etsgo:t,she is sitting
ewiya:hkwaˀ,"uterus, placenta"
ewęnohgriˀyaktaˀ,something that cuts weeds
eya:gewahtaˀ,an eraser
eya:nawęˀda:kwaˀ,sugar bowl
eya:nędakdahkwaˀ,glue or scotch tape; something that causes things to stick
eya:taˀ,someone spreads it
eya:wihsdotsaˀtaˀ,paring knife
eyahkwaˀ,containers
eyaˀdagrahs,her body smells
eyaˀdagwę:ni:yoˀ,she is the executive director or top boss
eyaˀgę:,she is light-skinned
eyętwahkwaˀ,planting tool
eyęˀgwadǫda:taˀ gaya:ˀ,tobacco pouch
eęossgo:wah,the big boss
eˀdroda:kwaˀ,diaper bag
eˀdrǫˀ,she is home
eˀnhǫhdagrahs,her armpits smell
eˀni:kǫhs,seamstress
eˀnigǫhahetgęˀ,she is evil-minded
eˀnikǫhkwaˀ,something used for sewing
eˀnikǫhkwaˀ ehnyodahkwaˀ,pin cushion
eˀnikǫhkwaˀ gahsǫwahdaˀ,needle
eˀnikǫhkwaˀ gahǫhsraˀ,sewing box
eˀnikǫhkwaˀ ohsi:yaˀ,thread
eˀnowaniyǫ:dahkwa,lock
eˀwahai:sgyaktaˀ,butcher knife
eˀwahai:sgyaktaˀ gahęnˀatraˀ,butcher knife
eˀwahai:sgyaktaˀ ganehsda:ˀ,butcher's cutting board
eˀwahai:sgyˀaktaˀ,meat slicer
ga:dageh,a heel
ga:di:t,they (animal) are standing 
ga:dę:s,"it is thick, dense"
ga:dǫh,I am saying it all the time
ga:gwa:gyeˀs,sun and moon
ga:gwa:ˀ,"a celestial orb (i.e. the sun, the moon)"
ga:gę:,"it is white; it is light-skinned, it is light-coloured"
ga:gęh,it sees
ga:gęhs,it sees
ga:gǫgweh,women
ga:gǫgweˀdase:,they (female or mixed group) are young women
ga:gǫgweˀdase:shǫ:ˀǫh,many young women (picked out from a group of women)
ga:gǫgweˀdi:yo:,they (female or mixed group) are good natured people
ga:hgwanahnǫh,the full moon (which brings rain)
ga:hǫhsraˀ,cradleboard
ga:jih,come here; to beckon
ga:tsgˀędaˀ,a rope
ga:yęˀ,it is lying on the ground
gada:kseˀ,it is running; to run
gada:tro:t,Standing Quiver Dance
gadadrihǫnya:nih,I am reading
gadahnyohneˀs,to fish continuously
gadahnyoˀs,I fish continually
gadahsehtaˀ,I hide
gadahǫhdohai:ˀ,I am washing my ears
gade:nyǫ:,it is empty
gadehęhs,"I am embarrassed, ashamed"
gadejiˀohgyaˀs,I am cutting my nails
gadenyagwahtaˀ,I make myself vomit
gadenyaˀgwahtaˀ,I make myself vomit; I am bulemic
gadeshahsdǫhaˀ,I use my strength
gadeteˀtra:s,I am powdering myself
gadeˀnyę:dęhs,I try all the time
gadi:nyo:ˀ,wild animals
gadi:tse:nęˀ,"farm animals; (literally: they (animal) are domesticated, tame)"
gadi:tse:nęˀ hadiˀdrǫdahkwaˀ,pasture
gadi:tsgo:dǫˀ,they (animal) are sitting
gadi:tsgo:t,they (animal) are all sitting
gadi:ya:sǫh,"they (animal) are called, named"
gadidagrǫˀ,they (animal) are lying down
gadidaksenǫgyeˀ,"they (animal) are running about, roaming"
gadidaksenǫgyeˀs,"they (animal) are running about, roaming"
gadidakseˀ,they (animal) are running all over
gadigowa:nęh,they (animal) are big
gadigowa:nęˀs,they (animal) are bigger than the rest
gadigyenǫ:gyeˀ,"they (animal) are flying, floating about in the air (i.e. seeds, etc.)"
gadigyenǫ:gyeˀs,"they (animal) are flying, floating about in the air (i.e. seeds, etc.)"
gadihnegaheˀdahkwaˀ,animal watering place; watering hole; trough
gadihnę:ye:s,they (animal) are tall
gadihsdihsra:s,moth larvae (literally: they eat cloth)
gadihsiha:ˀ,they (animal) are congregated
gadijǫˀda:grahs,they (animal) smell like fish
gadinahsgwi:yo:,they (animal) are good pets
gadinahtsa:grahs,their (animal) bums smell
gadinhodǫ:nyǫˀ,they (animal) are locked up
gadinhodǫ:nyǫˀ gadi:nyo:ˀ,zoo animals
gadinoˀjo:t,they (animal) have teeth
gadinrahda:s,they (animal) eat the leaves
gadinętso:t,they (animal) have an arm
gadinǫhweˀs,they (animal) like it
gaditse:nęˀ hanyohs,butcher; (literally: he kills the animals)
gaditseˀdǫdaˀdǫˀ,Shaking the Bottle
gadiyahshǫ:nyǫˀ,their (animal) names
gadiyaˀdagwęni:yoˀ,they (animal) are the main ones
gadiye:nahs,they (animal) catch something
gadiˀdrehdahkwaˀ,"vehicular pathways, roads"
gadiˀdrǫˀ,"they (animal) live (designates a shed, dog house; etc.)"
gadiˀsgwao:he:s,Stonegather sucker (fish)
gado:gę:,a certain way; together; a certain thing
gado:nyeˀs,I drive continually
gado:wih,I drive all the time
gado:wihs,I drive all the time
gadowihshęhęˀ,I rest all the time
gadrehdaga:yǫh,old car
gadrehdagwe:gǫh,all the cars
gadrehdahshǫ:ǫh,three or more cars (variety of cars)
gadrehdanęhgwihtaˀ,tow truck
gadrehdaya:no:weˀ,"train, fast car"
gadrehdaę:,one parked car
gadrehdaędǫˀ,the cars are parked
gadrehdaˀ degęnaǫ:haˀ,car races
gadrehdaˀ gajihsdotaˀ,car's headlights
gadrehdaˀgęhę:ˀ,it was a car
gadrehdaˀse:,new car
gadrehde:s,long car
gadrehdi:yo:,nice car
gadrehtaˀ,"it moves itself, it rides"
gadrihoˀdahsgęhę:ˀ,"I did work (in the past, but I do not anymore) "
gadrę:ni:yo:,a nice smell
gadrę:ni:yoˀs,perfume
gadręnagaˀǫh,"it smells good, sweet, appetizing"
gadręnahsha:sdeˀ,it is a strong smell; it is strong-smelling
gadręnowa:nęh,"a big smell, odour, scent"
gadwahtaˀ,I miss it always
gadwiyaǫgwahs,"I adopt babies, children (all the time)"
gadęgahnyeh,I am babysitting
gadęhda:ˀ,it is lying spread out on the floor or the ground
gadęnowęhtaˀ,I am in denial; I am denying
gadęˀnigǫhahni:yahstaˀ,I have patience
gae:jǫˀda:grahs,they (female or mixed group) smell like fish
gae:nagreˀ,where they (female or mixed group) live (an area)
gae:nǫhweˀs,they (female or mixed group) like it
gae:yohe:s,they (female or mixed group) are gathering
gaeda:graˀs,they (female or mixed group) fall down (not often used)
gaedagrǫˀ,they (female or mixed group) are lying around
gaedręnowa:nęh,"they (female or mixed group) have a big smell, odour, scent"
gaegowa:nęh,they (female or mixed group) are big
gaegęhjihshǫˀ heyagonadadaǫ:,nursing home
gaegęhjihshǫˀ sagodinǫhsonya:ni:,nursing home
gaegęhjihsǫ:ˀǫh,they (female or mixed group) are elderly
gaegęhs,they (female or mixed group) see it
gaehnahtsa:grahs,their (female or mixed group) bums smell
gaehnyagwaiˀ,they (female or mixed group) are Bear Clan
gaehnę:ye:s,they (female or mixed group) are tall
gaehsiha:ˀ,they (female or mixed group) are standing in a group or clump
gaehwagwę:ni:yoˀ,the truth
gaehwajiyadeˀ,their (female or mixed group) family line
gaehǫwageho:nǫˀ,female sailors
gaeksa:ˀah,they (female or mixed group) are two girls
gaeksaˀshǫ:ˀǫh,they (female or mixed group) are children
gaeksˀago:wah,they (female or mixed group) are pretty girls
gaenoˀjo:t,they (female or mixed group) have teeth
gaenętso:t,they (female or mixed group) have an arm
gaenǫˀgwaˀgeh,on their (female or mixed group) breasts
gaeˀnhǫhda:grahs,their (female or mixed group) armpits smell
gaga:we:,the act of rowing
gagahe:ˀ,price (of something)
gagahehdęhdǫh,lyed corn
gagahgaęheh,it is cross eyed
gagahihsdaˀ,eye glasses
gagahoˀji:yaˀs,lawn mower
gagahwehsaˀ,shovel
gagahętaˀ,a drill bit
gaganyˀagǫh,payment
gagawehsaˀ,paddle
gagaę:heˀ,it is slanted
gagaˀdaˀ,white oak
gagaˀǫhsro:nih,"it makes it taste good (i.e. herbs, spices)"
gage:tsgwęh,it is raised to a vertical position
gagehdaˀ,"tie, scarf"
gagehǫˀ,things are lying about
gageˀaniyǫ:dǫˀ,rags hanging
gagohdahsǫhs,cloudy intervals
gagowanahtaˀ,it makes things big
gagowanahtaˀ atgǫhsgwaˀtraˀ,magnifying glass
gagowanęh,it is big
gagrahs,it stinks
gagwidehji:hah,early spring
gagwidehneh,"springtime, in the spring"
gagwiyoˀdaˀ,corn husk around a wooden mask
gagyaˀdohai:,I am taking a bath
gagyeˀ,it is flying along
gagęh otgǫhsgwaˀtroˀ,a lens
gagęh wadęnohsgwaˀtroˀ,a lens
gagęhętrǫ:niˀ,it has been abused
gagęihsdǫh,postponement; (literally: it has been moved)
gagęnhisǫhne:,it was a long summer
gagęˀdo:aę:ˀ,it is attached to something
gagęˀdo:ˀ,it is stuck under something but it is removable (i.e. a piece of gum under a table); it is stuck on something else (i.e. a wall)
gagǫhsaˀ,the mask
gagǫhstǫˀaˀgeh,on its whiskers
gagǫnyǫhsde:ˀ,respect
gagǫnyǫhse:s,rhino tusk
gagǫˀdraˀ,"pillow, cushion"
gagǫˀtrahe:haˀ,"balance, weigh scale"
gaha:daˀ,"forest, bush"
gaha:do:t,forest
gaha:gǫ:,in the bush
gahadakda:gyeˀ,the edge of the bush
gahadanawęhdǫh,it is quenched
gahadaę:dǫnyǫˀ,forests
gahado:wa:nęˀs,big (thick) forest
gahahsrǫgyehtaˀ,lion
gahaˀdanegaǫ:,Iroquoian headdress
gahaˀdatęhs,it is thirsty
gahaˀdohnǫˀ,clothesline; it is hanging up to dry
gahaˀdˀageh,on its throat
gahaˀk,it did sit on something
gahaˀtaˀ,it dries
gahdiso:da:,cardinal (bird)
gahe:ˀ,it is sitting up on top of something; it is sitting here
gahehdagahatwęh,ploughed field
gahehdageh,on the land
gahehdageh wadrihoˀda:staˀ,farm machinery
gahehdageka:ˀ gadrehdaˀ,tractor
gahehdehdeha:ˀ otgwęhjˀia:ˀ ohǫ:daˀ,red whip (the one that grows in the field) 
gahehdǫne:s,bulldozer
gahehnagri:,wrinkled bundle
gahehnawęhę:s,bail elevator
gahehnaˀ,"cargo, bundle, load"
gahetgęhdǫh,"it is ruined, wrecked (by someone)"
gahetgęˀ,it is ugly
gaheyaodǫˀ,standing bunch of corn stalks
gaheyǫ:ˀ,death
gaheyǫdanęhgwih,hearse
gaheyǫdanęhgwih hado:nyeˀs,he is a driver (of a hearse)
gaheyǫdaęˀ,the body is lying (in state)
gahgwase:ˀ,new moon
gahihǫh,it is spilled
gahkowa:nah,Green Corn Dance (big)
gahnahtsagrahs,a bum smells
gahnawahshahsdeˀ,fast flowing currents or rapids
gahnaˀtso:t,"its attached ass; a bare ass; (said of children with no clothes on, etc.)"
gahne:ga:t,it is watery
gahne:ga:ˀ,a level; (literally: it contains liquid)
gahne:ga:ˀ ehyadǫhkwaˀ,pen
gahne:gohs,welding machine
gahnega:hǫh,head lead on a stick
gahnegadahgwahs,water pump
gahnegayęhtaˀ,"the water (water, etc.) is hitting against something"
gahnegehaˀ,it is drinking
gahnegowanęˀs,big waters
gahni:nǫˀ,something that is bought
gahnih,it is barking 
gahnihs,it is barking 
gahninǫhnyǫˀ,consumption; (things which are bought)
gahniyˀadǫh,"it is tight, tightened"
gahnoˀs,Joe Pye weed
gahnyagwaiˀdagę:t,polar bear
gahnyahdo:t,it's got its head up
gahnyaˀse:s,it has a long neck
gahnyaˀsesgo:wah,giraffe
gahnyo:t,it is standing
gahnyohsoˀ,boiled squash
gahnyoˀgwaji:,walnut
gahnyędahsaˀ,beak
gahnyędahsaˀgeh,on its beak
gahnyętse:s,garfish
gahnyǫgwidrataˀdǫh,raisins
gahnyǫhsradeˀ,iron beams
gahnyǫˀsraˀ,a bar
gahnyǫˀsraˀ gadiye:nahs,nuts and bolts
gahnyǫˀǫh,it is white
gahnyǫˀǫh ohyaˀ,apples
gahnyǫˀǫhgeha:ˀ,"the White (i.e. Caucasian) kind, culture"
gahnyǫˀǫhsraˀ,"iron, steel"
gahnę:ye:s,it is tall
gahnǫh,handkerchief
gaho:traˀ,a package
gahowedahshǫ:ǫh,"hoses, cylinders"
gahoweˀdaˀ,"tube, cylinder"
gahoˀdago:wah,"cannon, missile"
gahoˀde:s,rifle
gahoˀdǫh,it is drying (right now) 
gahsagahę:t,mouth
gahsaˀkaˀ,I have a cough or I am coughing
gahsda:haˀ,I am crying
gahsdagwa:dahgwahs,"bleach, javex"
gahsdagwa:grahs,"dirty, smelly clothes"
gahsdagwa:niyǫ:dǫˀ,hanging laundry that is not clean
gahsdagwaˀ,dirty clothes
gahsdaowa:nęh,it is raining hard
gahsdawˀędraˀ,rattle; horn rattle
gahsdo:waˀ,headdress done to here
gahsdoˀdrowa:nęh,"big, large feather"
gahsdęho:dǫˀ,"mountains, pile of boulders"
gahsdęho:t,mountain
gahsdǫhgwage:,Cookhouse (at the Longhouse)
gahsehdǫh,"robbed, hidden"
gahsehewahtaˀ,you are going along punishing people
gahsehtaˀ,I do hide something
gahsga:ne:s,I have longings for; I want; I desire
gahsgo:gyeˀ,it (something alive) is floating
gahsgohaǫ:ˀdadǫˀ,Shake the Bush Dance
gahsgwa:dahgwęh,"a neutered animal, a gelding"
gahsgwa:ˀ,"stone, rock, boulder, bullet"
gahsgwaot,headstone
gahsgwaowa:nęh,boulder
gahsgyaǫ:nyǫ:ˀ,words of encouragement
gahsha:sdeˀ,"it is strong, tough, powerful"
gahshahsdęhsraˀ,"power, strength"
gahshahstętra:tgǫˀ,evil power
gahshegowanęhtaˀ,you have pride in them
gahsheyahdehnyęhtaˀ,I am going along knocking people over
gahsheyahdogataˀ,you raise children; foster parents
gahsi:yǫ:ni:,it is fringed
gahsiyadeˀ,suspended line or string
gahsiyani:yǫ:t,fringe
gahsiˀdagrahs,my feet smell
gahsiˀdˀageh,on my foot
gahsnaˀda:s,Muscular Dystrophy
gahsno:weˀ wahshe:dahs,calculator
gahsogwa:ˀ,fork
gahsohdǫ:t,hands on a clock
gahsohgǫ:t,pitcher
gahsohgǫ:t eyahkwaˀ,pitcher
gahsręhęˀdo:t,"a standing, angry person"
gahsrǫ:ni:,it has been made
gahsrǫ:nihs,it makes something
gahsrǫnyadǫh,it is made from
gahstǫdrao:he:s,hay rake
gahstǫdrayę:twęh,hay field
gahstǫdri:yaˀs,mower (for hay)
gahswaǫgyǫ:ˀ,gravel has been put down
gahswaǫgyǫ:ˀ oha:deˀ,gravel roads
gahswaˀne:t,"reinforcement, backing"
gahswęhdaˀ,wampum belt
gahsyada:gyeˀ,a passing herd
gahsyao:t,a standing herd
gahsę:naˀ,a name
gahsę:nǫ:ni:,stored items
gahsęhęyęhtaˀ,goldenrod; (literally: the frost hits it)
gahsęnowa:nęh,it is famous
gahsęnǫnyahnǫˀ,stored items; it is put away
gahsǫ:ˀ,All Eaten Up (ceremony for charms) (Restricted)
gahsǫhdadaihę:,hot plate
gahsǫhdaˀ ǫhgwęnyaniyǫdahkwaˀ,wire clothes hangers
gahsǫwahda:deˀ,it has wires that stand out
gahsǫwahdaˀ,"nails, wire, needle"
gahsǫwahdoda:gwahs,the claw of a hammer
gahwajiya:deˀ,a family (matrilineal)
gahwajiya:do:gę:,"a certain family, dynasty"
gahwajiya:do:gę: jidęˀęshǫ:ˀǫh gaˀga:ˀ,the crow family or species
gahwajiyagehǫˀ,families
gahwajiyaˀgeha:ˀ,the family kind
gahwajiyowanęh,large family
gahwihsdanęhgwih,it hauls money
gahwihsdanęhgwih gadrehdaˀ,armoured truck (i.e. Brink's truck)
gahwihsdanǫ:ˀ,gold; anything expensive
gahwihsdˀaehs,clock
gahwęjagahętaˀ,a hole in the earth
gahwęˀga:tgwęh,notched (i.e. a casket)
gahwęˀgaǫni:,it is made into a splint
gahwęˀgaǫni: ohwęˀga:ˀ,splint
gahwęˀgaˀo:ˀo:,it is notched
gahwęˀsdotaˀ,beer; (literally: it has a head on it)
gahwęˀsdoˀ,foam
gahya:gwahs,I am picking fruit
gahyadohsragahętaˀ,paper punch
gahyadǫhsra:ye:nahs,paper clip
gahyadǫhsradogęhdiˀ,Bible
gahyadǫhsraˀ,paper
gahyadǫhsraˀ deganǫhsǫ:taˀ,stapler
gahyadǫhsraˀ ǫhjagewahtaˀ,paper towels
gahyagwahsgęhę:ˀ,I was a fruit picker
gahyagwiyaˀgeh,on my toes
gahyagwęhęgyeˀsgęhę:ˀ,I used to be a fruit picker
gahęda:ˀkˀah,by the field
gahędagęha:ˀ,field kind
gahędagǫ:,in the field; meadow
gahędaędǫˀ,meadows
gahędaęˀ,"meadow, pasture, field"
gahęhdi:yo:,good ground
gahęhstaˀ,it is drying out
gahǫ:ga:ˀ,elm
gahǫ:kaˀ,I understand
gahǫ:nyǫˀ,things are setting there
gahǫh,it has been spread on
gahǫhdaˀgeh,on my ear
gahǫhsragǫ:,in the box
gahǫhsrashǫ:ˀǫh,many boxes
gahǫhsraˀ,a box
gahǫhsrot,mailbox
gahǫhsrot ehyadǫhsrǫ:da:kwaˀ,mailbox
gahǫhsrowa:nęh,big box
gahǫnadayętwęh,potato field
gahǫnˀadadai:haˀdǫh,home fries or warmed up potatoes
gahǫnˀadi:yoˀs,nice potatoes
gahǫnˀadoˀ,boiled potatoes
gahǫwadihǫh,a leaning boat
gahǫwageho:nǫˀ,Boat People
gahǫwagǫ:,in a boat
gahǫwaˀ,boat
gahǫwaˀgo:wah,ocean liner
gahǫwedadenyǫˀ,plumber
gahǫˀji:,it is dark-coloured
gahǫˀjih dagusgo:wah,panther
gahǫˀjih ni:ˀ,I am (exceptionally) dark
gahǫˀjihgeha:ˀ,the black kind
gahǫˀjihgeha:ˀ nigaę:noˀdęˀs,black people's music
gahǫˀjihsdaˀ,"a motor, engine"
gai:hoˀdęhsrashǫ:ˀǫh,"occupations, jobs"
gai:hǫnya:ni:ˀ,education
gai:hǫnya:ni:ˀ tgayaˀdagwęni:yoˀgeh,education office; education
gai:sraˀ,leggings
gaidręhdaˀ,"sleep, a dream"
gaigęhjihshǫh,they are old
gaihgowahsǫˀ,they (female or mixed group) are royalty
gaihowa:nęh,glory
gaihoˀdęhsri:yo:,it is nice work
gaihoˀdęhsrowa:nęh,"a lot of work, big work; it is a big job"
gaihoˀdęˀsrahsdeˀ,"heavy work, hard work"
gaihsdaˀ,"tin, metal"
gaihsdaˀ gahsdawˀędraˀ,tin rattle
gaihsdiˀdrǫ:,it has been surveyed
gaihsdowa:nęh,a loud noise
gaihwado:gęˀ,it is the main idea
gaihwadra:gwę:ˀ,an answer
gaihwaehsdǫ:ˀ,a report
gaihwagehdeˀ,responsibility
gaihwahe:ˀ,a presentation
gaihwahsrǫnih,justice; rules
gaihwajiyaˀtgaha:ˀ,they (female or mixed group) are social work(ers)
gaihwajiyaˀtgaǫhaˀ,they (female or mixed group) are social work(ers)
gaihwane:gę:ˀ,"prayer, to pray"
gaihwanenǫgyeˀs,rumours
gaihwaneˀaksraˀ,sin
gaihwaohǫ:ˀ hohsdihsdǫh,he is a research director
gaihwawehta:hǫh,an inserted message
gaihwaędahgǫh,their collective responsibility; (literally: it is a collective responsibility)
gaihwaętgwahnǫˀ,their (female or mixed group) collective responsibility; delegations
gaihwihsahǫh,promise
gaihwihsaˀ,an agreement
gaihwiyohsdęhsraˀ,religion; the Christian faith
gaihǫnya:ni:ˀ gohsdihsdǫh,she is an education director
gaiˀsdowa:nęh,it is noisy
gaiˀwao:ni:,welts
gaji:nah,he is a male; genitals (of an animal)
gaji:nah deyonagaǫt,ram (literally: male sheep)
gajidęhtra:s,evening bird
gajihayaˀ,Taking out the Cork (forbidden dance); the devil
gajihgwaˀe:ˀ,it punches
gajihgǫ:ni:,mashed food
gajihnyogwahe:ˀ ,toque
gajihnyogwahe:ˀ anahao:traˀ,toque
gajihoha:ˀ,"straight pin, pin, brooch, safety pin"
gajihsani:yǫ:t,a hanging cornhusk mask
gajihsdahkwahdǫh,it is dim
gajihsdahkwahtwęh,it is dim
gajihsdaˀ,lamp
gajihsdo:t,the light is on
gajihsdotaˀ,"light bulb, lamp"
gajihsdǫgyeˀ,"flaming star, meteor, comet"
gajihstǫda:haˀ,"evening, morning star; Venus"
gajihsǫda:haˀ,main plant of weeds (medicine) check translation
gajihwaˀ,hammer
gajihwęhtaˀ,sparrow hawk
gajihyo:t,type of bread baked in a shallow pan; pan bread; (it has bumps like porridge); oven bread
gajihyowa:nęh,"sledgehammer, big hammer"
gajihyowa:nęˀs,big hammers
gajikheˀdahǫh gwihsgwihs oˀwahǫh,salt pork
gajisdo:t,a light
gajiˀdanahnǫˀ,you are (literally: it is) about to cry
gajiˀdo:t,it is crying
gajiˀdoda:gyeˀ,someone is going along crying
gajiˀdrǫwada:sehs,screwdriver
gajiˀgoda:gyeˀ,she (literally: it) is going along nude
gajiˀgwaˀ,nakedness
gajiˀnǫhda:s,monkey; (literally: it eats bugs)
gajiˀnǫhda:sgo:wah,gorilla
gajiˀohdaˀgeh,"on its claws, nails"
gajobtri:yo:,nice job
gajobtrowa:neh,big job
gajęhęhda:s,"buzzards, vultures"
gajęˀ,"dish, plate, bowl"
gajęˀehawiˀdahkwaˀ,tray
gakdehagwę:ni:yoˀ,the main root
gakehawakshǫ:ǫh,my children
gakehjˀiashǫ:ˀǫh,my older siblings
gakehyǫhwa:dęˀ,my brother's children; my nieces and nephews
gakehyǫwadęhshǫ:ˀǫh,nephews
gakenohaˀahshǫ:ǫh,my aunts
gakenosęh,my uncles
gakenosęhshǫ:ˀǫh,my uncles
gakeyadreˀ,my grandchildren (said when reckoning a bloodline)
gakeyadreˀshǫˀ,my grandchildren
gakeyadreˀshǫˀǫh,my grandchildren
gakeyahsgyaǫnyǫh,I am giving them words of encouragement
gakeyaˀda:węh,my brother's children
gakeyaˀdaˀs,I rely on them
gakeyǫhwa:dęˀ,my brother's children; my nieces and nephews
gakeyǫhwadęhsǫ:ˀǫh,my nieces
gakeˀdahswahęhędrǫh,I am going along scolding people
gakeˀdahswahęhędrǫhk,I used to go along scolding people
gaksaga:nye:ˀ,Grinding Dishes (medicine ceremony)
gaksaˀdanęhgwih,school bus
gaksi:yoˀs,good dishes
gaksi:yoˀs eksaę:dahkwaˀ,"buffet, hutch"
gaksohaihs,dish washer
gakwadai:haˀtaˀ,toaster oven
gakwahe:ˀ,"tea meetings, supper"
gakwahsno:weˀ,fast-food cooker
gakwahsno:weˀ gakǫ:nihs,microwave oven
gakwashǫ:ˀǫh,variety of foods
gakwaˀ,food
gakwaˀ ganaˀnohstaˀ,refrigerator
gakwi:yo:,"good, nice food"
gakǫ:ni:,cooking
gakǫ:nihs,it cooks
gana:daˀ,"town, community"
gana:ga:t,traditional flute (made of wood)
gana:kdaˀ,bed
gana:kdaˀ ona:sgwaˀ,mattress
gana:ˀji:yaˀs ganajˀaehs,a combine (machine)
ganadageho:nǫˀ,"urban dwellers, city people, urbanites"
ganadagwęni:yoˀ,capital city
ganadagǫ:,"in the town, community"
ganadagǫhgeha:ˀ goyaˀdanęhgwˀitaˀ,city bus
ganadaęˀ,a town
ganadenhehsǫdahkwaˀ,a harness (for an animal)
ganadowa:nęh,city
ganadę:nohk,they (animal) are related
ganagaedahkwaˀ,a whistle
ganahaitaˀ,corn napper (an insect similar to preying mantis)
ganahaǫgwęˀ,seeds; seed corn
ganahdaˀ,comb
ganahgowa:nęh,big barrel
ganahgwahniyadǫh,sanctioned marriage; lawful marriage
ganahgwaˀ,bass drum
ganahgǫtaˀ gaditsehsdǫda:taˀ,honeycomb
ganahsgwahetgęˀ,it is a bad pet
ganahsgwaˀ,"tame animal, pet, domestic animal"
ganahsgwi:yo:,a good pet
ganai:,"pride, boastfulness"
ganaiˀdaˀ,"a peacock; bride, boastfulness"
ganajayę:twęh,"wheat field, oat field"
ganajˀaehs,grain threshing machine
ganakdageh,on the bed
ganakdagwęniyoˀgeh,"at the most important seat of the Confederacy; refers to Onondaga Nation (Syracuse or Nedrow, N.Y.)"
ganakdiyohsgeh,"a good seat, good for someone to be there"
ganawagehgeha:ˀ,"red whip (the one that grows in the water, pond)"
ganawagǫ:,"in the pond, swamp"
ganawaę:ˀ,"swamp, pond"
ganaˀda:gi:daǫ,fried bread
ganaˀdaę:ˀdahs,toaster
ganaˀja:t,pail
ganaˀjadahgwahs,grain auger
ganaˀjagęˀdo:ˀ,radiator
ganaˀjahe:ˀ,pail setting on s.t.
ganaˀjashǫ:ˀǫh,cooking pots
ganaˀjawęhę:s,grain auger
ganaˀjaˀ,pail
ganaˀjitgęhǫh,Taking Out Kettle (forbidden)
ganaˀjo:t,it is boiled; (literally: it is a standing pot)
ganaˀjohsgwa:gǫ:ˀ,in the cup
ganaˀjohsgwaˀ,cup
ganaˀjohsgwaˀ eyahkwaˀshǫ:ˀoh,several sets of canisters
ganaˀjohsgwaˀshǫ:ˀǫh eyahkwaˀ,canisters
ganaˀjowa:nęh,"bass drum, big kettle drum, big pail"
ganaˀjowiˀtraˀ,water drum
ganaˀjǫ:,drum; water drum
ganaˀjˀaǫweh,cooking pots with the feet; iron kettle
ganaˀnawęhdǫh,it has melted; it is soaked
ganaˀnawęht,it is melted
ganaˀnawęˀdahǫh,it has been melted
ganaˀnawęˀs,it melts
ganaˀnawęˀs ǫdejihsdodahkwaˀ,candles
ganaˀnawęˀs ǫdejihsdodahkwaˀ gaye:nahs,candelabra
ganaˀnohstaˀ,refrigerator; (literally: it cools things off)
gane:yǫhs,a medical clinic; a healing place; (literally: it heals)
ganehsda:denyǫˀ,rafters (made of board)
ganehsda:dęhda:ˀ,a floor
ganehsda:geh edęhda:kwaˀ,rug
ganehsda:ˀ,a board
ganehsda:ˀgeh,on the floor
ganehsdaot,"headboards, grave markers, billboards, signs; (literally: standing board)"
ganehshęhęˀ,dogfish
ganehwataˀdǫh,"dried, drying hides"
ganehwaˀ,"leather, hide"
ganesdaodǫˀ,boards
ganeˀdagǫ:,"in, under the valley"
ganeˀgwa:ˀe:ˀ ganreˀgwa:ˀe:ˀ,Eagle Dance; Strike the Stick
ganhaˀǫh,it is hired
ganhehsaga:hę:hah,nylons
ganhehsaga:hę:hah adahditraˀ,nylons
ganhehsaga:hę:hęh,silk
ganhehsaˀ,"harness, ribbon, laces"
ganhehsraˀ,to take someone's part; advocacy
ganheˀdaˀ,porcupine
ganhodǫgwęh,it is open
ganhogahę:t,doorway
ganhohani:yǫ:t,"gate, door"
ganhohaˀ,door
ganhyaˀ,stick
ganhęhjo:t,its tail; it has a tail
gani:kǫˀ,seam
gani:yǫ:daˀk,"it hung there, it used to hang there"
gani:yǫ:t,it is hanging
ganiga:hęhsrahoˀdęhstaˀ,fabric softener
ganigohahetgęˀ,a bad-thinking mind
ganigǫhahniya:dǫ:ˀ,the act of counselling
ganigǫhatsęhtaˀ,a tired mind
ganihaǫ:ˀ,it is strung
ganihaǫ:ˀ otgoˀa:ˀ,strung wampum
ganihga:hęhsri:yo:,"cotton, silk"
ganihgǫhageˀ,on the minds
ganihęhaˀ,I always quit
ganikǫhaˀ,sewing machine
gano:waˀ,guitar; any string instrument
ganohaehs,washing machine
ganohsgwita:ˀ,broom
ganohshęhsraˀ,jealousy
ganohsohda:nǫ:ˀ,AIDs; disease
ganohǫkdehsraˀ,sickness
ganowagahe:ah,box turtle
ganowani:yǫt,hanging lock
ganoˀgwahihs,milkweed
ganoˀjaęˀ,it has teeth
ganoˀje:s,tusk
ganoˀjo:t,it has teeth
ganreˀaˀ,Eagle Feathers (for making friends; the one who asks for the friendship holds the feathers)
ganya:tsǫ:ni:,it is braided
ganyada:geha:ˀ,lake kind
ganyada:gǫ:,in the lake
ganyada:ˀgeh,"to, at, on the lake"
ganyadageho:nǫˀ,"lake people, cottagers"
ganyadahka:ˀ,smelts
ganyadai:nyǫˀ,lakes
ganyadakdagyeˀ,along the lake or shoreline
ganyahdę:,turtle
ganyahdę: gahsdawˀędraˀ,turtle rattle
ganyahdęgo:wah,snapping turtle
ganyahdęgo:wah gahsdawˀędraˀ,snapping turtle rattle
ganyaˀkwai:,seal (referring to its lack of a neck)
ganyaˀkwai:go:wah,walrus
ganyo:daˀ,"spoon, canoe, birch bark canoe"
ganyo:so:ˀah ganyo:ˀ,wild animal meat 
ganyo:ˀ,wild animals
ganyodowa:nęh,tablespoon
ganyoˀshǫ:ˀǫh,"wild game, wild animals"
ganyęho:t,a (standing) chimney
ganę:tso:t,it has an arm; an (attached) arm; a sleeve
ganęhaihtaˀ,corn bug
ganęhgwih,it hauls things
ganęhoˀ,boiled corn
ganęhsgwęh,"stolen property, plunder; something robbed"
ganęhęhsrǫ:ni:,a line formed
ganęhętaˀdǫh,dried corn
ganętsaˀgeh,on its arm
ganęˀdęˀs,pine cones
ganǫ:nyaˀ,a dance
ganǫ:ˀ,"it is expensive, dear, precious"
ganǫ:ˀ tsę nǫˀǫgwayaˀdawęh,tragedy has befallen us
ganǫgwastehsdǫˀ,cheese
ganǫhkwahsraˀ,I love
ganǫhsa:kˀah,beside the house
ganǫhsadaehaˀdahkwaˀ,it is used to heat up the house
ganǫhsadaihaˀtaˀ,stove
ganǫhsaga:yǫh,old house
ganǫhsagwe:gǫh,all over the house
ganǫhsagwę:ni:yoˀ,administration building
ganǫhsagę:t,white house
ganǫhsagędrahgǫh,foundation (of a building)
ganǫhsakda:gyeˀ,around the house; alongside the house (i.e. a yard that isn't fenced in); a brown wren
ganǫhsanohsdahkwaˀ,air conditioner
ganǫhsase:,new house
ganǫhsaǫ:weh,cookhouse (at the Longhouse)
ganǫhsaˀ,a house
ganǫhse:s,Longhouse
ganǫhse:sǫˀs,Longhouses
ganǫhsesgeh,at the Longhouse
ganǫhsesgeh ganǫhsgǫ:,in the Longhouse
ganǫhsganyęh,a riot
ganǫhsgǫ:,in the house
ganǫhsgǫhka:ˀ agyaˀdawiˀtraˀ,housecoat
ganǫhsgǫhka:ˀ ahdahgwaˀ,house slippers
ganǫhsiyohsgeh,living room
ganǫhsiˀdreˀ,snail
ganǫhsodaihaˀdahe:ˀ,hot plate (sitting on s.t.)
ganǫhsodaęnyeˀs,human sicknesses
ganǫhsotge:,it is a standing big house
ganǫhsowanęhgo:wah,mansion
ganǫhweˀs,it likes
ganǫhǫhkdehsraˀ,an ache
ganǫnheˀs,it fills up all the time
ganǫnyaę:dahstaˀ,freezer
ganǫnyaędahsdǫh,it is made frozen
ganǫnyowa:nęh,Big Dance
ganǫwade:nyǫ:,it is being strained
ganǫwayęhdǫ:,a purchase
ganǫˀaęˀ,a head lying on the ground
ganǫˀgwadahgwahs,milking machine
ganǫˀgwaˀgeh,on its breast
gao:ˀ,this side; this way; at this time; before; less
gaohǫ:ˀ,the act of gathering
gaoˀ nawa:dih,previously
gaoˀ nawahtgeh,before that time
gaoˀ ni:waˀ,it is smaller (than)
gaoˀ ni:yǫ:,less
gaoˀ niga:dę:s,it is thinner
gaoˀ nitga:deˀ,it is lower
gaoˀ nǫdahse:ˀ,come this way!
gaoˀ shęh niyo:weˀ,before that time
gaoˀ shęh nyo:weˀ,before that time
gasheˀnigǫhaˀda:nih,you betray them continually
gasheˀnigǫhaˀtaˀ,you betray them continually
gasheˀshęnyǫ:gwęh,you have overpowered them
gatahineˀ,I am walking
gateˀtrǫ:ni:,it is made into flour
gatgahaǫhahk,I used to pay attention (but I've lost interest)
gatgeˀanhahstaˀ,hair tie
gatgiˀ,meaning unknown
gatgiˀ shęh hwaˀ,"maybe, perhaps"
gatgiˀtraˀ,junk
gatgwęhdo:t,cap
gatgwęhsa:s,leukemia
gatgwęhsahaiˀs,bloodroot
gatgwęhsanahnǫh,pure-bred (literally: full of the same blood)
gatgwęnyˀatraˀ,corn bread paddles; corn soup paddles
gatgwęˀdaˀ,"wallet, purse, pocketbook, suitcase"
gatgęhetsaˀ,a handle
gatgęhetse:s,"ladle, long-handled spoon, dipper"
gatgęhetse:s agojęhdahkwaˀ,ladle
gatgęhetsǫ:t,an attached handle
gatgęhęhs,I get up all the time
gatgǫnyˀatraˀ,corn bread paddles; corn soup paddles
gathnǫhgaǫ:s,I always cut my hair; I am cutting my hair
gatnǫˀaohai:,I am washing my head
gatrowih,I tell all the time
gatrowihahk,I used to tell
gatrowihs,I tell all the time
gatrǫnyahne:ˀ,I came and told
gatrǫnyahneˀ,I have come here to tell
gatrǫnyahneˀsgęhę:ˀ,I used to tell
gatse:nęˀ,one animal or pet
gatse:nęˀ gadihnegaheˀdahkwaˀ,trough
gatse:nęˀ gadiˀdrǫˀ,farm yard buildings
gatsehsda:hǫh atnaˀtsotraˀ,rubber pants
gatseˀdaˀ,"bottle, jar"
gatseˀdo:t,"bottle (standing), belly button"
gatǫ:wi:sahs,I sing seed songs; I am a woman
gawa:dahgwęh,it is deflated
gawa:t,it is inflated
gawa:t wadręnotaˀ,organ
gawahani:yǫ:t,hanging meat
gawahoˀ,boiled meat
gawahsdaˀ,clothespin
gawahsdaˀ eyahkwaˀ,clothespin bag
gawaihǫhsdǫh gwa:dih,to the right (side)
gawaihǫhsdǫh gwai,to the right (side)
gawaiˀyo:wiˀs,pigeon hawk
gawaowa:nęh,big wind
gawayanędaˀǫh,"it is ready, prepared"
gawayęhsda:ni:,it has been taught
gawaęhę:wiˀ,hurricane
gawaǫ:da:hǫh,it is inflated
gawaǫda:s,pump (air)
gawaˀsha:sdeˀ,strong wind
gawiyanęhsgwęh,a kidnapped child
gawiyatsę:nyǫ:,child born out of wedlock; foundling; illegitimate child
gawę:nǫ:da:s,tape recorder
gawęho:daˀs,"blooming plant, flower"
gawęhęyę:twęh,flowers are planted
gawęhęyętwahsǫˀ,flower bed or planted flowers
gawęhǫtaˀ,flowering plant
gawęna:gǫ:ˀ,"in the words, voice or in the speech"
gawęnagwę:ni:yoˀ,the main word
gawęnahsadaihaˀtaˀ,it is hot and peppery; (literally: it heats up your tongue); hot peppers
gawęnaye:nahs,"tape recorder, transcriber"
gawęni:staˀ,slow marker
gawęnitgęˀǫ:ˀ,a speech
gawęnoda:taˀ,tape recorder
gawęnohgri:yaˀs,it cuts weeds
gawęnohgri:yaˀsgo:wah,roadside weed or brush cutter
gawęnǫdahgǫh,spoken language
gaya:gǫ:,in the bag
gaya:ˀ,"bag, mattress, tick; pouch (i.e. a mattress bag into which straw is stuffed)"
gaya:ˀdǫ:nihs,"backhoe (literally: it makes a hole, a track)"
gayahgwani:yǫ:t,hanging pants
gayanedaˀ,chief title 
gayanedaˀgaehawaǫnyǫˀ,"title holders, clan mothers"
gayanehsraˀ,"rights, laws, code"
gayanehsraˀgeh,"on the rights, laws, code"
gayanˀedaˀ,a chief title
gayanˀedaˀ eha:ˀ,clan mother (literally: she holds his horns)l she is the chief title holder
gayao:wa:nęh,big bag; big tent
gayaǫˀdi:yo:,nice-looking body
gayaˀda:ˀ,picture
gayaˀdadahgwahs,ferret
gayaˀdadǫ:gwahs,AIDS
gayaˀdagenhahsraˀ,helpfulness
gayaˀdagrahs,goat
gayaˀdagrahs gadiˀdrǫˀ,goat shed
gayaˀdahsrǫ:nih,it dresses it up
gayaˀdaǫ:nyǫˀ,pictures
gayaˀdaˀ,doll
gayaˀdowehdahsraˀ,the ability to think; thinking skills
gayaˀdowehdǫ:ˀ,the idea of thinking
gayaˀtaˀ,"movies, television"
gayaˀtaˀ ǫnihahstaˀ,video store
gaye:nahs,"it catches, receives, accepts, holds it"
gayo:wah,Moccasin Dance
gayohgo:t,fish tail
gayohgwaˀ,Avocet blue stocking (bird)
gayowaga:yǫh,Old Moccasin Dance
gayę:twęh,seeded field; it is planted
gayędowa:nęh,Peach Pit Game
gayędowa:nęh gajęˀ,Peach Pit Dish game
gayęhsradęhda:ˀ,blanket lying spread out on the ground
gayęhsrani:yǫ:t,a hanging blanket
gayęhsraęˀ,blanket lying on the ground
gayęhsro:t,flag
gayęnawahsraˀ,help
gayęnawahsraˀ ęhsihsakaˀ,you will look for help
gayętwagwęh,a harvest
gayętwagyeˀ,it is planted along
gayętwahsǫˀ,garden; it is planted (here)
gayętwahsǫˀ aseˀshǫ:ˀ,"produce (literally: new vegetables, fruit"
gayęˀgwa:s,"it eats tobacco, tobacco worm"
gayęˀgwa:sgo:wah,tobacco worm
gayęˀgwaikdǫh oˀwahǫh,bacon
gayęˀgwayę:twęh,tobacco field
gayǫwaweˀtahǫh,hot dog (weiners or sausage on a bun)
gaę,which
gaę gwaˀ nhǫ:weh,somewhere around; someplace; thereabouts
gaę gwaˀ tsǫ:ˀ,somewhere
gaę hǫ:weh,"what place, where"
gaę nhǫ: degyahdihęh,where is the difference?
gaę nhǫ:weh,what place; where
gaę ni:ga:ˀ,which one; a specific thing
gaę niyo:weˀ,How far?
gaę:,which; where; somewhere
gaę: diˀ,where is it then (emphasizing where)
gaę:naga:yǫh,old song
gaę:nagayǫhgeha:ˀ,old songs
gaę:nagǫ:,in the song
gaę:naseˀ,new songs
gaę:naseˀshǫˀ,new songs
gaę:nasǫ:ˀǫh,"songs, songs for Our Sustenance"
gaę:naˀ,song
gaę:ni:yo:,nice song
gaę:no:t,music playing
gaęgwaˀnhǫ: o:yaˀ,elsewhere
gaęnagayǫhsǫh,old songs
gaęnaseˀshǫ:ˀǫh,new songs
gaęnawehta:hoh,inserted song
gaęnaǫnyǫˀ,songs
gaęni:s,long song
gaęnoda:gyeˀ,they (female or mixed group) are making music as they travel
gaęnotge:,"loud, amplified music"
gaęnowa:nęh,loud music
gaęyanehsrǫ:nih,they (female or mixed group) are lawmakers
gaęˀnigǫhaˀ,they (female or mixed group) are waiting for something
gaǫ niwakyędahkwaˀ,a smaller chair
gaǫ:da:kˀah,near the log
gaǫ:danęhgwih,horse
gaǫ:daˀ,log
gaǫ:dekǫ:nih,they (female or mixed group) eat
gaǫ:gya:ˀdahkwaˀ,their (female or mixed group) accessories
gaǫ:gyanaˀtaˀ,"they (female or mixed group) are performers (e.g. figure skaters, actors, etc.)"
gaǫ:gyanaˀtaˀ degaǫ:doˀjinehtaˀ,figure skating
gaǫ:hyada:gyeˀ,"on-going skies, heavens"
gaǫ:hyadeˀ,in existing heaven
gaǫ:hyahęh,"noon, mid sky"
gaǫ:hyahęh odǫgohdǫh,afternoon
gaǫ:hyahęhshǫ:ǫh,around mid sky
gaǫ:nitsgo:taˀ,they (female or mixed group) do sit ups
gaǫ:nyǫˀ,it included some; it is in there
gaǫ:wihshęˀǫh,she is panting
gaǫ:wihshęˀǫhǫgyeˀ,breathing in a state of panic
gaǫdadahdogaˀtaˀ,foster parents
gaǫdade:nyǫˀ,log rafters
gaǫdadeˀ,beam
gaǫdagyenawaˀseh,they help her
gaǫdahnyoh,they (female or mixed group) are fishing
gaǫdahǫdǫhaˀ,they (female or mixed group) are asking right now
gaǫdaęˀ,"dead tree, log lying on the ground"
gaǫdaˀehs,woodpecker
gaǫdaˀo:,notched tree
gaǫdewayę:staˀ,they (female or mixed group) are apprentices; they are learning together
gaǫdriyahshǫˀ,my older siblings
gaǫdręno:taˀ,they (female or mixed group) are singers
gaǫdręnǫ:nih,they (female or mixed group) are composers
gaǫdęye:nahs,policewomen
gaǫdęyenawaˀseh,"they (female or mixed group) are helpers, assistants of hers"
gaǫdˀageh,on the log
gaǫgadahgwaę:nih,they (female or mixed group) always leave it for me to store temporarily
gaǫgwedaˀ,her relatives (literally: her people)
gaǫgweˀdaˀ,"person, human"
gaǫhsiˀda:grahs,they (female or mixed group) all have stinky feet
gaǫhwajiyaˀtgaǫhaˀ,they (female or mixed group) are social work(ers)
gaǫhyada:gyeˀ,"skyline, horizon"
gaǫhyˀageh,"in the heavens, in the sky"
gaǫhǫ:kaˀ,they (female or mixed group) understand a language
gaǫhǫkahk,they (female or mixed group) used to understand
gaǫhǫtaˀ,a wedding present (literally: they (female or mixed group) are asking)
gaǫnadinyǫˀtaˀ,they (female or mixed group) are moving into a dwelling
gaǫnihsgya:gehs,they (female or mixed group) urinate
gaǫtahi:neˀ,they (female or mixed group) are walking
gaǫtgęhseh,they (female or mixed group) are watching something going on
gaǫtǫwi:sahs,they (female or mixed group) are women
gaǫˀda:s,I blow
gaǫˀnigǫhǫˀktaˀ,they (female or mixed group) are giving up (in spirit)
gaǫˀwe:shahs,"she is pleased, a good feeling"
gaˀ,where (referring to a place)
gaˀ to:hah,somewhere
gaˀ toh,nowhere; somewhere; anywhere
gaˀahdragǫ:,in the basket
gaˀahdrashǫ:ǫh,many different baskets
gaˀahdraˀ,basket
gaˀahdraˀgeh,on the basket
gaˀahdraˀni:yǫt hęnęˀhotroiˀa:s,they (male) play basketball
gaˀahdraˀni:yǫt ęnohtraˀ,basketball
gaˀahdrowa:nęh,bushel basket
gaˀahdrǫ:nih,witch hazel
gaˀga:ˀ,"crow, raven"
gaˀka:ˀ,slip; skirt
gaˀnahgowa:nęh,a big wife
gaˀnhahdagehǫˀ,"timber, big logs lying around"
gaˀnhǫhdagrahs,its armpits smell
gaˀnigǫhaˀ,the mind
gaˀnigǫhi:yo:,"harmony, of good mind"
gaˀnogęyǫ:ˀ,Grinding the Arrow (forbidden ceremony)
gaˀnyoˀse:s,long nose
gaˀnyoˀse:sgo:wah,elephant
gaˀteˀtrǫ:ni:,it has been pounded into powder (i.e. corn)
gaˀwaha:s,cancer
ge:gęh,"I see (regularly, but perhaps at irregular intervals) "
ge:gęhs,"I see (i.e. I see apple trees, orange trees, ... and sometimes, I also see cherry trees)"
gedrę:ni:yo:,I smell nice
gedręnowa:nęh,"I have a big smell, odour, scent"
gegahaˀgeh,on my eye
gegahehdaˀgeh,on my eyelashes
gegahehdęht,lye (corn)!
gegahgwao:sˀageh,on my eyebrow
gegeˀa:ˀ,I am raggedy
gegowanęh,I am big
gegęˀsda:ˀgeh,on my forehead; on my hairline or upper brow
gegǫhsˀageh,on my face
gegǫˀdˀageh,on the bridge of my nose
geh,denotes a place; see ‘external locatives’ in grammatical appendix; does not occur alone
gehanaˀgeh,on my groin
gehdega:ˀgeh,on my rib
gehna:tę:,I have dry skin
gehnadaǫnihs,I bake (continually); I'm a baker
gehnatsaˀgeh,on my buttock
gehnaˀgeh,on my skin
gehnesda:nyaˀs,I am sawing a board
gehnyagwaiˀ,I am Bear Clan.
gehnyaˀsˀageh,on my neck (front of neck)
gehnǫhkwaˀ,I love
gehohgwageh,on my lips 
gehsagahę:t,my mouth
gehshaǫ:t,I am tied up
gehshǫhneh,my lower back
gehsnaˀdˀageh,on my calf (of leg)
gehso:t,my grandmother
gehsohdˀageh,on my hand
gehsohgwˀageh,on my lip
gehstahk,I used to use it
gehsweˀnˀageh,on my upper back
gehsǫhga:ˀgeh,on my upper lip
gehta:hahk,I was a talker; I used to talk
gehta:haˀ,I talk
gehwajiowanę:hah,my family is fairly big
gehwajiyowanęh,I have a big family (people)
gei niyotgǫhsgwaˀtroˀ,four panes of glass
gei:,four
gei: gahsina:t,iron pot (with four legs)
gei: naˀdewˀęnya:wˀe:,four hundred
gei: naˀdeyodagaǫ:deˀ,a square (literally: it has four equal sides)
gei: ni:yǫ: sgatshǫˀ wadǫda:taˀ gatsheˀdaˀ,four quart jars
gei: nigahsiǫˀtrage:,fifty cents
gei: nigahwihsda:ge:,four dollars
gei: nigatseˀda:ge:,one gallon
gei: nigętsheˀda:ge: wadǫda:taˀ,one gallon jug
gei: niwahshę:,forty
gei: niwahshę: ahsęh,forty-three
gei: niwahshę: degrǫˀ,forty-eight
gei: niwahshę: dekni:,forty-two
gei: niwahshę: gei:,forty-four
gei: niwahshę: gyohdǫ:,forty-nine
gei: niwahshę: hwihs,forty-five
gei: niwahshę: hyeiˀ,forty-six
gei: niwahshę: ja:dahk,forty-seven
gei: niwahshę: sga:t,forty-one
gei: niyoihwa:ge:,Four Ceremonies
gei: skaeˀ,fourteen
geja:gǫhs,I persevere all the time
geji:nah,I am strong
gejia:ohoˀgwˀageh,on my ankle
gejihohtaˀ,I am closing it right now; I am going along closing things
gejihsgˀogwaˀgeh,on my hip
gejiˀehdǫ:t gejiˀohdǫ:t,I have fingernails
gejiˀohdaˀgeh,on my nail
gekseˀdˀageh,on my belly
geksohaihǫh,I am washing dishes
gekwa:hkwaˀ,my stomach; (literally: (where) I put the food)
gekǫnihsgęhę:ˀ,I used to cook
genhodǫgwahs,I open or unlock
genhodǫhaˀ,I lock something
genhoha:s,I close the door
genyahdę:,I am of the Turtle Clan
genyędˀageh,"on my shin, leg"
genę:tso:t,my (attached) arm (more common form)
genǫgwaˀgeh,on my breast
genǫheˀdraˀgeh,on my nipples 
geteˀtaˀ,I am a pounder
getseˀdo:t,my navel
getshę:nyeˀs,I am a finder of things
getshę:nyǫhs,I am a finder of things
geˀahsˀageh,on my chest
geˀho:we:s,I am covering something
geˀnhǫhdagrahs,my armpits smell 
geˀnya:gęˀs,I'm an escaper
geˀohs,I am a chopper
gi:hę:gǫ:,"it is in the stream, creeks, river"
gihe:yǫhs,I am dying
gihna:tę:,I have dry skin
gihnaˀgeh,on my skin
gihnaˀgehshǫˀ,all over m y skin
gihsa:s,I am looking for it
gihę:deˀ,"creek, river, stream"
gihę:k,"river, stream, creek"
gihę:kˀah,"riverside, along the river"
gihędenyǫˀ,"streams, rivers, creeks"
gihęgehahneh,I am going to the river 
gihękdakda:gyeˀ,"along the river, stream, creek, shoreline"
gikseˀdo:t,my navel
gitsgo:t,I am sitting
gitsgwahe:ˀ,I am perched up on s.t.; I am sitting on s.t.
giˀ,just; really
giˀ gyę:ˀ,just because
giˀ hne:,instead
giˀ shęh,maybe
giˀ shęh hwaˀ,maybe that; perhaps
giˀ tsǫ:,"just that, just there"
go:wih,red oak
go:yǫ:,she has arrived
goda:s,I drape it all the time
godagaideˀ,she is healthy
godaǫ:,"she is lucky, fortunate"
godaˀstaˀ,her or someone's pyjamas
godaˀstaˀ agyaˀdawiˀtraˀ,nightgown
godaˀstaˀ ahgwę:nyaˀ,pyjamas
godehęˀǫhsdǫh,she is a widow
godidrehdaˀ,their (female or mixed group) car
godihnegadai:haˀdǫh,"they (female or mixed group) do tea meetings, supper"
godihsiˀda:tgiˀ,they (female or mixed group) have dirty feet
godihswęˀgaiyoˀ,They (female or mixed group) are Hawk Clan
godinǫhso:t,their (female or mixed group) home
godinǫtsanǫhwa:s gonǫtsanǫhwa:s,they (female or mixed group) have a sore knee
godiyˀadahsdeˀ,they (female or mixed group) are heavy
godiˀgrǫˀ,she is shy
godiˀnyaˀgęˀǫh,they (female or mixed group) ran away
godoihsręhdǫh,she is breathing
godrihwagwaehsǫh,"she is fair, righteous"
godrihwagyaǫˀǫh goyaˀdanęhgwih hado:wih,ambulance driver
godrihǫ:t,she is a faithkeeper
godrę:no:t,she is singing
godręnoda:gyeˀ,she is singing as she travels
godrǫhyaˀt,"she is unwilling, stubborn"
godędǫnyaˀtaˀ,convulsions
godǫhǫniˀ,newborn child
godǫˀse:ˀ,it did benefit her
godǫˀstaˀ,it always benefits her
goganyaˀkdǫhǫgyeˀ,she is paying as the goes along
gogeˀa:ˀ,her hair
gogeˀaˀji:,she has dark hair
gogeˀe:s,she has long hair
gogwęhęhdǫh,new born baby
gogyaˀdagwe:gǫh,she is constipated
gogyaˀdawiˀtraˀ,her coat or dress
gogyehsahsdǫ:,"she is extravagant, wasteful"
gogyesˀageh,"she is generous, generous to a fault"
gogyeˀs,"to get rid of something, throw it away"
gogyeˀs eyahkwaˀ,garbage can
gogyeˀs gˀadroda:ˀ,disposable diapers
gogyeˀs hanęhgwih,garbage man
gogǫhsatgiˀ,she has a dirty face
gohaˀdi:yo:,"she is a good singer, she has a good voice"
gohdogadǫhǫgyeˀ,she is growing something
gohetgaǫgwęnih,wild roses
goheyǫda:swahs,she smells a dead body
gohgahę:,she is jealous
gohgo:wah,"queen, the Queen"
gohgowi:ˀ,"quail, partridge"
gohsa:dęhs,horse (old word)
gohsdihsdǫh,"she is a director, principle, head, etc."
gohsdę:ˀęh,she is old
gohsdęhyai,she is an older woman
gohsdǫhǫgyeˀ,she is arriving wearing that
gohsehdǫh,woman's genitals
gohseˀ,she is riding a horse
gohsga:nye:ˀ,she has shuffled
gohsganyeha:gyeˀ,she is shuffling along
gohsgyǫˀwatę:,she is thin
gohsinaji:yoˀ,she has a bad leg
gohsiˀdanǫhwa:s,she has a sore foot
gohsiˀdatgiˀ,she has dirty feet
gohsohdatgiˀ,she has dirty hands
gohsoˀgahneˀ,she limped as she arrived
gohsoˀkahk,she used to limp
gohsoˀkaˀ,she is limping
gohsrehka:ˀ,winter kind
gohsrehka:ˀ agyaˀdawiˀtraˀ,winter coat
gohsrehka:ˀ ahdahgwaˀ,winter boots
gohsrehka:ˀ anahaǫ:traˀ,winter hat
gohsrehneh,winter time
gohsę:,she is fat
gohta:ˀ,she is speaking
gohyagwęhęgyeˀ,as she is picking along 
gohyagwęhęgyeˀs,she picks along (i.e. whenever)
gohǫ:da:s,she or someone has hives
goiho:gat,she is always bringing up the past or looking for information
goihwagaˀdeˀ,she is a chatterbox
goihwageh,someone's affairs
gojaohoˀgwanǫhwa:s,she has a sore ankle
goji:yoˀ,she is crippled
gojiˀdai:ˀ,she's a cry-baby
gojiˀdowa:nęh,she's a great big cry-baby
gokyadǫhsrahsdi:sdǫh,she is a librarian
gokyędahkwagęhę:ˀ,it used to be her chair
gokǫ:ni:,she is cooking
gona:drę:no:t,they (female or mixed group) are singing
gona:gyoh,their (female or mixed group) or her in-laws
gona:tgǫh,they are (literally: it is) a force to be reckoned with; it is ominous; they are bad medicine people
gona:tsih,they (animal) are friends
gonadagaideˀ,they (female or mixed group) are healthy
gonadrihǫ:t,they (female or mixed group) are faithkeepers
gonadręno:daˀk,they (female or mixed group) did sing
gonadręnǫ:ni:,they (female or mixed group) composed a song
gonadęnidęhdǫh,they (female or mixed group) are pleading
gonahsiˀdanǫhwa:s,they (female or mixed group) have a sore foot
gonatnahgwayǫ:ni:,they (female or mixed group) are common-law
gonatowinyǫˀse:,they (female or mixed group) have a cold
gonatsęnǫ:ni:,"they (animal) are happy, glad"
gonatwajiyaˀtgaha:ˀ,they (female or mixed group) are social work(ers)
gonhaˀtraˀ,someone's assistant
gonhaˀtraˀ shagogyaˀdanǫhgwa:nih,"ambassadors, commissioners, etc."
gonhaˀtraˀshǫˀ,they (female or mixed group) are ministers
gonigǫha:ni:dęht,"she is gentle, nice, humble"
gonigǫhahe:tgęˀs,she is sobbing unconntrollably
goniˀǫh,she is stingy
gonohęˀjih,they are private people
gonya:kdreˀ,a bride to be; (literally: she is getting married)
gonya:s,she's getting married
gonę:tsaˀ,her arm (i.e. a doll's)
gonęnadinyǫ:dǫh,they (female or mixed group) have moved in
gonǫdanhęh,she is guilty
gonǫgwedaˀ,their relatives (literally: their people)
gonǫhdǫˀ,she knows
gonǫhgę:t,"she is fair haired, she has light hair"
gonǫhkwaˀ,I love you
gonǫhraˀtęˀ,she has grey hair
gonǫhsgǫhka:ˀ,anything that belongs in a house
gonǫnyatgiˀ,she does not dance very well
gonǫˀseh,"she is idle, lazy"
gota:da:dih,smart weed
gotgahiˀdǫh,she is playing with it now
gotganǫnihagyeˀ,prosperity; (someone is) prospering
gotgǫ:nyohs,she has high standards
gotgǫˀ,she is a witch
gotowinyǫˀse:,she has a cold
gotsahniht,"she is a good worker, tireless, active, industrious,etc."
gotsohihǫh,I have bit it
gotwaˀehsdǫh,"she is a boarder, homeless, a transient"
gotędihsˀanhǫˀ,Finish Planting Ceremony
gowa:nę:hah,it is fairly big
gowa:nęh,it is big
gowa:ˀs,"it is communicable (disease, vermin)"
gowi:ya:t,"she is pregnant, has a baby in her"
gowiyaędˀadreˀ,she is with child
gowędagę:,"she is a wimp, timid"
gowęnahsais,smart weed
gowęnohgra:ˀs,poison ivy; any plant that causes a skin infection
goya:neh,clan mother
goyaˀdagǫhsohtaˀ,human survivors
goyaˀdahsdeˀ,she is heavy
goyaˀdanędagǫhtaˀ,"gravity; (literally: it keeps one down, holds one in place)"
goyaˀdanęhgwih,"transportation, bus, elevator; (literally: people mover)"
goyaˀdanęhgwih hado:nyeˀs,bus driver
goyaˀdanęhgwihtaˀ,"elevator, bus (literally: people mover)"
goyaˀdanǫh,amulet (literally: her amulet)
goyaˀdaˀdeht,she is agile
goyaˀditgęˀs,she or someone is having a nightmare; she is sleepwalking
goyaˀdǫdaˀtaˀ,Parkinson's disease
goyehshaˀǫh,she is an orphan
goyehtaˀ,alarm clock; (literally: something used to wake someone up)
goyehtaˀ gahwihsdaˀehs,alarm clock
goyehtaˀ wadręnotaˀ,clock radio
goyenahsǫhs,a convulsion
goˀdeh,she is horny
goˀdrehdaga:yǫh,her old car
goˀdrehdagęhę:ˀ,it was her car
goˀdrehdase:,her new car
goˀdrehdaˀ,her car
goˀnigǫhaędaˀs,she understands
gra:gwahs,I am choosing
gradaˀgeh,on my heel
grage:wahs,I am erasing or wiping
gragwahdagǫ:,on the sole of my foot
gragwahdˀageh,on the ball of my foot
gragwahs,I am taking it out right now; I always take it out
grahe:dǫˀ,many trees
grahe:t,living tree
grahedaˀgeh,on the tree
grahedowa:nęh,big tree
grahedǫhnyǫˀ,variety of trees
gratęhs,I climb
grihwagwęni:yoˀ,"where I reside, dwell (literally: where I'm the boss)"
grihwaneˀa:s,I am a sinner
grǫdiˀdreˀ,I am dragging a log
grǫhya:gęhs,I am always in pain
gwa:dih,side
gwa:go:wah,"royalty, king, the King"
gwadre:ˀ,grandchild (term of address said by any old person to a young child)
gwadreˀshǫ:ˀǫh,grandchild (term of address said by any old person to young children)
gwahs,intensifier
gwahs gyoyanreˀ,the best
gwahs tgowanęh,the biggest
gwahs waˀheh tsǫ:,just now; just a few seconds ago
gwahs ǫ:weh,really
gwai,side
gwaoh,screech owl
gwatoh,will be also
gwaǫtsanǫhwa:s,she has a sore knee
gwaˀ,referring to a measure of time
gwaˀ ti:gę:,"plainly, clearly, as it is"
gwaˀ toh,it will be also; also
gwaˀda:,flying squirrel
gwaˀti:gę:,"plainly, clearly, as it is"
gwaˀyǫgeha:ˀ,Rabbit Dance
gwaˀyǫgo:wah,jackrabbit
gwaˀyǫˀ,rabbit
gwe:,well! (surprise or sarcasm)
gwe:sęˀ,partridge
gwidoˀgwidoˀ,black breasted woodpecker
gwihsgwihs,pig
gwihsgwihs gadiˀdrǫˀ,pig pen
gwihsgwihs ohsiˀdaˀ,pigs feet
gwihsgwihs onǫˀa:ˀ,pig's head
gwihsgwihs oˀwahahse:ˀ,fresh pork
gwihsgwihs oˀwahǫh,"pig meat, pork chop"
gwisgwis oˀwahǫh,bacon
gwiyo:gęˀ,barn swallow
gwiyęˀgwiyęˀ,high soaring hawk
gwę:dihs,night hawk
gwęniˀshǫ:ˀǫh,loose change (money)
gwęˀgohnyęˀ,whip-poor-will
gwęˀnohsˀageh,on my tongue
gwęˀyǫhga:ˀgeh,on my thumb
gwˀayǫ:ˀah,cottontail rabbit
gwˀęnahsagrahs,my tongue smells
gya:gwitgęˀǫh,"the sun, moon has risen"
gya:gęˀs,I am going out
gyagogetsgwęh,she's having a gathering over there; she is lifting something into a vertical position
gyagogyęhętwęh,she is pulling it 
gyahsiˀdagrahs,you and I have stinky feet
gyatahi:neˀ,we all (inclusive) are walking
gyatsi:,Friend (term of address)
gyaǫdiˀdreˀ,I am dragging a log
gyaǫhę:ˀęh,"the most, the greatest"
gyaˀda:grahs,my body smells
gyaˀtgahi:yeˀ,I am quick
gyeda:graˀs,she falls there (i.e. always at the same spot)
gyeheˀyǫhdaę:dahkwaˀgeh,funeral home
gyena:greˀ,"she lives over there, people live over there"
gyo:gyo:ˀ,Baltimore oriole
gyodoˀkdaˀǫh,it is lacking
gyodra:gwęh,fractions
gyodǫ:hoˀk,it is mentally challenged
gyogyęhdǫh,"the first one, the beginning"
gyohaˀdǫh,it is dry over there (i.e. the American Southwest)
gyohdǫ:,nine
gyohdǫ: naˀdewˀęnya:wˀe:,nine hundred
gyohdǫ: niwahshę:,ninety
gyohdǫ: niwahshę: ahsęh,ninety-three
gyohdǫ: niwahshę: degrǫˀ,ninety-eight
gyohdǫ: niwahshę: dekni:,ninety-two
gyohdǫ: niwahshę: gei:,ninety-four
gyohdǫ: niwahshę: gyohdǫ:,ninety-nine
gyohdǫ: niwahshę: hwihs,ninety-five
gyohdǫ: niwahshę: hyeiˀ,ninety-six
gyohdǫ: niwahshę: ja:dahk,ninety-seven
gyohdǫ: niwahshę: sga:t,ninety-one
gyohdǫ: skaeˀ,nineteen
gyohne:go:t,fountain
gyohnegahihǫh,spring water
gyohnegęˀǫh,falling water
gyohsa:ˀ,the beginning
gyohsǫ:dehk,the other night
gyoiho:waneh,the most important
gyonakdahe:,upstairs
gyonehsadaihęgo:wahneh,Sahara Desert
gyonhehgǫh odiaęnaˀ,Sustenance songs
gyonhohsgwaǫ:t,cow
gyonǫ:,it has been removed
gyonǫhdǫhaˀ,she is a bossy woman
gyosęˀsgǫ:,it falls all the time (i.e. a ball)
gyosęˀǫh,it has fallen off something
gyote:dęhk,the other day; the day before yesterday
gyote:dęht,the other day; the day before yesterday
gyotedęhshǫ:ˀǫh,several days past (indefinite amount of time)
gyothnegę:gwęh,high tide
gyoyagęˀǫh,"it comes out here; it is sticking out, protruding"
gyoˀtgǫ:t,always
gyę:gwaˀ,"maybe, if, perhaps"
gyę:ˀ,maybe
gyę:ˀ gwaˀ,maybe; if; perhaps; what if; if only
gyę:ˀ gwaˀ hne:ˀ hwaˀ,just maybe
gyęˀ hne:ˀ,that is
gyǫdaˀgeh,on my gums
gyǫdenyędęhsdahkwaˀ,pattern
gyǫdęhni:nǫh,grocery store
gyǫdęhninǫ:nyǫh,plaza 
gyǫgwehdahgǫh,our belief; religion
gyǫgyadedrehdaę:ˀ,we all parked our car over there
gyǫgyaˀtaˀ,I am really laughing
gyǫhwęja:deˀ,there is existing land
gyǫnhehgǫh odiyaęnaˀ,what we all (inclusive) live on; Our Sustenance
gyǫnhohsgwa:ǫt oˀwahǫh,beef
gyǫtgeˀahsrǫ:nihsgeh,hair salon
gyˀadahsno:weˀ,"I am fast, quick"
gyˀadaˀgeh,on my body
gyˀaga:ˀgeh,on my waist
gyˀedrǫˀ,she is at home
gyˀogwa:ˀgeh,on my cheek
gyˀotsaˀgeh,on my chin
gę:,be the one
gę:ne:hah,they (animal) are proud
gę:neˀs,"they (animal) are around, they are here; they are together--"
gę:s,generally
gę:sętwahs,I am kicking
gę:ˀgę: nigayˀadoˀdę: hnyagwaiˀ,polar bear
gędahswahęhdrǫ:ˀ,a scolding
gędaǫhsraˀ,mercy
gędehsraˀ,sexuality
gędęǫhsraˀ,"pity, mercy, compassion"
gędęǫˀ,"to help each other; compassion, helpfulness"
gędǫˀgwahstwahdǫh,the flame is turned down
gęgyohgo:t,a crowd
gęgyohgwagǫ:,"in the crowd, in the public"
gęgyohgwaęˀ,association; council; agency; group
gęgyohgwaˀ,a crowd; the public
gęgyohgwi:yǫ:,it is a nice big crowd
gęgyohgǫgyeˀs,people roaming about
gęgęgahwihsdanǫ:ˀ,white gold
gęh,word used with yes-no questions; whether; if; etc.
gęhe:yǫhs,it is dying
gęhsinˀageh,on my leg
gęjǫˀdayę:nahs,fish hook
gęna:do:wa:s,they (animal) are hunting
gęnadagwęni:yo:,they (animal) are wild
gęnadinyǫˀtaˀ,I am moving into a dwelling
gęnadrihoˀda:s,they (animal) work
gęnadrohe:s,they (animal) are flocking
gęnadręno:taˀ,they (animal) are singers
gęnadręnodahkwaˀ,kingfisher (bird)
gęnahsiˀda:grahs,they (animal) all have stinky feet
gęnahǫhdaˀgeh,on their (animal) ears
gęnatahi:neˀ,they (animal) are walking
gęneˀwaǫ:s,I get surprised
gęnhagwe:gǫh,all summer
gęnhehgeha:ˀ,summer type
gęnhehneh,summer
gęnihnadogaˀtaˀ,nerve
gęnihnadohkdahkwaˀ,my nerves
gęnihęhaˀ,I always quit
gęnęnagehneh,fall; autumn
gętseˀdaˀ,"bottle, jar"
gętseˀdoˀ,cold packing (part of the process of canning)
gętsga:srǫnyaˀdǫh,it is made for the lower body
gętsga:ˀ,"mattress, sleeping mat"
gętsgaˀshǫ:ˀǫh,bedding
gętsgo:t,it is sitting
gęˀgę:,"it is white; it is light-skinned, it is light-coloured"
gęˀgętro:sgǫˀ,it is all white
gǫ:deh,eel
gǫ:nih,"I make, earn"
gǫ:nihs,"I make, earn"
gǫdagyeˀ,"immediately, right away"
gǫdǫhne:ˀ,I suppose
gǫgweˀdase:,I am a young person
gǫgweˀdi:yo:,I am a nice person
gǫgęhęˀda:nih,I am sick of you
gǫhsga:ne:s,I desire you
gǫhso:ˀ,soft maple
gǫhswahęhs,I hate you
gǫhsęnaędi:,I know your name
gǫnǫhweˀs,I like you
gǫtsanǫhwa:s,she has a sore knee
gǫtshaˀgeh,on my knee
gǫwadigowanęh,their leader
gǫwahsęniyohstaˀ,"it is complimentary, flattering"
gǫyahsgane:s,I desire you
gǫyǫhwadanih,I am showing you something
gˀada:traˀ,quiver
gˀadrehdaˀ,"car, truck, vehicle"
gˀadrehdˀashǫ:ˀǫh,"many, a variety of cars, trucks, vehicles"
gˀadroda:ˀ,diaper
gˀahsaˀgeh,on my chest
gˀanahgǫtaˀ,bee
gˀanahkwase:,a new marriage
gˀanaˀgwaˀ,marriage
gˀanikǫgwahs,stitch ripper
gˀanǫh,arrow
gˀanǫht,it (usually an animal) is in something
gˀanǫˀ tsęh naˀa:węh,it was a great loss
gˀawahai:sgyaˀs,meat slicer
gˀawahsha:ˀ,earrings
gˀayohgwˀageh,on its tail (pertaining to birds)
gˀenhǫhsga:ˀgeh,on my inner thigh
gˀenyǫhsˀageh,on my nose
gˀono:drahs,"she has open, weeping sores"
ha:gake:ye:ˀ,I touched them
ha:gye:ˀ,he is flying
hada:ta:ˀ,he is conceited
hadagyehsgęhę:ˀ,a reign (literally: he was standing there)
hadagyˀada:s,"he has a high opinion of himself, he is self-centred, he is bold"
hadagyˀada:ˀs,"he is conceitful, boastful, bragging"
hadahnyoˀ,he is a fisherman
hadahsęhtahk,he used to put people down (etc.)
hadahǫhdohai:ˀ,he is washing his ears
hadaˀsęhtaˀ,he puts people down; he discriminates
hade:jęˀs,he is a doctor
hadehganiga:hęhsrage:,fabrics
hadejiˀǫhgyaˀs,he is cutting his nails
hadejoyaˀshǫˀ,one thing to another 
hadejęhsgeh,"doctor's office, clinic"
hadenyagwahtaˀ,he makes himself vomit (i.e. in a cleansing ritual)
hadeteˀtra:s,he is powdering himself
hadewatso:twahs,towards the sunset; as direction
hadeyęnawˀaseh,"he is a helper, assistant"
hadeˀkaǫ:dahkwaˀ,his breech cloth
hadi:go:wahs,they (male) are provincial
hadi:hwahsrǫ:nih,they (male) who are in charge
hadi:hwahę:deˀ,an administration; (literally: they (male) administer)
hadi:ksa:ˀah,they (male) are two boys
hadidagrǫˀ,they (male) are lying around
hadiga:hehaˀ,a sales tax; (literally: they (male) put a price on top of something)
hadigetaˀtaˀ,they (male) file it
hadigowahshǫˀ,they (male) are federal
hadigęhjihsǫˀgęhę:ˀ,"they (male) are our grandfathers, our ancestors"
hadigęhjiˀsǫ:ˀǫh,"they (male) are old men, male elders"
hadigęhęnih,they (male) are mean to something
hadiha:wiˀs,they (male) carry along
hadihahshęhęˀ,they (male) are municipal
hadihahshęˀdahkwaˀ,"a court, council chamber"
hadihahsędahkwaˀ,courthouse
hadihnaˀ,they (male) are greasy people
hadihnega:kwaˀ,animal watering place; watering hole; trough
hadihnegahkwaˀ,trough
hadihnegatsęnyǫhs,"they (male) divine, witch for water"
hadihnyagwaiˀ gahsya:deˀ,they (male) are Bear Clan
hadihnyǫhsro:taˀ,ironworkers
hadihnyǫˀǫhsra:tęhs,"ironworkers, iron climbers"
hadihnę:ye:s,they (male) are tall
hadihsdiˀdrehs,they (male) are surveying the land; surveyors
hadihsdowahehaˀ,a pow wow; (literally: they (male) put on their headdresses and perform)
hadihsiha:ˀ,they (male) are standing in a group or clump
hadihso:da:,they (male) are military (referring to putting the gun over their shoulders)
hadihsreˀ,they (male) follow
hadihstǫdraędahkwaˀ,barn; (literally: where they (male) put the hay)
hadihswaˀne:taˀ,"they (male) are advocates, backers, supporters"
hadihǫdahsrǫnyaˀtaˀ,they (male) use pruning shears
hadihǫwaˀgeho:nǫˀ,"sailors, navy men, merchant marines"
hadiksaˀshǫ:ˀǫh,they (male) are children
hadiksaˀshǫˀ,they (male) are children (used infrequently)
hadinagreˀ,that is where they (male) live (here)
hadinahgwaˀehs,they (male) are many drummers
hadinahtsa:grahs,their (male) bums smell
hadinehsda:gwaihshǫhs,they (male) are straightening out the board
hadinhaˀtraˀshǫˀ,they (male) are ministers
hadinoˀjo:t,they (male) have teeth
hadinętso:t,they (male) have an arm
hadinǫhagehshęˀ,they (male) are in-laws; they are married to sisters and have moved into the same family
hadinǫhsga:nyahs,they (male) are rioting
haditgwˀadaˀ,"they (male) are the Seven Dancing Children, Small Dipper, Little Dipper"
haditse:nęˀ,they (male) are slaves; (literally: they (male) are animals)
haditsehsdǫda:s,Maple Sap Ceremony they (male) are putting the sap in the tree)
hadiwęnodagyeˀs,Thunderers
hadiyanehsrǫ:nih,a governing body; Parliament; (literally: they (male) are lawmakers)
hadiyęhdahkwaˀ,Pitch Hole
hadiyˀa:s,they (male) are shooting
hadiyˀaktaˀ,ammunition; (literally: they (male) shoot it)
hadiǫhyaˀgeho:nǫˀ,"they (male) are the heavenly
 kind"
hadiˀdrǫ:dǫˀ,how they (male) are placed
hadiˀdrǫdahkwaˀ,"a place where they (male) live; a stable, a barn"
hadiˀdrǫˀ,they (male) are at home
hadiˀnhahgyaˀs,loggers; (literally: they (male) cut down the logs)
hadiˀnigǫhdanyǫh,Condolence (literally: they are consoling)
hadiˀǫgwaehęˀ,they (male) are laying sod
hado:wa:s,he is a hunter
hadonyeˀs,he drives it; he is a driver
hadowahsgo:wah,he is a great hunter
hadowahsgęhę:ˀ,he used to be a hunter
hadowahstahk,he used to be a hunter (long ago)
hadrihoˀda:staˀ,his tools
hadrihwahsdi:hstaˀ,he takes care of the event all the time; he pays attention to what is going on
hadrihwahsdihstahk,he used to take care of the event
hadręnaę:dahkwaˀ,he uses it to pray
hadręnohtahk,he used to be a singer
hadręnowa:nęh,"he has a big smell, odour, scent; he has been drinking"
haduih,Medicine Mask
hadwahahni:nǫh,he is a butcher; seller of meat
hadwahaˀ,he is a butcher
hadędǫnyaˀtaˀ,he is a joker
hadęgǫnyǫhstaˀ,he is loyal (to the cause); he is respectful
hadęhni:nǫh,he is a storekeeper 
hadęihǫnya:nih,he is a teacher
hadęnˀojodagwahs,he is a dentist
hadęnˀojodagwahsgeh,dentist's office
hadęwęnaga:da:s,he is an interpreter
hadǫgohtaˀ,he goes past all the time
hadǫhnedrǫ:nihs,he is a landscaper
hadǫhsriyaˀs,he is out of breath; he is dying 
hadǫhswehtaˀ,he is short of breath
hadǫhwihsroˀktaˀ,he is out of breath
hagahgaęheh,he is cross eyed
hagehso:t,grandfather
hagehsotgeh,at my Grandfather's
hagowanęh,he is big
hagya:gehdahkwaˀ,a man's knapsack
hagyaˀdagwe:s,he gets bound up; constipated
hagyaˀdohai:,he is bathing
hagyęnaˀtaˀ,"he is an actor, clown, etc."
hagęhji:hah,he is an old man; he is getting old; getting on
hagęhjih,he is an old man (referring to one's husband)
haha:wiˀ,he is carrying it
hahahshęhęˀ,he is a counselor
hahanaji:,"he is got dark loins, groin (can be derogatory)"
hahdo:s,he dives; he is a diver
hahdohsgęhę:ˀ,he used to dive
hahe:haˀ,"he sets it up, he puts it there (no particular place)"
hahe:tgę:sˀah,he is unattractive
hahehnanęhgwih,he is a courier
haheyǫdanęhgwih,an undertaker; (literally: body-hauler)
haheyǫdasrǫ:nih,an undertaker; (literally: he fixes the cadavers)
hahgwę:nyǫ:nihs,he is a tailor
hahnekaˀ,bartender
hahni:nǫh,he is a buyer
hahnyagwaiˀ,he is Bear Clan
hahnyahdo:t,he's got his head up (said of a child who is learning to lift its head by itself)
hahnyǫhsowanęh,he has a big head (literally: he has a big squash; (not flattering)
hahnyǫˀǫh,he is a White man
hahnę:ye:s,he is tall
hahnǫda:s,he is a gas station attendant
haho:węˀ,loon
hahonadręno:da:gyeˀ,they (male) are singing as they move away from us
hahsaheˀdagwahs,he picks out the beans (for a game?)
hahsda:haˀ,he is crying
hahsga:ne:s,he has longings for
hahsgwaˀgeh,his testicles
hahsgyaǫhahk,he used to walk quickly
hahsgyaǫhaˀ,he walks quickly; he gives someone encouragement
hahsi:sahs,he shoots all the time
hahsinahetgęh,he has a bad leg
hahsoda:ˀ,a soldier; (literally: he drapes it)
hahstahk,he used to use it
hahsęnowa:nęh,"he is an important person; he is famous, prominent; (literally: he has made a name for himself)"
hahsǫwahda:da:s,electrician; (literally: he strings up wires)
hahę:dǫ:,"he is the front, leader"
hahędageho:nǫˀ,farmer
hahędǫhne:ˀ,he used to be a leader
hahęhe:yaˀt,he died suddenly
hai:hoˀgwa:s,"he is researching, instigating"
hai:hǫnya:nih,he is a teacher
haihwagwę:ni:yoˀ,he is the leader
haihwahę:deˀ,"he is an administrator, a leader"
haihwanęhgwih,he is a courier
haihwaohe:s,he is a researcher
haihwihsˀahs,"he is making promises, making agreements"
haihwihsˀǫhǫgyeˀ,"he is going along making promises, making agreements"
haiˀ,hello (adopted from Oneida / Tutelo)
haji:nah,"he is masculine, brave; his genitals"
hajihęhsda:jiˀ,minister
hajihęhsda:jiˀ hadręnaę:dahkwaˀ,altar or pulpit
hajohai:,he is washing his hands
hakne:nhǫ:s,my father-in-law
hakno:ˀ,my step-father
haknoˀsęh,he is my uncle
haksa:ˀah,"he is a child, a boy"
haksaˀdase:ˀah,he is a teenage boy
haksaˀdi:yo:,he is a good child
hakwahehaˀ,he is a waiter
hana:dǫh,black snake
hana:ga:,he is whistling
hana:greˀ,he lives
hanadręnǫ:nih,they (male) are composers
hanai:,"he is proud, boastful, bragging or conceited "
hanaˀdaǫnihs,he is a baker
hanehsdanyaˀs,he is sawing a board
hanihaǫhaˀ,he is stringing
hanohae:,he is washing it
hanowahetgę:sah,mischievous turtle or mud turtle
hanoˀjagę:t,he has white teeth
hanoˀjo:t,he has teeth
hanraˀgeh,"on his penis, phallus"
hanyohs,he kills something
hanę:tso:t,"his (attached) arm, he has an arm"
hanęhgwih,he is a courrier
hanętsaˀgeh,on his arm
hanǫhsǫ:nih,he is a carpenter
hanǫhsǫ:nih hohyadǫhkwaˀ,carpenter's pencil
hanǫhsǫ:nih hęnihnodahkwaˀ,carpenter's apron
hanǫnyawaehǫh,he is a good dancer
hanǫˀgwanęhgwih,milkman
haohe:s,he collects the bets; he gathers
haoˀ,o.k.; come on!
haoˀ dehsniˀdrai:hęh,"o.k., you two hurry up!"
haoˀ dehswaˀdrai:hęh,"o.k., you all hurry up!"
haoˀ desaˀdrai:hęh,"o.k., hurry up"
haoˀ dęˀ nyoh,O.k. then.
hatahi:neˀ,he is walking
hatgayę:daˀ,it is settled
hatgehǫhaˀ,he is an auctioneer; (literally: he is a seller)
hatgwa:dǫh,he is zig-zagging
hatgęjihtaˀ,he is getting old
hatgǫhsohai:,he is washing his face
hatgǫhstǫˀęhtaˀ,he is shaving
hathna:sǫˀ,he is oiling himself
hatnegahni:nǫhs,bartender
hatnoˀjohai,he is brushing his teeth
hatnǫˀaohai:,he is washing his head
hatrǫnyahneˀsgęhę:ˀ,he used to tell
hatsohihsrǫh,he is biting
hawayęhǫhsdǫh,he is right-handed
hawayęnę:daˀs,he finishes
hawayęnędęhda:ˀ ohwęjagehgeha:ˀ,natural resources
hawe:ˀǫ:,he has willed
hawiyanęhsgwahs,he is a kidnapper
hawędagę:,he is weak (mentally or physically); he is a wimp; he is a coward
hawęnahsno:weˀ,he is an auctioneer
haya:sǫh,his name
hayahgwagrahs,he has smelly pants
hayaˀda:ˀ,his picture
hayaˀtaˀ,he is a photographer
hayaˀtgaiyeˀ,he is agile
hayaˀtgaǫ:ˀ,"he is quick to move; he is active, always moving around"
hayęhęˀ,"he puts, places it there (continuously)"
hayętwagwahs,he is harvesting
hayętwahseˀ,he is going to plant
hayęˀgwagrahs,he smells like smoke
haęnaga:nyeh,he is trilling the song
haǫ:nyahnǫˀ,he has included or designated
haǫ:wihshęˀǫh,"he is panting, short of breath"
haǫdˀidreˀ,he is dragging the log
haǫhaˀ,he (literally: he is alone)
haǫhaˀgeh,about him
haǫhwęjahsgenhahs,land researcher (literally: he fights for land)
haǫhęˀ,he (literally: he is alone)
haǫwihshe:yohs,he is out of breath; his breath is ebbing away
haˀa:kne:ˀ,we two (exclusive) went
haˀakhniha:ˀ,we two (exclusive) took it
haˀde:yǫ:,many different things
haˀdegayaˀksǫˀ,it is broken up in different ways
haˀdegaęnage:,all kinds of ongoing songs
haˀdegˀadrehdage:,"all kinds of cars, trucks, vehicles"
haˀdehodawęnyeˀ,he is walking about over there
haˀdehodinęhęda:gyeˀ,"they (male) are guarding as they are on their way over, in transit"
haˀdehoihwage:,"he is quick-witted; he has lots of business, different ideas, many ideas; he is into everything"
haˀdehonǫhwęjage:,they (male) are all over the earth
haˀdehonǫhwęjage: dehonatgę:nyǫ: dehęnaǫ:haˀ,Olympics
haˀdehsgyadǫdai:ˀ,next week
haˀdesanę:tse:s,reach away from your body (using your arm)
haˀdewahsǫdage:,"many nights, every night"
haˀdewęhnihsrage:,all kinds of days; many days
haˀdeyagǫgweˀdaę:ˀ,middle age
haˀdeyawęnohgra:ge:,a variety of weeds
haˀdeyohsohgwage: ehyadǫhkwaˀ,coloured pencils
haˀdeyohya:ge:,variety of fruit
haˀdeyonǫhwaęˀdaˀǫh ohnegagǫ:,lake bed
haˀdeyowahage:,many different types of meats
haˀdeyowęhęgeˀ,a variety of flowers
haˀdeyowęhęgeˀ gawęhęyętwahsǫˀ,flower bed
haˀdeyǫ: wadehstaˀ,it has a variety of uses
haˀdra:tęh,climb over there!
haˀdrehdǫ:nihs,he is a mechanic
haˀdrehdǫ:nihs hadrihoˀda:staˀ,mechanic's working tools
haˀdreˀ,he is dragging
haˀdri:yo:,"he's a good, accurate shot"
haˀdrohk,juneberry; thornberry
haˀdwa:tgǫ:dęˀ,it is lost forever
haˀdę:syehs,you will put them all together
haˀdęhsahe:t,"you will scream, yell over there"
haˀdęwahsǫdaę:daˀ,"when night has set in, arrived"
haˀdęwatgǫ:dęˀ,"always, forever"
haˀgadagyeˀshǫˀ,it continues on endlessly
haˀgahahokdęˀ,I finished a row
haˀgahe:ˀ,the time has arrived
haˀgahgwęˀ,sunset; the sun went down
haˀganǫˀao:yęht,the head hit suddenly
haˀgaę:ˀ,they (female or mixed group) are going
haˀgeˀ,I am going (there)
haˀgye:ˀ,I touched it
haˀgyǫˀ,I went in
haˀgę:,he is light-skinned
haˀgę:neˀ,they (animal) are going
haˀgęnagyę:ˀ,they (animal) went and sat over there
haˀgǫnęhtge:,I took a big swallow (gulp)
haˀha:di:yǫˀ,"they (male) went in there, they arrived"
haˀha:goˀ,he went and got it
haˀha:yǫˀ ne:ˀ to ahǫwadi:tsgo:dęˀ,"they elected him, them (male)"
haˀhahaha:ˀ,he went onto the road over there
haˀhehsihnǫ:k,call him!
haˀheyahtgaˀ,I left him there; I took him over there
haˀhiˀyagaę:heˀ,his body trunk is crooked; he is bent over
haˀho:diˀ,he threw it 
haˀhoˀnigohaˀehs,his mind settled on
haˀhǫda:,he put it in over there
haˀjǫh,"go in, enter!"
haˀnhǫhdagrahs,his armpits smell
haˀni:haˀ,my godfather
haˀnigęhę:ˀ,my former father
haˀnigǫhahsno:weˀ,he is a quick thinker
haˀnih,my father
haˀnyǫhsgwa:ah,he is a little moose
haˀsa:do:wih,drive it over there; herd animals
haˀsadawę:,you swim over there
haˀsatgahtoˀ,you looked
haˀseˀ,you are going
haˀsha:,take it over there
haˀshesihnǫ:k,call someone her!
haˀsihnǫ:k,call it!
haˀsra:tęh,climb over there!
haˀsyǫh,"go in, enter!"
haˀsǫ:goht,you are going above and beyond
haˀsǫ:nęht,you (singular) swallow!
haˀtgęnętsaǫ:nyǫ:ˀ,I waved my arms over there
haˀtsęnętse:s,you (singular) reach out!
haˀwa:tsˀaht,it is all gone
haˀwadatsˀǫh,"it is empty, burnt up, used up"
haˀwaha:s,he is a meat eater
haˀwathnegatsˀaht,water is all gone
haˀwęhnihsradenyǫ:gyeˀ,days ahead
haˀǫdagyaˀdatsęi:ˀ,she found her over there
haˀǫtgˀęse:ˀ,she is watching over there
he:ge:,let me go there
he:gohs,I am dipping it in all the time
he:gę:,"just, only"
he:tgęh,"up, above, a loft"
he:tgęh tga:deˀ hęnadewayęhstaˀ,"higher learning, postsecondary education"
he:tgęhjih,the very top
he:tgęˀ tga:deˀ,it is superior
he:ye:t,she is standing over there
hedwaihwagyęhę:tohs,we all partake; we all (inclusive) pull forth the words or ideas all the time
hedwaihwagyęhę:twahs,we all partake; we all (inclusive) pull forth the words or ideas all the time
hega:ni:yǫ:t,it is hanging way over there
hegahe:ˀ,it is setting way over there
hegahgwęˀs,"to the setting sun, the direction of the sunset, west"
hegahstę:doˀk,the end of the mountain
heganętsa:deˀ,"an arm, branch, division (of an organization); municipality"
hegayehsdǫh,it's been added
hegayętwahsǫˀ,it is planted over there
hegęhjih,my husband
hegęˀdǫhgoia:s,dragon (literally: flame thrower)
hegǫnęhtaˀ,I swallow
heha:wahk,my son
hehahehaˀ,he places it over there all the time
hehaihwęhęhs,he always takes the message; he is a messenger
hehda:geh nitga:deˀ,it is low
hehdagęhjih niga:gyeˀ dega:dęhs,it is flying low
hehdaˀ gegwai,where it starts; the bottom
hehdaˀ gegwai syaˀdaˀgeh,your lower body
hehjiˀah,my older brother
hehjiˀahgęhę:,my former older brother
heho:di:yǫ:,"they (male) arrived, they went in there"
heho:gyeˀs,he throws it (all the time); he is a pitcher 
heho:gyǫ:,he has thrown it 
hehoihwęhę:,he has taken a message
hehoˀęnǫ:gyeˀs,Thrower of Sticks
hehwawaˀseh,"I did agree with him, support him"
hehwawaˀsehk,"I used to support him, agree with him"
hejagonęhęh,they (female or mixed group) are outspoken
hejagǫhaǫ:,it took her (death)
hejehehs,her birth date
heji:sę:hęh tsǫ:,"you speak without thinking, spout off"
hejo:yaˀ,another thing
hejo:yaˀ tsǫ:,another thing again; elsewhere; on a tangent
hejogyǫdǫh,where the body is back lying in state
hejogę:ęh,last quarter moon
hejohęˀdrǫh,every other day
hejonǫhsǫ:t,the room after the next room
hejoˀkaǫ:gyeˀs,"flaring, swaying skirts"
hene:nhǫ:s,my son-in-law
henǫhkwaˀ,I love him
henǫhweˀs,I like him
hesa:yę:,you did touch something
hesa:yęˀ,you put it there
hesahdęgyǫ:,you went over there
hesahǫ:dǫ:,you ask him
hesawitaˀ,you insert something all the time
hesga:gǫ:t,last
hesgahgehtaˀ,I go back all the time
hesgaęnagǫ:t,the last song
hesgehes,it is my birthday
heshahes,his birthday
heshai:,fox
heshawęhęh gwaˀe:ˀ,he is speaking without thinking again as usual
heshawęhęh tsǫ:,he speaks without thinking
heshohshaˀdrǫnyǫh,he is remembering back then
heshohshędaˀǫh tsǫ:,he is staggering
heshoˀnigohi:yo:,his mind is good over there
hesno:ˀ,your step-son
hesnǫ:dręˀ,you follow him
heso:t,my grandfather
heswagyęhęhtwęh,you retracted
heswaˀne:t,I support or back him
hesyahnǫh,"you are touching here and there, groping"
hesyahnǫhaˀ,you are picking at something (i.e. your food); you are a groper
hesyahnǫnyǫh,"you are going along groping, picking at things"
hesyaˀdahdrǫ:gwahs,you are caressing him now
hesyaˀdahdrǫ:gwęh,you did caress him
hesye:haˀ,you are a toucher
hesyenawaˀs,you help him
hesyet,wake him up!
hesˀaę:ˀ,brown
hetsehs,it is your birthday
hetsehtaˀ,you go back (all the time)
hewa:kre:ˀ,"I put, placed it over there"
hewadoˀktaˀ,word suffix; it ends over there; it ends it
hewagadęnyehdǫh,I sent it
hewagihnǫ:gǫh,I have called it; it has called me
hewagohǫh,"I have already dipped, submerged it"
hewagǫnęhdǫh,I have swallowed
hewaˀsęˀs,it falls in (all the time)
heya:dreˀ,my grandson
heyagogyęhętwęh,she is pulling from there
heyagotwaˀehsdǫh,she is there for an extended stay
heyahsgane:s,I desire him
heyaǫt,it protrudes
heyaˀdawęh,my nephew (literally: I'm supporting him)
heyeihwahwinyǫˀtaˀgeh,people take their ideas in there
heyeˀdrǫˀ,"she is at home, way over there"
heyo:gęˀt,it is transparent
heyo:sde:,it has boiled down
heyodadaǫ:,"remainder, residue"
heyodaˀgwaishǫ:,straight ahead
heyodohwęjokdaˀǫh,"a point of land, cape, peninsula"
heyodokdaˀǫh,it ends over there
heyogohso:t,it is a surplus
heyohe: wakyędahgowanęh,it is a bigger chair
heyohehdęˀǫge:,canyon
heyohnegęˀǫh,falling water
heyohsgǫ:t,porch
heyohtę:doˀk,end of the field
heyohwęja:deˀ,a peninsula
heyonǫhso:t,the next room
heyotahinǫkdaˀǫh,the vanishing point of the road
heyotahoˀk,"end of the trail, path, row"
heyotahoˀkdaˀǫh,dead end 
heyotsˀahdǫh,it is all gone
heyoyagęˀǫh,that's where it went out
heyoˀdrahehsdǫh,it is extreme
heyoˀsgwaǫ:t,"rock formation that protrudes, cliff"
heyoˀsęˀǫh,it has fallen in
heyoˀwi:,a corner
heyęhdahkwaˀ,it removes feces
heyǫdogęhdahkwaˀ,"path, short-cut"
heyǫgwagyaˀdanuhsdǫhǫ:k,we all will be cooling off over there
heyǫgwaihwadihętwęh,we have pulled forth the ideas; we are participating right now
heyǫgwaihwagyęhętwęh,we have pulled forth the ideas; we are participating right now
heyǫhwa:dęˀ,my nephew
heyǫhwęja:gwe:gǫh,national (literally: it is all over the earth)
heyǫhyagwahs,where she picks fruit
heˀgaˀnǫht,it is in there
heˀgę:ˀęh,my younger brother
heˀsa:dih,throw it away from me
heˀsaˀdre:,drive over there
hihi:,great horned owl
hihsa:s,he is looking for it
hnaˀgǫhka:ˀ,underwear
hne:ˀ,in fact
hniˀ,"also, and, too"
hnyagwai:ˀgeha:ˀ,Bear Dance
hnyagwaiˀ,bear
hnyǫˀǫh,white
hnyǫˀǫhneha:ˀ,"the White (i.e. Caucasian) kind, culture"
ho:węh,his
ho:yęˀ,he has
hoda:węh,he did swim
hodagaideˀ,he is healthy
hodaˀgeho:daˀk,he did have erections (but he doesn't any more)
hodaˀgeho:t,he has an erection
hode:kǫ:ni:,he is eating
hode:tsę:,he is a glutton
hodehęˀǫh,he is embarrassed right now
hodehęˀǫhsdǫh,he is a widower
hodewayęnǫni:,he has done it carefully
hodeˀka:ˀ,he is hen-pecked
hodi:yęˀ,they (male) have; they have laid
hodidagwaihshǫ:,they (male) keep straight the ways
hodidrehdaˀ,their (male) car
hodidręˀi:ga:ˀ,painted turtle
hodihsgęˀagehdah,men (high language)
hodihsiˀdatgiˀ,they (male) have dirty feet
hodihsrǫnihagyeˀ,development; (literally: they (male) are developing)
hodihsweˀdanawę:,"they (male) are Wetbacks, Mexicans"
hodihswęˀgaiyoˀ,they are Hawk Clan
hodihwaˀgeh,on their (male) word
hodijihsdaˀdrǫ:,they (male) have gone to the fire (refers to the Gaihwi:yo: convention)
hodinahaowih,they (male) are having the Midwinter Ceremony
hodinǫtsanǫhwa:s,they (male) have a sore knee
hodiyahsdǫh,they (male) have named it
hodiyanehsǫˀ,chiefs
hodiyaˀda:deht,"they (male) are agile, fleet of foot, nimble, quick-moving"
hodiyętwahsǫˀ,they (male) have planted several things
hodiyǫgyeˀni:,they (male) have the giggles
hodiˀkaes,Arabs; (literally: they (male) have long robes)
hodiˀnhǫhda:grahs,their (male) armpits smell
hodiˀnigǫha:t,they (male) have wisdom; male elders
hodiˀnigǫhowa:nęˀs,"they (male) are wise, have the capacity for thinking"
hodonǫhahe:ˀ,he is happy 
hodowatǫ:,he is gone hunting
hodowatǫhk,he hunted
hodrehdaga:yǫh,his old car (antique)
hodrehdaˀ,his car
hodriho:wi:,he is clumsy
hodrihwagwaihsǫ,he is a noble person
hodrihwahsdihsdǫh,a chairman; (literally: he looks after the message); he is taking care of this event
hodrihwatgaha:ˀ,"he is a supervisor, overseer"
hodrihwatgihdǫh,he is talking dirty
hodrihǫ:t,he is a faithkeeper; agent
hodrę:no:t,he is singing
hodę:nyo:,he has killed someone
hodędǫnyaˀdahsgǫ:,"he is a joker, or happy-go-lucky; he is obnoxious"
hodędǫnyaˀtaˀ,it's making fun of him; something turned on him
hodęihǫdǫnyǫˀ,his appointed responsibilities; his assigned duties
hodǫgohdǫh,he has gone past
hodǫgohdǫhǫgyeˀ,he is going along passing
hodǫgweˀdagǫnyǫhs,he is choosy about who he associates with; he discriminates
hogaę:s,he is willing
hogaˀdaswahs,he smells (i.e. sniffs) pants (said of pubescent teenagers)
hogeˀa:ˀ,his hair
hogeˀaji:,he has dark hair
hogeˀe:s,he has long hair
hogyanaˀǫh,"he is possessed, addicted (with gambling, women, etc.)"
hogyanˀǫdrǫh,he is dreaming
hogyaot,he has put up a tent
hogyǫˀse: tsǫ:,he is a live-in; (literally: he's just visiting or living with her)
hogǫhsatgiˀ,he has a dirty face
hoh,what the...?!
hohahahsęhęgyeˀ,he is counselling
hohaˀdi:yo:,"he is a good singer, he has a good voice"
hohdęgyˀadǫh,he is an owner
hohgahę:,he is jealous
hohjiˀaˀ,his older sister
hohnaˀtsade:gęh,he has got burnt buns
hohneganyohs,he has a hangover
hohnyaˀsgaohs,"he is hiccupping, hiccoughing"
hoho:,"exclamation, said in anticipation of something bad or good (i.e. someone's about to win at bingo, or have a fight)"
hohsdę:ˀęh,he is old; he is an old man
hohseˀ,he is riding a horse
hohsgenhaˀseh,he is greedy
hohsgwa:ǫt oˀwahǫh,beef
hohsgyaǫ:gyeˀ,he is going along walking quickly
hohsgyęˀwatę:,he is skinny
hohsgyǫˀwatę:,he is skinny
hohshę:,he is slow-moving
hohsi:sęh,he has been shot
hohsiˀdanǫhwa:s,he has a sore foot
hohsiˀdatgiˀ,he has dirty feet
hohso:tsęˀ,he has a grandparent
hohsohdatgiˀ,he has dirty hands
hohsoˀkaˀ,he is limping
hohsweˀnagehdeh gaya:ˀ,his knapsack
hohswęˀnageh,on his upper back
hohswęˀnageh hoya:gehdeh,his knapsack
hohsę:ˀ,he is fat
hohwaˀe:,he is tapping
hohwihsdagaˀdeˀ,he has lots of money
hoiho:gaˀt,he speaks sharp words
hoihoˀdeˀ,he is working
hoihoˀdęhsri:yo:,he has a good job
hoihwado:gę:,he is a reliable person
hoihwagęnyaˀt,he is an instigator
hoihwakahshǫgweh,he has divided into parts or duties
hoihwi:s,he has a long speech
hojaohoˀgwanǫhwa:s,he has a sore ankle
hoji:yoˀ,he is crippled
hojinˀadǫ:,he is a handsome man
hojobtri:yo:,he has a good job
hokseˀdaihah,he is a young tender belly (i.e. 9 - Thirteen-ish and not really tough)
hokyędahkwahsdihsdǫh,a chairman; (literally: he looks after the chair)
hona:gyoh,their (male) in-laws
hona:tsih,his friend; they (male) are friends
honadagaideˀ,they (male) are healthy
honadahsehdǫhǫgyeˀs,they (male) are sneaking around
honadaoˀshǫˀ,they (male) are friends
honadegwahtgehǫˀ,they (male) are auctioning off the food
honadenhohatgaha:ˀ,they (male) are the Keepers of the Door (referring to the Mohawks)
honadeshe:datgehǫˀ,they (male) are selling tickets
honadrihwahsdi:hsdǫh,"board, bureau, office, department, foundation, institute, etc."
honadrihǫ:dǫˀ,they (male) are agents
honadrihǫ:t,they (male) are faithkeepers
honadrę:no:t,they (male) are singing
honadręnaę:ˀ,they (male) (Christians) are praying
honadręno:dak,males did sing
honadręnodagyeˀ,they (male) are singing a song as they travel
honadręnǫ:ni:ˀ,"they (male) made, composed a song"
honadęˀnigǫha:ˀ,"they (male) are protecting, watching"
honaganiyǫ:dǫh,he has hung horns
honahdęgyaˀdǫh,"business, industry"
honahdęgyaˀdǫh gęgyohgwaęˀ,business association
honahgwaˀehagyeˀ,he is beating the drum as he moves along
honahsgwagaˀdeˀ,he has many pets
honahsgwaę:dǫˀ,"he has animals, pets"
honahsgwaę:ˀ,he has a pet
honahsgwaę:ˀ da:gu:s,he has a pet cat
honahsgwaę:ˀ so:wa:s,he has a pet dog
honahsiˀdanǫhwa:s,they (male) have a sore foot
honatgaha:ˀ,they (male) are watching
honatgehǫˀ,they (male) are selling something
honatkwęhęgyeˀs,spies (literally: they (male) are shadowing around)
honatowinyǫˀse:,they (male) have a cold
honatwihsdatgaha:ˀ,they (male) are auditors
honaˀga:ˀ,his horns
honaˀga:ˀ eha:ˀ,clan mother (literally: she holds his horns
honhǫdagyeˀ,he has it in his mouth as he moves
hono:ha:ah,his aunt on maternal side
hono:haˀ,his mother
hono:haˀtsęˀ,he has a mother
honodrahsdǫh,they (male) are going along sprinkling; they (male) have sprinkled
honodrę:not,they (male) are making a presentation
honowagwaǫt,he has a humped back
honrahdaˀgǫh,he is eating lettuce
honya:kdreˀ,he is getting married
honę:tsaˀ,"his arm (i.e. said when holding up Ken, the Barbie doll's arm)"
honęniˀje:,they (male) are doing the War Dance
honǫdanhęh,he is guilty
honǫhdǫˀ,he knows
honǫhgę:t,he is fair haired
honǫhnyagǫh,he is hurt
honǫhraˀtęˀ,he has grey hair
honǫhwęjahsdahnǫˀ,"map makers, geographers"
honǫhwęjatgaha:ˀ,conservation
honǫhwęjaę:dǫˀ,"land owners, land titles"
honǫhwęjaˀshǫˀ,land titles
honǫhǫ:t,he has something in his mouth
honǫniha:gyeˀs,"they (male) are making, earning it (continually)"
honǫˀa:dę:s,he's thick-headed
hotahgǫhne:ˀ,he used to talk about it
hotahyǫ:ni:,he is of the wolf clan
hotahyǫni:go:wah,Big Wolf Clan (chief holding title)
hotehtgędǫ:ni:,he is in a funny or odd mood; he is moody
hotgahnyeˀ,he is playing
hotgiˀ yǫhdeh,dirty old thing
hotgǫˀ,he is a warlock
hotgǫˀǫh,exclamation; said when something is out of the ordinary.
hotiyaˀhsgǫ:,he's testy; he has a short fuse
hotowinyǫˀse:,he has a cold
hotsahniht,"he is a good worker, tireless, active, industrious,etc."
hotsenęhshǫˀ,his many pets (a variety)
hotsinadǫˀ,a one-night stand; (literally: he's got his leg buried someplace)
hotsę:nǫ:ni:,he is happy
hotwajiyǫ:gyǫ:,he has abandoned the family; he threw his family aside
hotwaˀehsdǫh,"he is a boarder, homeless"
hotǫ:deˀ,he hears
howagrahdanǫhwa:s,he has a sore heel
howanˀosęh,his uncle
howayęnheˀsgǫ:,"he is a fast learner, a quick study"
howę:sęhdǫh,he is keeping a beat with his feet
howęgęhę:ˀ,it used to be his
howęhne:ˀ,it used to be his
hoya:gehdeh,his knapsack
hoya:nedaˀ,the chief’s clan mother
hoya:neh,a chief; Confederacy Chief
hoya:neh hahshęnowa:neh,Chiefs
hoyano:tgę:,"he is a slow runner, walker, he has a slow gait"
hoyaˀda:dani:,"he is reliable, dependable"
hoyaˀdadeht,"he is agile, fleet of foot, nimble, quick-moving"
hoyaˀdahsdeˀ,he is heavy
hoyaˀdatgiˀ,"he is dirty, has dirty ways"
hoyenawaˀsgǫ:,he is a willing helper
hoyętwagwęh,he harvested it
hoyętwahsǫˀ,he has planted several things
hoyętwaˀǫh,he has planted already
hoyętwęh,he planted
hoyǫ:dih,he is smiling
hoyǫgyęni:,"he is a smiler, a giggler"
hoyǫgyǫhne:ˀ,he has already smiled; he did smile
hoˀ dęˀ,what
hoˀdaihaˀseh,he is too hot
hoˀdaihęhdro:t,he is sweating
hoˀdeh,he is horny
hoˀdrehdagęhę:ˀ,it was his car
hoˀdrehdase:,his new car
hoˀgwa:s,he is digging or uncovering
hoˀka:swahs,he smells (i.e. sniffs) skirts (said of pubescent teenagers)
hoˀnigǫhaędaˀs,he understands
hoˀnihshęˀ,he has a father
hwaˀ,next; having to do with time
hwihs,five
hwihs naˀdewˀęnya:wˀe:,five hundred
hwihs nigahwihsda:ge:,five dollars
hwihs niwahshę:,fifty
hwihs niwahshę: ahsęh,fifty-three
hwihs niwahshę: degrǫˀ,fifty-eight
hwihs niwahshę: dekni:,fifty-two
hwihs niwahshę: gei:,fifty-four
hwihs niwahshę: gyohdǫ:,fifty-nine
hwihs niwahshę: hwihs,fifty-five
hwihs niwahshę: hyeiˀ,fifty-six
hwihs niwahshę: ja:dahk,fifty-seven
hwihs niwahshę: sga:t,fifty-one
hwihs niyogwęniˀdage:,"five cents, five pennies"
hwihs skaeˀ,fifteen
hwihsdanaˀgo:ˀ,"big spender, spendthrift"
hwihsgwęnihs,a nickel
hwihshǫˀ,five-ish (around five o'clock)
hwihskaeˀgwęnihs,fifteen cents
hwihsǫ:t,Milk snake
hwihsǫ:ˀǫh,five-ish (around 5 o'clock)
hwę:dǫh,"ever, when"
hwędǫh gwaˀ,sometime
hya:ˀ,refers to a period of time
hyaikhnehgeh,berry-ripening time
hyeiˀ,six
hyeiˀ naˀdewˀęnya:wˀe:,six hundred
hyeiˀ nigahsiǫˀtrage:,seventy-five cents
hyeiˀ niwahshę:,sixty
hyeiˀ niwahshę: ahsęh,sixty-three
hyeiˀ niwahshę: degrǫˀ,sixty-eight
hyeiˀ niwahshę: dekni:,sixty-two
hyeiˀ niwahshę: gei:,sixty-four
hyeiˀ niwahshę: gyohdǫ:,sixty-nine
hyeiˀ niwahshę: hwihs,sixty-five
hyeiˀ niwahshę: hyeiˀ,sixty-six
hyeiˀ niwahshę: ja:dahk,sixty-seven
hyeiˀ niwahshę: sga:t,sixty-one
hyeiˀ niwęnihsgaǫ:t,it has six wheels
hyeiˀ niwęnihsgaǫ:t gadrehdaˀ,stake truck
hyeiˀ niwęˀnihsgaǫ:t hado:nyeˀs,truck driver
hyeiˀ skaeˀ,sixteen
hę: gyeh,it does not matter or does not make any difference
hę:geˀ,I will go
hę:goh,"I will put (dip) it in, submerge it"
hę:gyeh,it doesn't matter; it doesn't make any difference
hę:gyeˀ,never mind!
hę:sadwęnǫ:diˀ,you will throw your voice (as a ventriloquist)
hędwa:yǫˀ,we all (inclusive) will go in together
hędwaihwadihę:toˀ,we all (inclusive) will pull forth the words or ideas; (said by a speaker during a ceremony)
hędwaihwagyęhę:toˀ,we all (inclusive) will pull forth the words or ideas; (said by a speaker during a ceremony)
hędwaihwakyę:toˀ,we all (inclusive) will participate in 
hęgadahnyo:ˀ,I will fish over there
hęgadaˀgyeˀ,it will continue on
hęgiˀdrǫ:daˀk,where I will live (over there)
hęgǫ:nęht,I will swallow
hęgǫyadę:nyeht,I will refer you (to someone else)
hęhadrohe:s,they (male) gather over there
hęhaihwęhę:ˀ,he will take the message
hęhe:yǫhs,he is dying
hęhsa:do:wih,you will drive over there!
hęja:gǫnęht,they (female or mixed group) will swallow again
hęjehe:ˀ,it will be her birthday; (literally: she will come to her birth time)
hęjehehs,it will be her birthday
hęjidwaihwagyęhętoˀ,we all (inclusive) will bring the idea back again
hęjihsasha:ˀ,you will remember back in time
hęjohęˀ,the day after tomorrow
hęnadahnyoh,they (male) are fishing over there
hęnadawęhs,they (male) are swimming
hęnadedrehdęhtaˀ,they (male) are tobogganing
hęnadewayęhstaˀ,they (male) are learning by reading
hęnado:wa:s,they (male) are hunting
hęnadrihoˀda:s,they (male) work; they are workers
hęnadrihsdaęhęˀ,they (male) are trappers
hęnadrihwahni:nǫh,"they sell the ideas, ways (get recorded for money)"
hęnadręno:taˀ,"male singers; a band, musical group"
hęnadǫgweˀdahshe:dahs,a census; (literally: they (male) count people)
hęnadǫhnaˀdreˀ,they (male) are installing Chiefs; Installing Chiefs Ceremony
hęnadǫwihsręhtaˀ,they are accompanying adlfwaj (hej hej hej)
hęnagyehęˀ,they (male) do it
hęnagyędahkwaˀ,their (male) chair
hęnahdogahtaˀgeh,greenhouse; (literally: where they (male) grow things)
hęnahga:gwaihshǫhs,they (male) are straightening out the splint
hęnahgage:dahs,they (male) are scraping the splints
hęnahgaǫni:,they (male) are making splints
hęnahshedadahgwahs,bingo; (literally: they (male) are drawing numbers)
hęnahsiˀda:grahs,they (male) all have stinky feet
hęnatahineˀ,they (male) are walking
hęnatgǫdrahkwaˀ,body pads (body protectors)
hęnatnajohgwaniyǫdahkwaˀ,jock strap
hęnatwihsdanǫh hadikdǫhaˀ,auditors
hęnaǫˀda:tkwaˀ wadręnotaˀ,a flute; (literally: they (male) use it for blowing)
hęnaˀswahtaˀ,they (male) are firemen
hęnaˀswahtaˀgeh,firehall
hęnodrahstaˀ,they (male) sprinkle on
hęnęˀhotroiˀa:s,they (male) play basketball
hęnęˀnhohtraˀehs,they (male) hit balls
hęnǫda:staˀ,they (male) put it in there all the time
hęnǫgwehneh,"men use it, just for men; men's washroom"
hęnǫhwęjahsgenhahs,land claims; (literally: they (male) fight for the land)
hęsadagwaihsaht,you will go straight
hęsadrihwa:nyeht,you will send a message
hęsagyadoiya:k,you will pounce on it!
hęsagyˀadǫ:diˀ,you will pounce on it!
hęsahdǫ:ˀ ęhsaˀnigǫhahdǫˀ,you will lose consciousness
hęsatsohih,you (singular) bite!
hęsaǫˀda:t,you will blow
hęseˀsǫˀ,"go on ahead, take the lead!"
hęsgahyagoˀ,when I will pick again
hęsge:ˀ,I am going back there
hęsgehta:k,I will go again and again and again 
hęshehawihdahk,"you will escort her, take her with you"
hęsheyahsǫ:ˀ,you will call someone's name (over there)
hęso:goht,"you will exaggerate, go above and beyond"
hęsoˀkdęˀ,you will finish something
hęswadrihwanyeht,you all will send a message
hęsyahnǫ:ˀ,"you will grope, touch, pick at"
hęsye:ˀ,you will touch it; you will put it there
hętręˀ,put it back in its place
hętsahsǫdręˀ,"you will resume, add on"
hętsahtgahtoˀ,you will look back
hętsyę:ˀ,you will put it back in its place
hętyehs,you will add
hęwaˀsęˀ,it will fall in
hęya:gwa:yǫˀ,we all (exclusive) will go in together
hęyagwadahnyo:ˀ,we all (exclusive) will fish there
hęˀ,"refers to also, too; does not occur alone"
hęˀ hne:ˀ,"too, also, and"
hęˀ ni:ˀ,me too
hęˀęh,no; (more slang-like expression)
hǫ,there; does not occur alone
hǫ:,to be somewhere
hǫ:ga:k,goose
hǫ:gweh,a man
hǫ:niˀ,referring to a reason why; does not occur alone
hǫ:weh,to be somewhere
hǫgeˀ nhǫ:gyeˀ,while I am going there
hǫgweh,"boy, man"
hǫgweˀdase:ˀ,he is a young man
hǫgweˀdi:yo:,"he is a charming, polite, nice person"
hǫhji,stove
hǫhsagoha:ˀ,it took her (death)
hǫhsaihe:ˀ,she came to her birth time again; whose birthdate was it again?
hǫnˀadaˀ,potato
hǫnˀadaˀ eyahkwaˀ gaˀahdraˀ,potato basket
hǫsa:kne:ˀ,we two (inclusive) went back
hǫsaha:yǫˀ,he went back inside; he arrived back there
hǫsaˀhǫwadiyaˀdinyǫ:t,"they re-elected him, them (male)"
hǫtsanǫhwa:s,he has a sore knee
hǫwa:no:ˀ,her step-son
hǫwadi:hwagwenyˀaseh,he is a negotiator (with them (male))
hǫwadigwa:go:wah,their king
hǫwadihnegodrahs,"baptism; to christen; (literally: they sprinkle him, them)"
hǫwadihnyaˀdragǫh,they have already hanged him (and his neck broke)
hǫwadihnyaˀdręhs,"they hang him, them (male) all the time"
hǫwadihsre:gyeˀ,they are following him along
hǫwadihsrehsrǫh,they are chasing him around
hǫwadihsreˀs,they follow him around all the time
hǫwadihwihsdawihs,"a subsidy; a grant; (literally: they give him, them (male) money)"
hǫwadihǫdayędahkwaˀ,Cat O' Nine Tails
hǫwadiwęnǫgohtaˀ hadiwęnodagyeˀs,Thunder Ceremony
hǫwadiwęnǫgohtaˀ hadiwęnodagyeˀs wasa:seh,War Dance (goes with Thunder Ceremony)
hǫwadiyaˀda:ˀs,"they rely on him, them (male)"
hǫwadiyaˀdahe:neh,they operate on him
hǫwadiyenawaˀseh,services; lit.: they help them
hǫwadiˀshahsdęhsrawi:,ministry
hǫwadˀihsgohs,baptism; (literally: someone baptizes them)
hǫwagę:ˀęh,his younger brother
hǫwahjiˀah,his older brother
hǫwahnǫdra:gyeˀ,someone is following him along
hǫwahnǫdra:gyeˀs,someone is following him wherever he goes
hǫwahnǫdreˀ,someone is following him
hǫwahsi:sahs,he is always getting shot by someone
hǫwahsi:sęh,he got shot by someone
hǫwaihwawaˀseˀ,a bailiff; (literally: he is a judge's aide)
hǫwanˀosęh,"his uncle, her uncle"
hǫwatnigodrahǫh,they (male) have been baptized
hǫwaˀkaowe:s,he is hen-pecked
hǫwaˀnih,his father
hǫwęyaˀdiˀdrehsrǫh,someone is going along dragging him
hǫˀgehnyǫ:diˀ,I threw a stick
i:drah,spread it on something!
i:ga:t,it is standing
i:ga:ˀ,it contains
i:ge:s,I eat
i:ge:t,I am standing
i:geˀ,"I am walking, moving"
i:geˀs,I am here
i:gye:t,she is standing over there
i:hs agǫyahsha:ˀ,I thought of you
i:jeh,wake up!
i:noˀ heˀga:gęh,telescope
i:nǫh,far
i:s,you
i:s tsǫ:,only you; you’ll do.
i:se:k,eat it
i:soˀ,"much, many, lots"
i:soˀ gahya:s ohyaˀ,I eat a lot of fruit
i:wa:kˀah,nearby
i:wa:s,it eats
i:wa:t,it is contained; it (inanimate) is in there; solid matter
i:we: ęsę:daˀ,it seems you want to sleep
i:wi:,"I want, I hope"
i:wi: a:gagyaˀdohai:,I wish to take a bath
i:wi: agatgǫhsohai:,I want to wash my face
i:wi: ęgęhsiˀdohai:,I want to wash my feet
i:ye:s,she eats; what people eat
i:ye:t,she is standing here
i:yoˀ,"it is in the water, submerged in liquid"
i:yę:,she wants
i:yǫ:s,it is long
i:ˀ,me I; we; us
i:ˀ gaji:na:ˀ,the sound a rooster makes in Cayuga
i:ˀ hya:ˀ,me first
i:ˀgeh,as for me
ige:hah,"I am boastful, gloating"
igyehs,I wake up (all the time)
ihe:,he wants
ihe:hah,he thinks highly of himself; his thoughts
iję:,you put it down; leave it alone!
ikda:s,I am stringing it or draping it
ise:,you want
ise:hah,you gloat
ise:t,you are standing
isehs,use it!
isgeˀs,I have returned home
isne:,you two want
isnę:,you two have said
isra:s,you spread it on all the time
iswa:t,you all are standing
isę:,you have said it
ita:t,he is standing over there
itgyǫhs,I come in (from the same place) all the time
itręh,you place it!
iwa:kˀah,it is near
iˀgeh,as for me; on my side
iˀgeh gwadih,on my side; referring to a matrilineage
ja:dahk,seven
ja:dahk naˀdewˀęnya:wˀe:,seven hundred
ja:dahk niwahshę:,seventy
ja:dahk niwahshę: ahsęh,seventy-three
ja:dahk niwahshę: degrǫˀ,seventy-eight
ja:dahk niwahshę: dekni:,seventy-two
ja:dahk niwahshę: gei:,seventy-four
ja:dahk niwahshę: gyohdǫ:,seventy-nine
ja:dahk niwahshę: hwihs,seventy-five
ja:dahk niwahshę: hyeiˀ,seventy-six
ja:dahk niwahshę: ja:dahk,seventy-seven
ja:dahk niwahshę: sga:t,seventy-one
ja:dahk skaeˀ,seventeen
jadagaideˀ,you two are healthy
jade:kǫ:nih,you two eat
jagawe:nih,Hoop and Javelin Game
jago:kǫ:ni:,she is cooking again
jago:wi:ya:t,she has a baby inside her
jagwahdihs,blood suckers
jagyę:,you two sit down
jahsiˀdanǫhwa:s,you two have a sore foot
jahsiˀdatgiˀ,you two have dirty feet
jatahineˀ,you two are walking
jatowinyǫˀse:,you two have a cold
je:na:,"grip, hold it, catch it!"
jeyaˀda:t,one person (female)
jeyaˀda:t agǫgwˀeda:se:,one young woman
jidwahshe:t,let us all (inclusive) count again
jidę:ˀęh,bird
jidęˀshǫ:ˀǫh,birds
jigahęh,the Little People; elves; fairies; elf; fairy
jigupshǫ:ˀǫh,cups (slang for tea-cups)
jigǫhse:s,pike
jih,refers to a measure of amount or time; does not occur alone
jih trehs,too much
jihnyˀogęˀ,chipmunk (this word refers to the stripe on the chipmunk's back)
jihsda:,grasshopper
jihsdę:,firefly
jihsgogoˀ,robin
jihsgogoˀgeha:ˀ,Robin Dance
jihsgę:,a ghost
jihsǫ:dahk,strawberry
jihsǫ:dahk gayę:twęh,strawberry field
jikjiye:ˀ,chickadee
jinhǫhgwahęh,ants
jino:wę:,mouse
jinowęgo:wah,rat
jinǫhsanǫh,cricket
jinǫhyahae:,garter snake
jiˀao:yę:,spider
jiˀdana:wę:,butterfly (literally: something is wet; referring to the transformation)
jiˀdrǫ:wę:,sea shell
jiˀdę:ˀęh gęnadrohe:s,flock of birds
jiˀnhǫwę:se:,hummingbird
jiˀnǫhdo:yaˀ,bed bug
jiˀo:,a crab
jodeˀdrǫ:ˀ,otter
jodrę:no:t,it is singing again
jogahdra:t,one tear drop
jogrihs,blackbird
johaha:dih,the other side of the road
johaha:t,one road
johsiˀda:t,one foot
johsiˀdatsǫ ,one foot apart
johsra:tshǫˀ,yearly
johwęˀsdagaˀ,seagull
johǫ:da:t,one whip (uncommon)
johǫnˀada:t,one potato 
joihwa:t,one written sentence
jonaˀnohsdǫh,it is chilly
joni:tsgrǫ:t,squirrel
josaheˀda:t,one bean
joto:weˀ,it is cold again
jowihsda:t,one slice
jowęhyohga:t,one inch
jowęhę:t,one flower
joyęhsra:t,one blanket 
joyęhsratsǫˀ,one blanket at a time
joˀnhǫhsa:t,one egg
joˀę:na:t,one yard
ję:na:,"you (singular) catch! (an animal, etc.)"
jęni:hę: to:gyęh,you two quit that!
jǫ:nyǫ:ˀ,bluebird
jǫhǫgataˀ,hearing aid (literally: to hear gain)
jǫkihędǫˀse:ˀ,she has gone on before us
jǫnǫhdǫnyǫh,healthy; well being again
jǫtsanǫhwa:s,you two have a sore knee
jǫtsaˀgeh,on your (plural) knee
jǫˀdae:ya:ˀ,raspberries
jǫˀdagaˀ,mink
ka:wiˀ,I am carrying something
kada:tęhs,I am thirsty
kdagǫˀ,"grey squirrel, black squirrel"
kdakse:ˀ,I was running
kdakseˀ,I am running
kedęǫhs,I feel compassion for her
kegęhjih,my wife
keha:wahk,my daughter
kehawa:kˀah,my niece (maternal)
kehjiˀ,my older sister (pet name for your relative)
kehjiˀah,my older sister
kehse:yǫh,daughter-in-law
kehso:t,grandmother (term of address; term of respect for an old person)
kehswahęhs,I hate her
kenhaˀs,I hire her
kenhaˀǫh,I have hired her
kenǫhksǫˀ,my relatives
kenǫhkwaˀ,I love her
kenǫhweˀs,I like her
keya:dreˀ,my granddaughter
keyahsgane:s,I desire her
keyaˀdawęh,my brother's kids
keyaˀdaˀs,I rely on her
keˀgę:ˀęh,my younger sister
knidręnowa:nęh,"we two (inclusive) have a big smell, odour, scent"
knigowanęh,we two (inclusive) are big
knigǫ:ha:ˀ,"I am expecting, watching"
knigǫ:haˀk,I was waiting
knihnę:ye:s,we two (inclusive) are tall
knikdǫhnah,let's go look
kninoˀjo:t,we two (inclusive) have teeth
kninę:tso:t,we two (inclusive) have an arm
kniˀnhǫhdagrahs,"we two (inclusive), our armpits smell "
kno:ha:ˀah,my aunt (maternal); term of address
kno:haˀ,my mother; term of address
knohaˀgęhę:ˀ,my mother who is deceased; my former mother
knoˀjo:t,I have teeth
knoˀsęh,my uncle (term of address)
knoˀsęˀ,my uncle
knę:ye:s,I am tall
knęhgwih,I carry it all the time
knęhgwihs,I carry it all the time
knęhsgwahs,I am a thief
knętsaˀgeh,on my arm
knętse:s,my arm is long
knętso:t,I have an arm
knǫ:wa:s,I crave something
knǫhweˀs,"I like, admire it"
knˀojaˀgeh,on my teeth
kre:haˀ,I am setting (it on something)
kre:nahs,I cut it all the time
krehnęhę:wiˀ,"I am carrying a bundle, load"
kręˀda:s,I always burn something
kso:t,grandmother (term of address; term of respect for an old person)
kyohsaˀgeh,on my elbow
naganyaˀgǫˀ,beaver
nahawayęnanheˀ,his finished creation; something natural; (literally: what he has laid out) 
naht,who
nawahtgeh,translation unclear
nawęˀdaweht deyohsait,sweet peppers
nawęˀdaweht onęhęˀse:,sweet corn
nawęˀdawehtshǫ:ˀǫh,dessert; (literally: sweet things)
nawęˀdaˀ,sugar
naǫsaǫgwayęhęk,what we all should be doing or how we all should conduct ourselves
naˀdegahsinagwa:sˀah,shorts
naˀdegahsinagwa:sˀah atnaˀtsotraˀ,shorts
naˀdegaǫdreˀ,how far apart they (female or mixed group) are
naˀdegęna:dreˀ,how far apart they (animal) are
naˀdewˀęnya:wˀe:,hundred
naˀdę:tge:ˀ,"I will come back over here, return"
naˀdǫ:da:geˀ,I should come this way
naˀdǫ:daheˀ,he would come this way
naˀga:tgwe:niˀ,the best I could do
naˀgę:ˀ shęh ganǫhso:t,behind the house
naˀǫjǫdoˀdęˀ,type of fish
ne:ˀ,that is; it is
ne:ˀ giˀ shęh,probably
ne:ˀ giˀ shęh hwaˀ,maybe that
ne:ˀ gwahs dwakyędahgowanęh,it is the biggest chair
ne:ˀ gwahs hwaˀ,it's that one for sure
ne:ˀ gyę:ˀ,it is
ne:ˀ gyęˀ neˀ,it is that
ne:ˀ hne:ˀ,in fact
ne:ˀ hne:ˀ ne:ˀ,and that also is
ne:ˀ hniˀ,"too, also, and"
ne:ˀ hniˀ ne:ˀ,and that also
ne:ˀ hwaˀ,next; this (coming) time
ne:ˀ hęˀ hne:ˀ,"too, also, and; it also is"
ne:ˀ hǫ:niˀ,that is the reason why; that is why
ne:ˀ neˀ,it is
ne:ˀ toh,it is that
ne:ˀ tsǫ:,that is only; that is all
ne:ˀahsǫh,"still, yet"
ne:ˀdiˀneˀ,so it is
ne:ˀgiˀhne:ˀ,and just
ne:ˀhniˀneˀ,and
ne:ˀtohne:ˀ,and then
ne:ˀtsǫ:,it is only thing; that is all (check gloss)
newadrahwisdage:,slices (of something)
neˀ,that; the
neˀ aǫhę:ˀęh,"all alone, the most"
neˀ giˀ gyę:ˀ,that's the one; that's it; that's what
neˀ giˀ hnih,and that too; also
neˀ giˀ ę:ˀ,that is the one (emphatic)
neˀ gwaˀ toh,and also
neˀ gyaǫhę:ˀęh,the greatest
neˀ gęˀ naˀgeˀ,that is what
neˀ ho:nę:,"predictors, messengers (literally: what they (male) said); proverb, prediction, saying, prophesy"
neˀ hwaˀ hejonǫhsǫ:t,the room after the next room
neˀ o:nęh,it is now
neˀ seˀǫ:ˀ,you willed it (phrase in Ganlhlnylhk)
neˀ to: gyę:ˀ,be it so
neˀ to: gyęˀ nhǫ:weh,it is where
neˀ to: ne:ˀ,that’s the one
neˀ toh ni:yǫ:,that many
neˀ ǫ:weh,that really
nhǫ:,to be somewhere
nhǫ:weh,to be somewhere
ni:ga:ˀ,how much (liquid) is contained in
ni:yoht,"what it is like (preceded by a word such as dęˀ, neˀ)"
ni:yǫ:,amount of things
ni:ˀ,me I; we; us
nidwahnę:ya:ˀkah,we all (inclusive) are short
nidwawęnoˀdę:,our language
niga:dę:s,how thick it is
niga:gu:sˀuh,they (female or mixed group) are small
niga:gǫ:,three or more people; how many of them (female or mixed group)
niga:nǫ:ˀ,how much it costs
niga:yęˀ,"where it is at, where it is placed"
nigadihnę:ya:ˀkah,they (animal) are short
nigaehnę:ya:ˀkah,they (female or mixed group) are short
nigagǫˀtra:ge:,that many pounds
nigaha:ˀ,how much it holds
nigahawiˀ,a period of time
nigahnę:ya:ˀkah,it is short
nigahsgwao:ˀsuh,small gravel
nigahsgwaǫgyǫ:,gravel somewhere
nigahsiǫˀtrage:,a number of bits (money)
nigahwihsda:ge:,an amount of money
nigahę:hah,it is thin (i.e. material)
nigahę:hęh,it is thin (i.e. material)
nigahę:hęh gˀadroda:ˀ,cloth diapers
nigahęnaˀtru:ˀuh deyǫtenaˀtraˀkdǫ: ewęnohgriˀyaktaˀ,sickle
nigahǫhsra:ge:,amount of boxes
nigaihoˀdęhsri:s,a length of time working
nigajihyu:ˀuh,small hammer
niganadu:ˀuh,"village, small town"
niganaˀja:ge:,amount of pails
niganaˀju:ˀuh,Cayuga (literally: small pail)
niganǫhsa:ˀah,small house
nigatseˀda:ge:,several bottles
nigawęna:ge:,as many words
nigawęno:dęˀ,language
nigawęnoˀdęs,language words
nigaya:ge:,amount of bags
nigayao:ˀuh,small bag
nigaę:noˀdęˀs,a kind of music
nigaęnoˀdę:,a type of song
nigaˀahdra:ge:,that many baskets
nigaˀdrehda:kˀah,short car
nigaˀdrehdu:ˀuh,it is a small car
nigaˀhnyoˀdę:,"the rhythm, the beat of a piece of music"
nigaˀsgwao:sˀuh,pebbles
nigenętsu:ˀuh,I have small arms
nigihnadę:s,how thick my skin is
nigihu:ˀuh,small stream
nigrahedoˀdę:,what type of tree
nigu:ˀuh,I am small
nigya:we:no:,it comes from
nigyagawe:nǫ:hah,middle-aged female
nigyagone:no:,they (female or mixed group) come from
nigyagoyę:,the way she does something
nigyawe:nǫ:,where it came from
nigyo:ne:nǫ:,where they (animal) came from
nigyo:yę:,what it is doing
nigyowaęhę:,the direction of the wind
nigę:nu:sˀuh,little animals
nigę:nǫ:,that many animals
nigęgyohgoˀdę:,"assembled crowd, kind of crowd"
nigęhne:s,"a length of cloth, material"
nigęhne:sˀah,a short length of cloth
nigętsheˀda:ge:,several bottles
nigęˀǫh,or; or is it; if it is
nigǫhęh,mosquitoes
nihadihnę:ya:ˀkah,they (male) are short
nihahnatsu:ˀuh,he has a small ass
nihahnę:ya:ˀkah,he is short
nihahwajiyu:ˀuh,his family is small
nihakseˀdaˀ,the size of his belly
nihogeˀa:kˀah,he has short hair
nihohgyędahku:ˀuh,his small chair
nihohkyędahku:sˀuh,he has small chairs
nihohsriyaˀgǫh,He is ... years old.
nihonohsriyaˀgǫh,they (male) are ... years old.
nihu:ˀuh,he is small; little male
nihęnǫgweˀdu:sˀuh,dwarves
nihǫwai:hǫt,he has appointed him
nijagodiyada:sdeˀ,how much they (female or mixed group) lost weight
nijagowe:nǫh,a female stranger; (literally: where she comes from)
nijohsriyaˀgǫh,you all are ... years old.
niju:sˀuh,you two are small
nijǫdekǫ:nih,the time to eat; mealtime
niknihnę:ya:ˀkah nitnihnę:ya:ˀkah,we two (inclusive) are short
nikninętsu:ˀuh,we two (inclusive) have small arms
niknu:ˀuh,we two (inclusive) are small
niknę:ya:ˀkah,I am short
nisa:yęˀ,where did you place it
nisaihoˀdę:,your manner
nisaihoˀdęhsroˀdę:,"your occupation, your type of work"
nisesˀǫhda:dę:s,how thick (measured by palms)
niseˀdri:yo:,how good a shot your are
nishagoi:hǫt,their duty; what he appointed them; their appointed duties.
nisnihnę:ya:ˀkah,you two are short
nisnohsriyaˀgǫh,you two are ... years old
nisnu:ˀuh,you two are small
nisnę:ya:ˀkah,you are short
nisohsriyaˀgǫh,you are ... years old.
nisu:ˀuh,you are small
niswahnę:ya:ˀkah,you all are short
nita:we:nǫh,a male stranger; he's that age (literally: where he comes from)
nitawe:nǫ:hah,middle-aged male
nitga:de:nyǫˀ,different levels of heights
nitga:deˀ,how high it is (inanimate object); the height of something
nitninętsu:ˀuh,we two (inclusive) have small arms
nito:yę:,what he is doing
nitodiyę:,as they (male) are doing (continually)
niwadedroˀdę:,an experience
niwadekwahahsru:sˀuh,coffee tables
niwadrawihsdadę:s,paper-thin slices (i.e. of pie)
niwagrihu:ˀuh,I am sensitive
niwu:ˀuh,"it is small, little"
niwuˀdrugye:ˀah,it is narrow
niwęˀnhotra:ge:,amount of balls
niwęˀnhotrus:ˀuh,an amount of small balls
niwęˀnhotrus:ˀuh hęnęˀnhohtraˀehs,golf (literally: small balls that they (male) hit)
niya:węhs,how it happens
niyagogeˀa:kˀah,she has short hair
niyagohsriyaˀgǫh,She is ... years old.
niyagoihu:ˀuh,she has a small mind
niyagonohsriyaˀgǫh,they (female or mixed group) are... years old.
niyagotgęihsdǫhǫgyeˀ,she is travelling as she is moving
niyagu:ˀuh,she is small; little female; a small girl
niyagyu:ˀuh,we all (exclusive) are small 
niyahwędu:ˀuh,small hole or opening
niyaknu:ˀuh,we two (exclusive) are small
niyawęˀǫh,how it did happen
niyeha:ˀ,she holds
niyehnoˀdę:,the type of skin she has
niyehnę:ya:ˀkah,she is short
niyeksˀago:wah,she is so pretty
niyo:,to be a certain distance
niyo:ha:kah,it is short in height (vertically)
niyo:tgiˀ,how dirty or filthy it is
niyo:weˀ,how far away; to be a certain distance
niyo:ya:de:s,"how deep the hole, trench, ditch is"
niyo:yę:,what it is doing
niyodokda:gyeˀs,up to these times
niyogaˀǫhsrodę:,what it tastes like
niyogeˀa:kˀah,it has short hair
niyohahu:ˀuh,small road
niyohdǫhǫ:k,it remains; let it be
niyohehdoˀdę:,loam; (literally: some type of land)
niyohnoda:kˀah,it is shallow 
niyohsrage:,years
niyohsriyaˀgǫh,It is ... years old
niyohyu:ˀuh,small fruit
niyohǫdu:sˀuh,little whips
niyohǫnaˀdu:ˀsˀuh,small potatoes
niyohǫnaˀdu:ˀuh,small potato
niyoihu:ˀuh,it is of little importance
niyokdehu:sˀuh,small roots
niyokdehu:ˀuh,small root
niyonatgaˀdeˀ,there are so many
niyonaˀdao:sˀuh,cookies
niyonohsriyaˀgǫh,they (animal) are ... years old.
niyowęyohga:ge:,it is so many inches (for 3 or more)
niyǫ:hah,"few, a little bit"
niyǫ:sˀah,just a little bit long
niyǫdekǫ:niˀ,an amount that someone eats
niyǫgweda:ge:,that many people
nya:węh,thank you
nyea:,men’s response during certain parts of the ritual
nyo:,how far; to be a certain distance
nyo:weˀ,how far; to be a certain distance
nyoh,a term of acknowledgement; can be said in response to nya:wvh; o.k.; alright; can say it sarcastically to bug someone.
nę:,"Exclamation, said when pointing to something"
nę: gyęh,this one
nę:dah,this here; said when giving something to someone
nę:nǫˀ,thimbleberries
nę:ˀ toh,right here
nę:ˀ toh gwai,right here
nę:ˀ tsǫ:,just a little bit
nęganǫhsu:kˀuh,there will be small houses
nęgiˀdrǫ:daˀk,where I will dwell or live
nęh,"when (only at the beginning of embedded clauses for statements, not questions)"
nęh to:hah,almost
nęhonǫhsu:kˀuh,he will have a small house
nęhsdagwęhdę:,chokecherries
nęwu:kˀuh,it will be small
nęyagonǫhsu:kˀuh,she will have a small house
nęyakniˀdrǫ:daˀk,where we two (exclusive) will dwell
nęˀ tsǫ: gwaˀ toh,right now; quickly; immediately;
nǫda:ge:ˀ,I come from; I came from
nǫda:kne:ˀ,where we two (exclusive) came from
nǫhsodai:yǫ:,"mud puppies, dogfish"
o:,So? Oh really?
o: tęˀ ǫh,no! (very emphatic); maybe not
o:dęht,"poverty; it is poor, pitiful"
o:ga:ˀ,a price (on it)
o:gaˀs,it likes (what it's eating)
o:gęhs,it sees it
o:gęˀt,it is visible
o:ji:s,cheese
o:nęh,now; when; at this time
o:nęh dejagonaˀgo:wahs,she is ominous
o:nęh giˀ hya:ˀ,so long for now; good-bye
o:nęh gwaˀ,suddenly; already
o:nęh ni: dewagahshęhtwęh,I've already cried
o:nęh ohyǫ:t,it now has fruit
o:nęh to:hah,almost
o:wa:ˀ,"air, wind; a moth"
o:yaˀ,other; another
o:yaˀ dętgǫ:yǫˀ,I will give you a new one (i.e. replace something)
o:yaˀ dętsgǫˀ,you will give me another (i.e. replace)
o:yaˀ ni:yoht,different
oda:daǫ:,remainder; it is left over
odagaideˀ,it is healthy
odagu:stranǫ:,cool cat
odagwa:sęh,it is bruised
odagwohoh nigakwa:ah,Green Corn Dance (small) 
odahditrǫ:t,panty hose
odahditrǫ:t atnaˀtsotraˀ,panty hose
odahsgwa:deˀ,ceiling
odahsogwęh,it is faded
odahsǫ:da:ˀ,shadow
odahyagwa:sęh,"bruised fruit, fruit with brown spots"
odahyǫ:ni:,plentiful fruit
odahǫdǫhsraˀ,asking
odahǫh,it is draped
odahǫhsiyohsde:,the act of listening
odaotraˀ,friendship
odaˀaǫt,"web, net"
odaˀgrade:nyǫ:,there are snow flurries
odaˀgrahdǫh,it is floating
odaˀgrahdǫhǫ:gyeˀ,it is surfacing
odaˀęnahe:ˀ,street car
odaˀǫh,it is asleep
ode:kaˀ,fire; it is burning
odedagwa:sdǫh,it is bruised
odedagwa:sęh,it is bruised
odedagwaihsǫ:,it is straight
odedręna:ˀ,smell
odedręnai:ˀ,an odour; a smell
odegęh,it is burnt
odehaˀt,a shame; an embarrassment
odehsdahsǫ:,it is worn out
odehshęˀ,"cocoon, nest, hive, bee-hive"
odehyojihdęhdahkwaˀ,a slide
odekǫnyaˀtaˀgeh onǫhsǫ:t,dining room
odesda:denyǫ:,it is sprinkling
odetgihdǫh,it is storming right now
odetsaˀdǫh,it is frenzied
odi:,tea
odi:gaˀs,they (animal) like it (to eat)
odidaˀs,"they (animal) sleep, hibernate all the time"
odidrehdaˀ,its (literally: their (animal)) car
odihwehnǫ:ni:,they (animal) are mating
odihędaę:ˀ,it is their (animal) pasture
odinǫhso:t,they (animal) dwell
odinǫtsanǫhwa:s,they (animal) have a sore knee
odiyada:tgiˀ,they (animal) are ugly or dirty animals
odię:naę:dǫ:nyǫˀ,they (animal) have songs
odię:naˀ,their (animal) songs
odiˀnhǫhda:grahs,their (animal) armpits smell
odiˀsdowanęh,they (animal) are loud
odiˀsiˀda:tgiˀ,they (animal) have dirty feet
odoˀdahǫˀ,little waves
odoˀdo:dǫ:,little waves
odoˀdo:t,swells (waves)
odoˀdowa:nęh,huge wave
odoˀdowa:nęˀs,big waves
odoˀdowanęhsgowah,big ocean wave
odoˀkdagyeˀ,"rim, outer and inner rim splint; along the edge"
odoˀkdǫh,it is past
odra:tsǫh,it is torn
odrahgwa:ˀ,sun dog
odrehdaga:yǫh,old car
odrehdagayǫhgeha:ˀ,an antique car
odrehdahetgˀęǫh,a car is broken down
odrehdatgiˀ,ugly car
odrehdaˀde:kaˀ,burning car
odrihwaga:nǫ:ni:,a worthy idea; excellent
odrihwagwaihsǫ:,"it is believable, credible, righteous, fair, honest"
odrihwahdę:gyǫ:,the ceremony
odrihwasehdǫh,it is secret
odriyohdędaˀǫh,war
odriyohsrędaˀǫh,peace; (literally: the war has ended)
odrę:deˀ,it is hovering (i.e. a hummingbird)
odrę:no:t,"it is singing, purring"
odrędagyeˀs,it is soaring (i.e. a bird)
odręnadeht,"strong odour, smell "
odręnatgǫˀ,sacred songs
odręˀi:ga:ˀ,painted turtle
odrǫhyaˀt,"it is unwilling, stubborn"
odrǫhyo:t,"sunbeam, ray of light, sunshine"
odrǫhyoge:węh,clear sky
odwę:no:t,"it is baying, howling"
odwęnohgrǫnyahnǫˀ,the growing weeds
odędo:nyaˀt,a jest
odęhai:yo:,nice sunshine
odęhao:t,sunshine
odęnihsaˀ,wall
odęnohae:ˀ,it is clean
odęnohai:ˀ,it is washed
odǫgohdǫh,it has passed by; the past
odǫgohdǫh gaǫ:hyahęh,afternoon
odǫhgwa:,fever
odǫhgwaˀ,flame
odǫhnˀetsaˀ,ladder or stairs
odǫhsweˀdęht,"famine, hunger"
odǫhwęja:deˀ,country
odǫnhehtra:gǫ:,in the heart
odǫtga:deˀ,"it is fun, a good feeling"
odǫtgadehsraˀ,celebration
odǫtgadǫhsraˀ,fun
odǫtgadǫhsri:yo:,fun
odǫˀǫhne:ˀ,it became
oga:gǫ:,in debt
oga:yǫh,it is old
ogahaˀ,eye
ogahdeh,it is raw
ogahdraˀ,a tear (in one's eye)
ogahdro:t,it is tearing (as in a tear-drop)
ogahehdaˀ,eyelash; the stem of a berry; the eye of the corn kernel
ogahgwaohsaˀ,eyebrow
ogahgwiyoˀdaˀ,corn husk mask with a wooden face
ogahgwiyoˀdǫ:t,attached corn husk
ogahgwędǫ:gyǫ:,it is snowing; ice pellets
ogahoˀja:gǫ:,in the grass
ogahoˀjaˀ,grass
ogahoˀjaˀgeh,on the grass
ogahoˀjiyogeh,golf
ogahę:t,"it has a hole in it, an opening"
oganyˀędaˀ,"cadaver, dead body"
ogaoshǫ:ˀǫh,"something not important, second-rate"
ogaot,a debt
ogayǫhsǫˀ,old things
ogaˀdaˀ,"pants, underpants"
ogaˀdaˀshǫ:ˀǫh,"pants, underpants"
ogaˀǫh,it tastes good
ogaˀǫhshǫ:ˀǫh,"goodies, dessert"
ogaˀǫhsri:yo:,it tastes good
oge:draˀ,it is green (not ripe); raw fruit
oge:drǫ:t,hanging green fruit
ogeˀa:ˀ,"hair, a rag; it is ragged or tattered"
ogeˀe:s,"it has long hair, long fur"
ogranhohsro:t,a pile of snow
ogwahdaˀ,"sole, ball of foot"
ogwaǫt,it has a lump; a bulge
ogwe:gǫh,everything; all
ogwi:yaˀ,"a limb, twig, branch"
ogwiyashǫ:ˀǫh,twigs
ogwęhę:gyeˀ,"now and then, now and again"
ogwęniˀdahsǫ:ˀǫh wadrahkwaˀ,a change purse
ogwęniˀdaˀsǫ:ˀǫh,pennies; money
ogwęnˀidaˀ,pennies
ogya:nǫhk,"it is strange, bizarre"
ogya:nǫˀs,it dreams
ogyanadahnǫˀ,patterned material (calico); printed fabric
ogyanǫhsanǫht,"weird, odd, spooky house"
ogyanˀadǫh,it is marked
ogyaǫhsraˀ,a trick
ogyenawahdǫh,area (literally: something is clinging to something)
ogyeˀ,it is floating along (in the water)
ogyeˀs,it floats all the time (without sinking); it throws it away
ogyohgwani:dęht,a poor crowd
ogyęnadahnǫˀ,patterned material (calico); printed fabric
ogę:nya:ˀ,Pleiades; Seven Dancers; Big Dipper
ogę:nye:ˀ,roasted green corn; dried corn soup (made with roasted green corn)
ogęhęˀt,"it is boring, disgusting"
ogęnhiyaˀgǫˀ,yearling
ogǫ:draˀ,"cotton batting, q-tips"
ogǫdaˀ,bridge of one's nose
ogǫhsagę:t,white face
ogǫhsahsę:,it has a fat face
ogǫhsahsę: dagu:sgo:wah,bobcat
ogǫhsatgiˀ,it has a dirty face
ogǫhsaˀ,face
ogǫhstwę:ˀę:ˀ,a beard
ogǫˀtraˀ,a pound (measurement)
oha:deˀ,an existing road
oha:naˀ,groin
oha:ˀ,it is attached (to something)
ohadenyǫˀ,"roads, highways"
ohaha:kˀah,by the edge of the road
ohahadihǫh,the Milky Way
ohahagahędǫ:nyǫˀ,pot holes
ohahageh,on the road
ohahakda:gyeˀ,along the edge of the road
ohahakda:gyeˀ ganesdaodǫˀ,road sign
ohahaˀ,road
ohahaˀgeh ganesdaodǫˀ,"warning signs on the road (i.e. detour, road closed)"
ohaho:gaˀt,rough road
ohahodaˀǫh,dead end (literally: where the road goes onto another road)
ohahodǫ:nyǫˀ,side roads
ohahowa:nęˀs,big highways
ohahowanęhsgeh,highway
ohahęhdahnǫh,stripes; it is patterned
ohahǫ:t,side road
ohaˀdaˀ,"quill, plume, feather, voice, throat, larynx, esophagus"
ohaˀdi:yo:,a good voice
ohaˀdǫge:,a drought
ohaˀdǫh,"it is dry (i.e. fields, weather); drought"
ohaˀgędreˀ,crusty snow
ohaˀkdaˀ,soot
ohdaht,it is filling
ohdaˀs,it (animal) gets full (finished eating)
ohdaˀǫh,it (animal) got full (finished eating)
ohdega:ˀ,ribs
ohdega:ˀ ohsgyęˀdǫ:dǫˀ,rib cage
ohdega:ˀ ohsgyęˀdǫ:t,rib cage
ohdrǫhk,"it is frightening, fierce, scary; danger"
ohdęgyohǫgyeˀ,environment
ohdęgyohǫgyeˀ hǫhwęjadadǫh,environment
ohdęˀgwęh,it is swollen
ohe:tsai:,"(cooked) wieners, bologna"
ohe:tsaˀ,"(raw) sausage, bologna, wieners"
ohe:yaˀ,one corn stalk
ohehdagǫ:,"in the dirt or earth, under the ground"
ohehdahni:yǫh,hard ground
ohehdahoˀdę:,soft ground
ohehdai:ˀ,earth is stuck to it
ohehdaji: niyohehdoˀdę:,black loam
ohehdaˀ,"dirt, earth, ground, land"
ohehdi:yo:,good earth
ohehdęˀǫhǫgyeˀ,continually falling earth; erosion
ohehdǫhsgǫˀ,barren land
ohehnaˀ,"cargo, bundle, load"
ohehsaˀ,"decayed tree, log, wood, board"
ohenatrahoˀdę:,spatula; (literally: it has a kind of blade)
ohenatrahoˀdę: degaksagę:drǫhs,spatula
ohenˀatraˀ,a blade
ohenˀatrǫ:t,blade
ohetgahę:t,anus
ohetgaˀa:ˀ,"rear end, posterior"
ohetgęˀǫh,"it is wrecked, ruined"
ohetsagahdeh,raw sausage
ohetshagahdeh,uncooked sausage
oheˀa:ˀ,corn husk
ohgwęnyaga:yǫh,old clothes
ohgwęnyatgiˀ,ugly clothes; dirty clothes
ohi:kdai:ˀ,thorn bush
ohikdadeht awęhęˀ ohǫ:daˀ,rose bushes
ohiˀkdatgiˀ,Scottish thistle (big type of thistle)
ohiˀkdaˀ,"thorn, thistle"
ohiˀyaˀ,"the body's trunk, form"
ohjiˀgraˀ,cloud
ohjiˀgreˀ,it is cloudy
ohna:ji:,"motor oil, black grease"
ohnadeka:,burning oil
ohnahtęhsdǫh,dried-up skin (derogatory: referring to someone with a younger woman or man)
ohnai:ˀ,"it is oily, greasy; it is rich, fatty food"
ohnatsaga:yǫh,an old ass
ohnawada:se:,whirlpool
ohnawadeht,strong currents
ohnawao:tgeha:,well water
ohnawaǫ:dǫnyǫˀ,"many wells, springs"
ohnaˀ,"grease, oil"
ohnaˀgę:ˀ haˀdesatsaˀge:t,you (singular) bend backward!
ohnaˀgę:ˀ ihseˀ,you are late again (said at the moment)
ohnaˀgę:ˀ shęh ganǫhso:t,behind the house
ohnaˀgęhjih aha:yǫˀ,he arrived late
ohnaˀgęjih,"way back in the past, back then"
ohnaˀgǫ:,under
ohnaˀgǫh tga:yęh,"it lies underneath, below"
ohnaˀneda:nyǫˀ,several levels
ohnaˀshǫ:ˀǫh,a variety of oils; greasy
ohnaˀtsaˀ,"buttock, ass"
ohnaˀtsowa:nęh,a big ass
ohne:gi:yo:,good water
ohne:goˀ,puddle or any type of water
ohne:kę:,it is murky water
ohnegadaihę:,hot water
ohnegagaˀǫh,"pop, soda"
ohnegageh,on the water
ohnegagreˀ,rubber coat
ohnegagriˀ,"soup, rubber"
ohnegagęhya:t,just above the water
ohnegagǫ:,"under water, in the water, in the lake"
ohnegahdę:gyǫ:,the water is flowing
ohnegana:wę:,"lead, lukewarm water; also used to refer to a prepubescent boy"
ohnegano:,cold water
ohneganohs,water
ohneganohs gahǫwedadenyǫˀ shahsrǫ:nihs,plumber
ohneganohs gyohne:go:t,water fountain
ohneganyahęhs,boiling water
ohnegatgiˀ,"scum, dirty water"
ohnegokahs,dripping water (from a tap)
ohnegǫnyǫˀ,lots of puddles
ohneˀdrageh,on the ground
ohni:yǫh,it is hard
ohno:de:s,deep water
ohno:dǫˀ,it is flooded
ohnya:ˀ,nutmeat
ohnyahshę:,slow beat
ohnyasnoweˀ,fast beat
ohnyaˀ,"the neck, the throat"
ohnyaˀsagwa:ǫt,swan
ohnyaˀsaˀ,neck
ohnyaˀsaˀgǫ:,in the throat
ohnye:haˀ,flint corn soup
ohnyohsagwaǫ:doˀ,big pumpkins
ohnyoˀgwaˀ,nut
ohnyędahsaˀ,beak
ohnyǫgwidraˀ,grapes
ohnyǫhgwihsdaˀ,braided corn
ohnyǫhsagahdeh,watermelon
ohnyǫhsaˀ,"squash, melon"
ohnyǫhsaˀ odiaę:naˀ,Squash Dance
ohnyǫhsgwa:eˀ,cucumber
ohnyǫhsgwa:eˀ gayę:twęh,cucumber field
ohnyǫhsowa:nęh,pumpkin
ohnyǫhsˀaǫ:weh,squash (used for soup at the Longhouse; usually Hubbard squash)
ohnyǫhsˀaǫ:weh gahsdawˀędraˀ,squash rattle
ohnęhsaˀ,shoulder
oho:draˀ,basswood
ohohsgraˀ,slippery elm
ohohwa:ˀ,pelt
ohoˀdę:ˀ,"it is soft, loose"
ohsa:ˀ,mouth
ohsaheˀda:griˀ,"bean soup, coffee"
ohsaheˀda:gę:t,white bean
ohsaheˀda:se:,"string beans (yellow, green)"
ohsaheˀdaˀ,beans
ohsaihsdaˀshǫ:ˀǫh,many snakes
ohsawagyeˀ,it is beginning
ohsda:ˀ,rain
ohsda:ˀah otsehsdaˀ,"pine pitch, resin"
ohsdagwaę:,"it is soiled, dirty, stained"
ohsdagwaˀ,dirty clothes
ohsdai:ˀ,scales (on a fish)
ohsdaokahs,one drop (at a time)
ohsde:,"it is empty, evaporated"
ohsdehsdǫh,"it has evaporated, all dried up"
ohsdeˀ,it is heavy
ohsdi:s,trade cloth
ohsdi:stratgiˀ,felt
ohsdoˀdraˀgeh,on its feathers
ohsdę:ˀęh,it is old (i.e. an old dog or cat)
ohsdęhęˀgeh,on the chalk
ohsdęhęˀgeh ehyadǫhkwaˀgeh,chalk board
ohsdęhęˀgeh eya:gewahtaˀ,chalk brush
ohsga:naˀt,"it is enticing, alluring, attractive, tempting"
ohsgehaˀ,louse
ohsgohaˀ,branch
ohsgohaˀshǫ:ǫh,branches
ohsgwa:gǫ:,in the porch
ohsgwanhohsro:t,pile of rocks (any size of pile)
ohsgwaęˀdaˀ,colts foot
ohsgwiˀdraˀ,a prune; wrinkles
ohsgyęˀda:ˀ,"bone, bare bones"
ohsgyęˀdadeˀ,bones
ohsgyęˀdagǫ:,in the bones
ohsgyęˀdagǫ: gahne:ga:t,bone marrow
ohsgyęˀdanhǫ:t,false teeth; (literally: a mouth full of bones)
ohsgyęˀdohsgǫˀ,skeleton
ohsgyęˀdǫ:dǫˀ,bones
ohsgyęˀdǫ:t,bone
ohsgyǫˀwaˀ,blue beech (tree)
ohsgęˀdrahe:ˀ,"it is rusting, rusty"
ohsgęˀdraˀ,rust
ohsgęˀdro:t,"it is rusting, mould(y)"
ohsgǫ:t,porch
ohsha:de:nyoh,tendons
ohsha:gwaht,rememberance
ohsha:gwani:,rememberance; to remember
ohshahsdęhsraˀ,"power, strength"
ohshe:daˀ,number
ohsheˀatę:ˀ,pasta
ohsheˀaˀ,dough
ohshoˀgwaǫ:t,rattle snake
ohshę:,it is slow-moving
ohsi:naˀ,leg
ohsi:yaˀ,"thread, string, cord"
ohsi:yǫ:t,"attached cord, string; umbilical cord"
ohsinashǫ:ˀǫh,legs
ohsinati:yeht,Sharp Legs (legendary figure)
ohsiˀdanǫhwa:s,It has a sore foot
ohsiˀdatgiˀ,it has dirty feet
ohsiˀdaˀ,feet
ohsnaˀdaˀ,"hamstrings, calves (of the legs), outer thighs"
ohsno:we:ˀah,it is fairly fast; to arrive a little bit early
ohsno:weˀ,"it is fast, quick"
ohsno:weˀ ahsyǫˀ,you got here early
ohsno:weˀ wahshe:dahs,calculator
ohsohdatę:ah,Little Dry Hand
ohsohdaˀ,"hand, paw"
ohsohdǫdǫh,fingers attached
ohsohgwada:gǫh,dark colour
ohsohgwadaihę:,hot lips
ohsohgwade:nyoˀ,different kinds of colours
ohsohgwadeht,"vibrant colours, florescent, neon"
ohsohgwadehtshǫ:ˀǫh,"bold, bright colours"
ohsohgwaga:nyǫ:,purple
ohsohgwaˀ,lips
ohsohgwi:yo:,nice colour
ohsohgwi:yoˀs watgǫhsgwaˀtroˀ onǫhsagahę:dǫˀ,stained glass windows
ohsowastradaihę:,hot dog (calque)
ohsoˀkaˀ,it is limping
ohsre:dahs,year
ohsrǫhęˀdaˀ,"angry person, temper"
ohsta:ˀ,scale (of a fish)
ohstahaˀge:,it is really crying
ohstaiˀ,scale (of a fish)
ohstwa:sˀah,a young animal; a little animal; a tadpole
ohstwa:sˀah dewahǫhde:s,fawn
ohstwa:sˀah gyǫnhohsgwaǫt,calf
ohstwaˀǫh,it has shrunk
ohstǫ:draˀ,straw
ohstǫdraˀ anahaǫ:traˀ,straw hat
ohswa:tgęhs,black sucker (fish)
ohswahęhde:ˀ,hatred
ohswahęˀdǫ:,hatred
ohsweˀnaˀ,upper back
ohswęˀdaˀ,coal
ohsę:,it is fat
ohsęhęˀ,frost
ohsǫdagwe:gǫh,"all through the night, all night"
ohsǫdagǫhsǫˀ,"it is dark, murky (i.e. an intelligence agency)"
ohsǫwahdadai:hę:,electricity
ohsǫwahdadai:hę: ehnegadaihaˀdahkwaˀ,electric tea-kettle
ohsǫwahdadai:hę: ganǫhsadaihaˀtraˀ,electric stove
ohsǫwahdadai:hę: hahsǫwahda:da:s,electrician
ohsǫwahdadai:hę: osaheˀda:griˀ gahsrǫ:nihs,electric coffee-maker
ohsǫwahdadai:hę:ˀ gakǫ:nihs,hot plate
ohwahdaˀ,maple
ohwahdaˀ otsehsdaˀ,maple syrup
ohwehno:t,island
ohwihsdanaˀgo:ˀ,"big spender, spendthrift"
ohwihsdaˀ,money
ohwihsdaˀe:,o'clock
ohwihsǫ:t,Milk snake
ohwęhda:,corn ears
ohwęhsdaga:,it is wheezing
ohwęhsdaˀ,foam
ohwęjadeˀ,"existing earth, land"
ohwęjagahętge:,"cavern, cavity, big cave"
ohwęjageh,on earth
ohwęjagehgeha:ˀ,earthly things; resources
ohwęjagehgeha:ˀ gaę:nashǫ:ˀǫh,Earth Songs
ohwęjagehgeha:ˀ gaę:naˀ,music made by man
ohwęjagehgeha:ˀ haˀdegaęnage:,all kinds of earth songs
ohwęjagǫ:,"under the earth, ground"
ohwęjagǫ: hęnadrihoˀda:s,miners 
ohwęjaˀgahęt,cave
ohwęˀga:ˀ,a splint
ohwęˀga:ˀ oya:naˀ,skis
ohwęˀgageh goyadonędagǫh,baby on a cradleboard (high language)
ohwęˀsdo:t,head (of foam on beer)
ohya:griˀ,"juice, fruit juice"
ohya:gwaǫt,fruit with bumps or blight
ohya:jih,"dark fruit; blueberries, blackberries"
ohya:tgiˀ,fruit that is not very good but still edible
ohya:tgę:,"spoiled, rotten fruit"
ohyadǫhsradogęhdiˀ,Bible
ohyadǫhsragwe:gǫh,all the paper
ohyadǫhsrǫ:dǫˀ,book
ohyagahǫˀ gayę:twęh,tomato field
ohyagaˀǫh,good-tasting fruit
ohyagwi:yaˀ,toe or toes
ohyaih,ripe fruit
ohyaji:wa:gę:,"crabapples; tart, sour fruit"
ohyajiwa:gę ohyaˀ grahe:t,crabapple tree
ohyakahǫˀ,tomatoes
ohyaˀ,fruit
ohyaˀ grahe:t,lemon tree
ohyaˀshǫ:ˀǫh,variety of fruits
ohyowaneh,big fruit
ohyoˀti:yeht,it is sharp
ohyuˀti:yeht,it is sharp
ohę:,it is dry
ohę:daˀ,the field (Iroquois origin only); (pertaining to the Dish Game)
ohę:dǫ:,"ahead, in front, the front"
ohę:dǫ: ganǫhso:t,the house in front
ohę:dǫ: heha:di:gęh,"they (male) look ahead, tell the future"
ohę:dǫ: heˀsenǫgyeˀ,you're moving forward
ohę:dǫ: ihseˀ,you are the first to arrive; you are early
ohę:dǫ: shęh ganǫhso:t,in front of the house
ohędagǫ:,upwind
ohędǫ: dwasawahkwaˀ,pronominal prefix
ohędǫ: gaihwahdehgǫh ganǫhǫnyǫhk,Thanksgiving Opening
ohędǫhgo:wahneˀ,Premier of
ohęhda:eˀ ohyaˀ grahe:t,peach tree
ohęhda:ˀ,fur
ohęhdae:ˀ ohyaˀ,peach
ohęhdai:,fur on the animal
ohęhdaę:ˀ,it is furry
ohęhde:s,it has long fur
ohęhjihwęh,it is really dried out
ohęˀdronyohka:ˀ,everyday use
ohęˀdǫh,"it is hanging over (an edge, a chair)"
ohǫ:da:kˀah,near or by the bushes
ohǫ:daˀ,"a bush, a whip"
ohǫ:daˀ gayętwagyeˀ,hedge
ohǫ:gaˀt,a clear sound
ohǫda:se:ˀ,sapling
ohǫdade:kaˀ,brush fire; the brush is burning now
ohǫdagǫ:,in the bushes
ohǫdashǫ:ˀǫh,a variety of bushes
ohǫdaę:ˀ,"a bush, shrub"
ohǫhdagǫ:,inner ear
ohǫhdaˀ,ears
ohǫhsrǫ:dǫˀ,dresser
ohǫhsrǫ:dǫˀ ǫhgwęnya:kwaˀ,dresser
ohǫjihsdaˀ,"a motor, engine"
ohǫnadaˀ ohnegagriˀ,potato soup
ohǫnˀada:griˀ,"potato soup, potato water"
ohǫnˀada:se:,new potato
ohǫnˀada:tgę:,rotten potato
ohǫnˀadaga:yǫh,old potato
ohǫnˀadagahdeh,raw potatoes
ohǫnˀadaˀ,potato
ohǫnˀadi:yo:,nice potato
ohǫnˀadi:yoˀs,nice potatoes
ohǫnˀadowa:neˀs,big potatoes
ohǫˀgwaga:,a snore 
oiho:gaˀt,sharp or harsh words
oihowa:nęh,it is important; glory; a great or worthy commendation; it is special
oihoˀdęhsrahsdeˀ,"heavy work, hard work"
oihoˀdęhsrahsdeˀ gęnadrihoˀda:s,heavy equipment
oihwado:gę:,it is a certainty
oihwaga:yǫh,"an old matter, affair; archives"
oihwaga:yǫh hęhaˀdrohe:s dehęnaˀtkwaˀ,pow-wow (traditional type)
oihwagayǫhsǫˀ,archives
oihwageh,"the reason, idea for something"
oihwagehsǫˀ,"affairs, statistics"
oihwagwe:gǫh,everything (the whole idea)
oihwagwe:nyǫ:,to perform (literally: it is able to perform)
oihwagwę:ni:yoˀ,"head, directorate"
oihwagęhya:t,it is almost to the end
oihwagęhyatgeh,to the edge of the world (i.e. in the last days)
oihwahdǫˀǫh,it is extinct
oihwahsdeˀ,"mental burden, preoccupation"
oihwanędaˀksǫˀ,ceremonies other than the Four Main Ceremonies (that women Faithkeepers look after)
oihwanǫˀne:ˀ,forbidden idea
oihwatgi:nyǫˀ,"scandalous news, rumours"
oihwatgiˀ,"dirty, vulgar language"
oihwatgiˀshǫ:ˀǫh,smut (dirty language)
oihwawęhdenyoˀ,ceremonies other than the Four Main Ceremonies (that women Faithkeepers look after)
oihwaǫweh,sacred idea
oihwaˀ,"message; it matters; it is its fault; word, affair, business"
oihwi:yoˀ,"it is certain, for sure"
oihǫ:t,it is useful
ojahoˀgwaˀ,ankle
ojaǫsaˀ,leaves of corn
oji:tgwa:ˀ,yellow
oji:tgwa:ˀ ohyaˀ,lemon; (literally: yellow fruit)
oji:yoˀ,it is crippled
ojigwędaˀ,gonorrhea
ojihgwaˀ,porridge or mush
ojihgwęˀs,"corn smut, black corn fungus"
ojihkehdagriˀgeh,oceans
ojihnewa:eˀ,it has stripes
ojihnewa:eˀ dagu:sgo:wah,tiger
ojihnewaǫnyǫˀ,stripes
ojihnowaǫnyǫˀ,stripes
ojihnyaˀdade:nyǫˀ,tendons
ojihnyaˀdaˀ,"tendon, ligament, birth cord"
ojihnyogo:dǫˀ,tree knots
ojihnyogo:t,tree knot
ojihnyowaǫt,it is spotty
ojihnyˀadaǫnyǫˀ,veins
ojihoha:ˀ,"straight pin, pin, brooch, safety pin"
ojihsdanohgwa:ˀ,evening star; a star
ojihsdanohgwaǫnyǫˀ,spots
ojihsdanohgwaˀ,"decimal point, point, dot"
ojihsdęhnohgwa:ˀ,evening star; a star
ojihsgwaˀ,mush
ojihsǫda:ˀ,cluster of stars; star
ojihsǫdahsiha:ˀ,stars showing; a group of stars
ojihsǫdohgo:t,shooting star
ojihsǫdohgoda:gyeˀ,a shooting star
ojihwędaˀ,bell
ojihyoha:ˀ,pelican (refers to a bag hanging from its beak)
ojikeˀda:weht,it is salty
ojikeˀdaˀ,salt
ojikeˀdaˀ deyohsait hniˀ wadrahkwaˀ,salt and pepper shakers
ojinǫhgraˀ,nasal mucus
ojinˀadǫ:,it is handsome; something / someone handsome or attractive
ojitgwa:ji:,orange
ojitgwaji: ohyaˀ grahe:t,orange tree
ojiwagę:,"it is sour, salty, bitter"
ojiˀa:deˀ,"sheer, lacy fabrics; lace"
ojiˀa:ˀ,"curtains, lace"
ojiˀdrǫwahdaˀ,the brain
ojiˀehdaˀ ojiˀohdaˀ,"fingernails, toenails, animal nails, claws"
ojiˀgwaˀ,nudity
ojiˀnǫ:waˀ,"bug, insect, worm"
ojiˀnǫwaheˀdaˀ,fishworm
ojiˀnǫwaˀshǫ:ˀǫh,insects
ojiˀnǫwaˀshǫ:ˀǫh otgǫˀshǫ:ǫh hniˀ ęgęnadehsgoh,pollution from the cultural aspect
ojiˀohsgwa:ˀ,a hip
ojiˀtgwa:ji: ohyaˀ,oranges
ojiˀtgwa:ˀę:ˀ,yellow corn
ojiˀtgwai:yo:,yellow
ojǫˀdagahdeh,raw fish
ojǫˀdaˀ,fish
ojǫˀdowa:nęh,big fish
ojǫˀdowa:nęˀs,many big fish
okahs,it leaks
okahsgęhę:ˀ,it used to leak
okdaˀ,a nutshell
okdaˀ gahsdawˀędraˀ,"nut rattle, shell rattle"
okdehagwę:ni:yoˀ,the main root
okdehatgiˀ,dirty or ugly root
okdehatgiˀgo:wah,Great Distorted Root (medicine)
okdehaˀ,"root; edible roots (pepper roots, turnips, carrots)"
okdehaˀ eya:wihsdotsaˀtaˀ,vegetable peeler
okdehowa:nęˀs,big roots
okdehǫ:t,it has roots
okdǫˀt,a good view
okji:naˀ,"stump, knots in a tree"
okjinodǫˀ,stumps; knots in a tree
okjinǫ:t,knot in a tree
oknigǫhsadǫh,sadness
oksaˀdagwe:gǫh,all the children
oksaˀdahe:tgęˀ,a spoiled child
okseˀdaˀ,a belly
okwa:no:ˀ,cold food
okwaˀ,its food
okyędahkwahni:yǫh,it is a hard chair
ona:sgwaˀ,a mattress
ona:tsih,"a pair (of shoes, socks)"
onadagaideˀ,they (animal) are healthy
onadai:sdǫhs,they (animal) are mating
onadaˀi:sęh,they (animal) are mating
onadehsęˀ,they (animal) (e.g. bees) have a nest
onahdogęhęgyeˀ,they (animal) are growing (plants and vegetation)
onahsiˀdanǫhwa:s,they (animal) have a sore foot
onahsę:,water hemlock
onahtgˀadeˀ ohtahyǫ:ni:,many wolves
onajagę:t,rice
onakdahe:ˀ,loft
onatgadeˀ dakshaeˀdohs,many chickens
onatgahnyeˀ,they (animal) are playing
onatgˀadeˀ,many animals
onatowinyǫˀse:,they (animal) have a cold
onawadaˀ,"clay, plaster, white-wash"
onawaę:ˀ,"it has sunk in liquid, sunken,sank"
onaˀda:ˀ,bread
onaˀda:ˀtę:,crackers
onaˀga:ˀ,"horns, antlers"
onaˀga:ˀ gahsdawˀędraˀ,horn rattle
onaˀga:ˀ gajihwaˀ,horn war club; club; hammer
onaˀga:ˀ ohyaˀ grahe:t,banana tree
onaˀgaˀ ohyaˀ,banana
onaˀgwi:yaˀ,cotton batting
onaˀkwat,"it is irritating, maddening"
onaˀnawęhdǫh,it has been melted
onaˀnawęˀǫh,"it has thawed, melted"
onaˀno:ˀ,"it is cold, cool"
one:gwaˀ,peas
one:nǫˀ,"it is mild, warm; a warm or hot day"
onegrędaˀ,morel mushroom
onehagwaht,it is amazing; awesome
onehni:yǫh,tough hide
onehsadaihę:,desert
oneˀda:,roe (fish eggs)
oneˀwaǫ:,"something unexpected, surprising"
onhahdaˀ,lumber logs (large); timber
onhohsro:t,a pile of something
onhǫhdaˀ,armpit
oniga:hęhsraˀ,"material, cloth"
onihgahęhsri:yo:,broad cloth
onihnadohkdahkwaˀ,"nerves, sensations"
oniˀdahto:weˀ,it is a shitty cold
oniˀǫh,it is stingy
onohaˀtaˀ,soap
onohotsgęˀęˀ,beech
onohǫkde:nyǫˀ,there is pain all over
onohǫkdeˀ,it is painful
onowęht,"it is absurd, unbelievable"
onowęˀdaˀ,a lie
onoˀjagahę:t,tooth cavity
onoˀjatgi:sˀah,false teeth
onoˀjaˀ,teeth
onoˀje:s,fang
onrahdagǫ:,in the leaves
onrahdajiˀgo:wah,Great Black Leaves (medicine)
onrahdashǫ:ǫh,variety of leaves
onrahdatgę:,rotten leaves
onrahdaętragǫh,folage (literally: under the dark green)
onrahdaˀ,leaf
onrahde:sǫˀs,long leaves
onrahdowanęˀs,big leaves
onrahdǫ:doˀ,the leaves are on the tree
onrahdǫdahsraˀ,poplar
onrahdˀaę:ˀ,green
onrahdˀaęˀtraji:ˀ,dark green
onrahsraˀ,mushroom
onrahsro:t,rooster comb
onraˀ,phallus
onregˀędaˀ,tripe (cow stomach lining); animal stomache
onro:t,hermaphrodite
onręhęˀ,tapeworm
onyahaˀ,native mush dishes made with corn
onyahęhs,it is boiling
onyahęˀǫh,it has boiled
onyatahneh,chokecherries 
onyaˀgwaˀ,"vomit, vomitus"
onyę:daˀ,stem
onyęˀgwaohǫh,drifted snow
onyǫhsaˀ,nose
onę:h diˀ,so now
onę:tsaˀ,"arm (said, for example, when holding up a doll's arm for show)"
onęh diˀ owaeˀnagae:,let the song begin
onęh e:ˀ,"now, again"
onęhohgwaˀ,corn soup (lyed)
onęhę:ˀ,corn
onęhę:ˀ eyahkwaˀ gaˀahdraˀ,corn basket
onęhę:ˀ ohnaˀ,corn oil
onęhę:ˀ oteˀtraˀ,corn flour 
onęhęgwe:gǫh,whole corn; all of the corn
onęhęgę:,white corn
onęhęgę:t,white corn
onęhęse:ˀ,"green corn, new corn"
onęhęse:ˀ gateˀtrǫ:ni:,cornmeal flour (made with yellow corn)
onęhętase:ˀ,"green corn, new corn"
onęhętgiˀ,dirty corn
onęhętgę:,decayed corn
onęhętgǫˀ,Corn Bug (bug with evil power)
onęhęˀ onaˀda:ˀ,corn bread
onęhęˀse:,new corn
onęhęˀǫ:weh onyahaˀ,flint corn mush (native dish)
onęnoga:ˀ,"hickory wood, stick"
onęnyˀogwaˀ,pills
onęˀdaga:yǫh,white pine
onęˀdagǫ:,"Pinewoods, Cattaraugus); (literally: under the pine woods)"
onęˀdaˀ,"evergreen, conifer"
onęˀdo:t ohyaˀ,pineapple
onęˀdǫ:t,pine cone
onǫ:nyaˀ,a husk
onǫ:nyaˀ gętsga:srǫnyaˀdǫh,corn husk mattress
onǫdagehgeha:ˀ,the on-the-hill type; something belonging on the hills or mountains
onǫdagehgeha:ˀ gayaˀdagrahs,mountain goat
onǫdagętgo:wah,the wood he (the Creator?) used to make his boat
onǫdagǫ:,valley
onǫdahaǫ:nyǫˀ ohahaˀgeh,hilly roads
onǫdahe:ˀ,hill
onǫdahǫ:nyǫˀ,hills
onǫdanhęh,it is guilty
onǫgˀędaˀ,catfish
onǫhahe:ˀ,"mane, scalp"
onǫhai:yoh,white sucker (fish)
onǫhdǫˀ,it knows
onǫhgwatraˀ,medicines
onǫhgwatri:yo:,good medicine
onǫhgwijaˀ,"it is soaking wet, saturated"
onǫhgwęˀ,corn cob
onǫhsagahę:dǫˀ,windows
onǫhsagahęt,window
onǫhsagahęt ehsihaǫ:kwaˀ,window blind
onǫhsatgi:sˀah,ugly house
onǫhsatgiˀ,dirty house
onǫhsdaˀt,"it is a treasure, it is precious, valuable; it is possessive"
onǫhsdeht,"it is a treasure, it is precious, valuable; it is possessive"
onǫhsgwaǫ:dǫˀ,toad
onǫhsodai:yǫ:ˀ,"sickness, illness, epidemic, plague"
onǫhsodaę:ˀ,sickness
onǫhsodaę:ˀ agǫnhehgǫh,heart disease
onǫhsodaˀshǫ:ˀoh,human sicknesses
onǫhsowa:neh,big house
onǫhsǫ:t,a room; a vault
onǫhsǫdǫ:nyǫˀ,rooms
onǫhwestaˀ,bedroom
onǫhyaˀt,"hurt, hurting"
onǫnheˀdraˀ,"soother, pacifier, nipple"
onǫnyaę:dagyeˀ,it is freezing
onǫnyaę:dagyeˀ osdaǫ:gyǫ:,freezing rain
onǫnyaę:ˀ,it is frozen
onǫˀa:ˀ,a head (owner unknown)
onǫˀao:saˀ,cabbage
onǫˀgwaˀ,milk
onǫˀne:ˀ,"it is forbidden, sacred, holy"
onǫˀseh,"trout; (literally: it is lazy, idle)"
onǫˀshesde:ˀ,"it is boring, tiring"
osaheˀda:ji:,black bean
osaheˀdaˀ odiaę:naˀ,Bean Dance
osda:griˀ,rain water
osdae:ˀ,scales
osdaoˀgwaˀ,necklace
osdaǫ:,it looks like rain
osdaǫ:gyǫ:,it is raining
osdaˀa:ˀ,pine tree
osdehsdahne:ˀ,it has gone down (i.e. the water level)
osehdaˀ,"willow, nape of neck"
osehdǫk,wood tick
osga:neht,"it is enticing, alluring, attractive, tempting"
osgehai:ˀah,muslin
oshai:s,"long string, rope, etc."
oshaihsdaˀ,snake
osohdatgiˀ,it has dirty hands
osta:ga:,the sound of the rain
oswęˀgai:yoˀ,"hawk, small eagle"
osęhsde:ˀ,it is regretful
ota:dadǫhǫgyeˀ,it is going along rising up
otahaǫ:nyǫˀ,rows
otahoˀkdaˀǫh,dead end 
otahyǫ:ni:,wolf
otahǫ:t,a row
oteˀtraˀ,"flour, powder"
otga:nǫ:nih,it is rich
otgadeˀ,"often, many, lots"
otgahnyedahkwaˀ onǫhsǫt,gym
otgahnǫnihsraˀ,wealth
otganǫ:ni:,prosperity
otganǫnihsraˀ,"richness, wealth"
otganǫnyaˀt,wealth; it is rich
otgeˀahsrǫnyˀataˀ,hair brush
otgiˀ,"it is ugly, dirty, soiled"
otgoˀa:ˀ,wampum
otgoˀdaˀ,sumac
otgoˀdaˀ ohyaˀ,elderberry
otgrihsrǫˀ,wrinkled clothes; it is wrinkled up
otgwa:dǫˀ,"it is woven, in and out"
otgwęhjˀia:ji:,"maroon , dark red"
otgwęhjˀia:ˀ,red
otgwęhjˀiaˀ okdehowa:nęˀs,beets
otgwęhjˀiaˀ otgoˀdaˀ,red sumac
otgę:,it is rotten; decayed; spoilage
otgęhjihsdǫhǫgyeˀ,it is getting old or aging
otgǫhsgwaˀtroˀ,a window
otgǫˀ,it is strong or ominous (medicine)
otgǫˀshǫ:ǫh,things with evil power
otgǫˀtraˀ,ominous medicine
otgǫˀtraˀsǫ:ˀǫh,object used for witchcraft
othnakdagǫ:nyǫhs ,"important , prestigious seat or place"
othnegahdę:gyǫ:,flowing water
othnegoda:gwęh,splashing water
otjihsdagę:t,cattail
otnakdagǫnyǫhsgeh,an important or higher place
otnegada:se:,whirlpool
otnǫhahe:ˀ,it has a wig on
oto:weˀ,it is cold (weather)
otowegeh tgajihsdǫda:haˀ,"North Star, Polaris"
otowegeha:ˀ,Northern Dance
otoweˀgehneh,North place
otowinyǫˀse:,it has a cold
otowˀegeh,North
otragwęˀdaˀ,flint (stone)
otręˀdago:wah,horsefly
otręˀdaˀ,"housefly, fly"
otsa:daˀ,"fog, steam, mist"
otsa:do:t,there is fog
otsa:do:t dega:dęh,"jet, plane"
otsadęˀǫh,it is damp
otsahnihk,"it is frightening, scary"
otsahniht,it is a smart worker
otsehsdae:ˀ,it is sticky
otsehsdaˀ,"syrup, honey, gum"
otseˀdaˀ ohyaˀ,pear
otseˀdaˀ ohyaˀ grahe:t,pear tree
otseˀdo:t,hubbard squash
otsgoˀdaˀ,balsam fir
otsgraˀ,"saliva, spit, sputum"
otsgęˀę:ˀ,peach pit
otsihsdęˀǫh,it is numb
otsihshę:,it is at a mature state
otsihshęˀǫh,it is numb
otsihsˀǫh,it is done for the season; it has gone full cycle; it is mature; they (plants) have finished out
otsihsˀǫhǫ:gyeˀ,it is getting mature
otsinhahǫˀ,Gartered Dance
otsogwahdaˀ,pipe (for tobacco) 
otsęhde:ˀ,it is tiring
otsęnǫnyaˀt,"a happy feeling; gratefulness, thankfulness, joy"
otwihsdonyaˀt,profit
otwęhsaˀ,liver
otǫdǫnyahnǫˀ,"growing bushes, saplings"
otǫgai:,it is stiff; rigor mortis
owa:dai:hę:,warm wind
owa:de:gahs,it burns gas
owa:de:gahs ganǫhsadaihaˀtraˀ,gas stove
owa:deˀ,windy; wind; it is a breeze
owa:no:,it is a cold wind
owa:nohsdǫh,it got cold (weather)
owa:yaˀ,"fin of a fish, wings"
owadanǫhwa:s,it has a sore heel
owahgwaǫnyǫˀ,spots
owajihsdagǫ:,inner bark
owajihsdaˀ,"peelings, bark of a tree"
owajihsdaˀ gahsdawˀędraˀ,bark rattle
owao:ni:,welts
owaodǫˀ,"Northern Lights, Aurora Borealis"
owaˀnę:da:s,it sticks to it; it adheres to it
owaˀnęda:gǫh,it is stuck on something
owaˀwihsdaˀ,a peeling
owi:draˀ,ice
owi:dreˀ,ice patch
owi:droˀ,floating ice in the water; ice cubes
owi:ya:ah eksa:ah,baby girl
owi:ya:ah haksa:ˀah,baby boy
owi:ya:ˀah,baby
owi:ya:ˀah deyǫgyˀadanhahstaˀ,baby's binder (to keep in the belly button)
owi:ya:ˀah deyǫtga:hǫhkwaˀ,baby's cradle
owi:ya:ˀah gadrehdagǫ: ǫgyędahkwaˀ,baby's car seat
owi:ya:ˀah godahditraˀ,"baby's booties, socks"
owi:ya:ˀah godaˀstaˀ,"baby's sleeper, night gown"
owi:ya:ˀah gogyaˀdawiˀtraˀ,"baby's dress, sweater, coat"
owi:ya:ˀah gohdahgwaˀ,baby's shoes
owi:ya:ˀah gohgwę:nyaˀ,baby's clothing
owi:ya:ˀah gohsdaˀwędraˀ,baby's rattle
owi:ya:ˀah gohsreka: gohgwę:nyaˀ,baby's snowsuit
owi:ya:ˀah gokwaˀ,baby's food
owi:ya:ˀah gokyędahkwaˀ,baby's highchair
owi:ya:ˀah gonahao:traˀ,"baby's bonnet, hat"
owi:ya:ˀah gonahdaˀ,baby's comb
owi:ya:ˀah gonoha:ˀtraˀ,baby's soap
owi:ya:ˀah gonǫˀgwaˀ,baby's formula
owi:ya:ˀah gotnaˀtsotraˀ,baby's pants
owi:ya:ˀah goyęhsraˀ,"baby's blanket, quilt"
owi:ya:ˀah gǫna:kdaˀ,baby's crib
owi:ya:ˀah ohnaˀgǫhka:ˀ gogyaˀdawiˀtraˀ,baby's undershirt
owi:ya:ˀah otnǫˀao:ha:taˀ,baby's shampoo
owi:ya:ˀah ǫdeteˀtrahtaˀ,baby powder
owi:ya:ˀah ǫgyaˀdohaˀtaˀ,baby's bath table
owi:ya:ˀah ǫgyaˀdǫhaiˀtaˀ,baby's bathtub
owi:ya:ˀah ǫninhęhęhkwaˀ,baby's potty chair
owi:ya:ˀah ǫnitsga:kwaˀ,baby's crib sheet
owi:ya:ˀah ǫtgahiˀdahkwaˀ,baby's toys
owi:ya:ˀah ǫtgehdahstaˀ,baby's bib
owi:ya:ˀah ǫtgǫhsohaiˀtaˀ,baby's face cloth
owi:ya:ˀah ǫthnǫdahstaˀ,"baby carriage, stroller"
owi:ya:ˀah ǫtnahtaˀ,baby oil
owi:yaˀ,young or offspring (i.e. of an animal); baby
owidra:taˀ,butter
owidradęhda:ˀ,ice patch
owidrageh,on the ice
owidrageh dehadijihgwaˀehs,hockey
owidrano:,ice cream
owidręhdagǫ:,it came through a dream
owidręhdaˀ,"sleep, a dream"
owidrǫgyǫ:,it is hailing; sleet
owihjih,it is overcooked
owę:naˀ,"word, voice, speech"
owę:naˀ hohsdihsdǫh,he is a language director
owę:naˀshǫ:ˀǫh,words
owęhga:ˀ,wood chips
owęnadeht,harsh words
owęnaga:yǫh,"high language, formal language"
owęnahsęht,harsh words
owęnatgiˀ,ugly sounding voice
owęnowaędagyeˀ,it is sinking
owęnǫhgre:s,tall weeds
owęnǫhgre:sǫˀs,tall weeds
oya:daˀ,"basement, track, ditch"
oya:de:s,deep hole
oya:deˀ,"basement, track, ditch"
oya:naˀ,tire; its track; anything that leaves tracks
oya:nreˀ,"it is nice; good, beautiful"
oyadageha:ˀ,Cherokee Stomp Dance
oyadagyeˀ,gulley
oyadagǫ:,"in the track, in the basement, ditch, hole"
oyahgwaˀ,pants
oyajih,another type
oyaǫˀdatgę:,a state of decomposition
oyaˀ degyadǫdadrehk,last week; (literally: between weeks)
oyaˀdahdani:,"to rely (on someone, something)"
oyaˀdatgiˀ,"it is hideous, ugly"
oyaˀdawa:dǫh,a righteous person
oyaˀdaˀ,a body
oyaˀga:ˀ,a waist
oyoˀgwaˀ,cheeks
oyę:daˀ,"wood, firewood"
oyę:daˀ ganǫhsadaihaˀtraˀ,wood stove
oyę:daˀ wadǫ:twahs,woodstove
oyę:deht,"it is recognizable or plain to be seen, conspicuous"
oyę:ˀ,beads
oyęhsa:ˀ,bandage
oyęhsraga:yǫh,old blanket
oyęhsrase:,new blanket
oyęhsratgiˀ,ugly blanket
oyęhsraˀ,blankets
oyęhsri:yo:,nice blanket
oyęhsrowa:nęh,big blanket
oyęhsrˀaǫ:weh,"shawl (for dancing, or the type put on a corpse at a funeral)"
oyęˀgwa:ˀ,it is smoky; smoke
oyęˀgwaˀ,"tobacco, cigarettes"
oyęˀgwaˀ wadǫda:taˀ,tobacco pouch
oyęˀgwˀaǫweh,"Indian tobacco (ceremonial, home-grown and not processed)"
oyǫ:gyaˀt,"it is amusing, laughable"
oyǫ:waˀ,"guts, intestines"
oyǫdih,opossum
oyǫgyęni:,it is comical
oyǫˀdaˀ,"a dead body, cadaver"
oyˀajiho:nǫˀ,different Indian people
oˀahsˀaˀ,chest
oˀawayeˀ,dew on something
oˀda:griˀ,muddy water
oˀda:gǫ:,in the mud
oˀda:iˀ,brick (literally: there is mud on it)
oˀda:iˀ dehaˀsgwa:dǫhaˀ,he is a bricklayer
oˀda:ˀ,"clay, mud, mortar"
oˀda:ˀgeh,on the mud
oˀdaihaˀdǫh,it is really hot (weather)
oˀdaihę:ˀ,it is hot
oˀdaihęhdraˀ,sweat
oˀdaˀ,"feces, shit, excrement"
oˀdrahehs,"it is overdone, exaggerated"
oˀdrohsraˀ,"fat, pig rinds"
oˀdǫ:draˀ,it is fat; gristle; rind
oˀdǫhgo:t,a flame
oˀga:sˀah,evening
oˀga:ˀ,"a parable, tale, story, legend"
oˀgahoˀjade:kaˀ,a grass fire (is burning now)
oˀgasehne:hah,eveningish
oˀgraę:ˀ,there is snow on the ground
oˀgraˀ,"snow, snowflake"
oˀgraˀgeh,on the snow
oˀgrowanahdǫh,it is snowing hard
oˀgrǫ:,it looks like snow
oˀgrǫ:gyǫ:,it is snowing
oˀgwa:s,it digs
oˀgęhęˀ,ashes; bullet; dust
oˀgęhǫhdahkwahtaˀ,ashes shovel
oˀhnyo:t,there is a rainbow
oˀnahgǫ:t,it (skin) is inflamed; a bee sting
oˀnahgǫdǫ:nyǫ:ˀ,hives all over; stung many times
oˀnaˀsę:,poison
oˀne:staˀ,nudity
oˀnehsada:se:,sand storm
oˀnehsadaihęgowahneh,a desert; (literally: big hot sandy place)
oˀnehsai:ˀ,it is sandy
oˀnehsanhohsro:t,sand pile
oˀnehsaˀ,sand
oˀnehsi:yo:,sandpiper
oˀnhahgyaˀ,lumber logs (large); timber
oˀnhehgyęˀ,female genitals (animals only); female animal
oˀnhwęhtsaˀ,tail of an animal
oˀnhęhtsaˀ,tail of an animal
oˀnhǫhsaˀ,eggs
oˀnigǫhaędahk,it is clearly understood
oˀnigǫhaędaht,it is clearly understood
oˀnigǫhsadǫhk,"it is lonesome, mournful"
oˀnigǫhsadǫhkgeha:,the sad kind
oˀnigǫhsadǫhkgeha: nigaę:noˀdęˀs,blues music
oˀnigǫhsiyohsde:ˀ,satisfaction
oˀnihsda:ˀ,"stem, hull of berries"
oˀnihsgaǫdǫˀ,it has wheels
oˀno:drahs,skin rash
oˀno:draˀ,it is infected; an infection
oˀno:ksaˀ,bass (fish); oysters; shellfish; sea shells
oˀno:shaˀt,"it is jealous, envious"
oˀno:shę:,it is jealous
oˀno:staˀ,nudity
oˀnya:tę:,Dry Fingers (legendary figure)
oˀnyahsrǫ:dǫˀ,it has fingers
oˀnyaˀ,fingers
oˀnyǫ:dǫˀ,gloves
oˀnǫhdago:wah,burdock
oˀnǫhdaˀ,bur
oˀnǫhsaˀ,onions
oˀsgwanyahęhs,rocks are boiling
oˀsgwanyahęhs watnawi:neˀ,lava flow
oˀsya:de:nyǫˀ,clans
oˀtga:ˀ,noise
oˀtgaiˀni:,"it is noisy, loud"
oˀwahade:nyǫˀ,muscles
oˀwahaga:yǫh,old meat
oˀwahagahdeh,raw meat
oˀwahagaˀǫh,the meat is delicious
oˀwahahni:yǫh,tough meat
oˀwahahse:ˀ,fresh meat
oˀwahatgę:,spoiled meat
oˀwahatę:,dry meat
oˀwahi:yo:,good (tender) meat
oˀwahsdaˀ,clothespin
oˀwahsdǫdahkwaˀ,little sticks they make for a funeral
oˀwahǫh,meat
oˀyaˀ,female genitals; vagina
oˀyo:tsaˀ,a chin
oˀyohgo:t,attached skirt
oˀyohgwaˀ,"skirt, tail, feather"
oˀę:naˀ,"snowsnake, pole"
oˀǫ:,Oh really?
oˀǫhgwa:ˀ,"sod, moss"
oˀǫhsaˀ,vines
oˀǫhse:sǫhs,long vines
sa:danǫhwa:s,you have a sore heel
sa:gaˀs,you like the taste of it
sa:no:ˀ,raccoon
sa:no:ˀ wahya:s,gooseberry; (literally: a raccoon eats the berries)
sa:nędahtaˀ,hemlock
sa:tǫ:,you (singular) lie down!
sa:wa:ksǫh,"you are winnowing, shaking, sifting right now"
sa:wa:s,"you are a winnower, shaker, sifter"
sa:węh,it is yours
sa:ye:,you are awake
sadagaideˀ,you are healthy
sadagyadaˀs,you are opinionated
sadahgahsdǫ:,you endure!; go and cook in the cookhouse!
sadahgahstahk,you used to be able to endure
sadahgahstaˀ,you do endure
sadahgwaę:hęˀ,you store things all the time
sadahgwaę:ˀ,"store it, hold on to it temporarily!"
sadahsiˀdohai:ˀ,you wash your feet
sadahyahsęnǫnih,you preserve fruit!
sadahǫ:dǫ:,ask! inquire!
sadahǫdǫhahk,you used to ask
sadahǫhdǫhsgǫ:,you are inquisitive
sadatrihonyęh,read!
sadaˀgeho:t,you have an erection
sadaˀi:s,you have intercourse
sade:kǫ:nih,you eat
sade:swaht,"you smell it, sniff it!"
sade:tsę:,you're greedy for food; you are a glutton
sadehsręˀdǫ:ni:,glare! (make yourself look mad)
sadehsrǫnihsˀǫh,you are ready
sadehsrǫnyahnǫˀ onęh ęsę:daˀ,you get ready to go to bed
sadehstǫwi:staˀ,you hurt yourself all the time
sadehswahdahnǫ:,you (singular) sniff!
sadehsǫ:nih,you make a nest
sadehsˀǫh/,Are you ready? (may come from Onondaga)
sadejiˀohgyak,you cut your nails
sadejęhiyohs,make a good fire
sadejęhǫ:nih,make a fire
sadeksadǫ:nih,"you are immature, childish"
sadenohae:,you are very clean
sadenyagwaht,make yourself vomit!
sadesgehohae:,wash your lousy self
sadetsaˀtaˀ,you struggle all the time
sadewayę:nǫ:nih,you care for it / things all the time
sadewayę:sdǫh,you are learning
sadeˀdri:yohs,aim right; shoot straight!
sadeˀgwęhę:gyeˀs,you are avoiding
sadeˀnyę:dęh,"sample, try it!"
sadeˀnyędęhsdǫhǫ:gyeˀ,you are trying as you go
sadeˀsgǫ:dęh,"you fry it, roast it!"
sadeˀtsaˀdǫh,you are going along struggling
sadohǫhdohai:ˀ,wash your ears
sadonyahnǫh,you move all the time
sadowatah,you go and hunt right now!
sadoˀne:k,"get away, move away!"
sadrahehstaˀ,you are always going overboard; you are excessive
sadriho:wi:,"you are a klutz; you're slow-moving; you are feeble, clumsy"
sadrihoˀda:t,you work
sadrihwagehdeˀ,your responsibility (literally: it is hanging on you)
sadrę:nǫ:nih,you make a song
sadwiya:nǫh,you babysit all the time; you are babysitting right now
sadwiyaǫ:gwahs,you adopt babies
sadwędehtaˀ,you forfeit things all the time
sadę:nohk,any relative (of yours)
sadędǫnyaˀdǫh,you are joking
sadęhwihsdanihahda:nih,you lend money; a lender
sadęhę:k,you are getting a sun tan
sadęnidęhtaˀ,you plead all the time
sadęniho:nǫˀ,your relatives on your (singular) father's side
sadęnˀatraˀ,your lunch
sadęˀnigǫhahni:ya:t,keep your mind strong
sadęˀnyotahk,"you used to be a party-goer, you used to celebrate"
sadęˀnyotaˀ,you celebrate all the time; you are celebrating
sadǫ:nhe:dǫh,you were born
sadǫ:nyeˀs,you are breathing
sadǫ:wih,breathe!
sadǫhtsohae,wash your knee
sadǫhweˀtso:taˀ,you do hand-stands all the time
sadǫhwi:daˀt,you swing!
sadǫhwidaˀdǫh,you are swinging
sadǫhwidaˀtahk,you used to swing (long ago)
sadǫhwidaˀtaˀ,you swing (all the time); you're a swinger
sadǫnheˀtraˀ,"your soul, heart, spirit"
sae:yǫˀ,she returned
saehwagę:nyaˀt,"you will complain, you are a complainer"
saehwahtsęnyahsgǫ:,you find faults
saga:dǫˀ,I became well again
saga:twaht,"I missed it (a ball, etc.)"
sagadǫnhe:t,I am alive again
sagaesahtgaˀ,"they released you (singular) again, fired you, let you go"
sagaeyǫˀ,they (female or mixed group) returned
sagagahoˀjatęhs,the grass dried up
sagahaha:twaht,I missed the road
sagahdro:t,you are tearing (shedding tear-drops)
sagahdrǫ:nihs,you are staring at it
sagahdrǫni:,"you are 'nosy' with your eyes (always looking); gape, stare!"
sagahdrǫnihne:ˀ,you used to stare all the time
sagahehdaę:ˀ,you have dandruff
sagahgwa:ˀ,new moon
sagahgwaosˀah,your eyebrow
saganę:tǫ:gyeˀ,you are going along licking it
sagawa:nohs,it became cooler
sagawehagyeˀ,you are paddling along
sagaę:s,you are willing
sage:dǫh,you are scraping something right now
sageˀa:ˀ,your hair
sageˀaˀgeh,on your hair
sagodinǫhsonya:ni:,nursing home
sagohetsogoˀ,it tricked her (like the frog)
sagyaˀdanędagǫh,you (singular) cling to it! 
sagyaˀdawiˀdǫh,that's what clothing you have on
sagyaˀdawiˀtaˀ,you are always putting it on; you are doing it right now
sagyaˀdawiˀtraˀ,"your coat, shirt, dress"
sagyaˀdohai:,you take a bath; wash your body
sagyehsahtaˀ,you are wasteful
sagyenihdǫh,you have enough
sagyę:,you (singular) sit down!
sagyęhsaǫ:,bandage yourself!
sagyˀena:waht,cling to it! hang on!
sagę:na:ˀ,you have moles
sagęhędahgoh,remove the ashes out of it
sagęihstǫh,you have postponed it
sagęˀnhoˀtra:twaht,I missed the ball
sagǫhsahni:yǫh,you are two-faced; you've got nerve! (literally: you've got a hard face)
sagǫhsatgiˀ,you have a dirty face
sagǫhsaęˀ,you have a face
sahahdę:diˀ,he went home
sahdaˀ,get full! (finish eating)
sahdo:,you dive
sahdo:k,grow! (not common)
sahdrǫˀk,be afraid! (non-sensical)
sahdrǫˀni:,you fraidy cat 
sahga:gwahaˀ,go get some wood chips!
sahnatsage:dahs,you are scratching your behind
sahohdęhgyǫhǫgyeˀ,he is on his way home
sahsda:hahk,you were crying
sahsdi:s,pay attention!
sahsdi:sdǫh,you are paying attention (right now)
sahsga:ne:s,you long for something
sahsiˀdagrahs,your feet smell
sahsiˀdanǫhwa:s,you have a sore foot
sahsiˀdˀageh,on your foot
sahwihsdaęˀ,you have money
sahwę:jaˀ,"your land, property, real estate"
sahęnada:tre:waht,they (male) repented
sahǫ:kahk,you used to understand (and talk)
sahǫ:kaˀ,doyou understand the language?
sahǫhdˀageh,on your ears
sahǫwaditsgo:dęˀ,"they re-elected him, them (male)"
saihoˀdeˀ,you are working
saihoˀdęhsraˀ,your work
saihwagwe:nyǫ:,"you are able to perform (i.e run, dance, orate, etc.)"
saihwahsrǫniha:gyeˀ,you are making up the rules as you go along
saihwaˀ,your fault
saihwˀane:gęh,you are praying; you have prayed
sajagǫˀǫhne:ˀ,you have persevered (in the past)
sajia:ohoˀgwaˀ,your ankle
sajiˀdawiˀs,you are a cry-baby
sajiˀnǫge:wahs,you are blowing your nose
sajęhǫhsgwaęˀ,whisper!
sakwayędeǫ:,you are a good cook
sakǫ:ni:,you are cooking (right now)
sanahao:traˀ,your hat
sanahsgwaęˀ,you have a pet
sanaˀehs,your step-mother
sani:yǫ:t,you hung it up
saniˀǫh,"you are stingy, greedy, cheap"
saniˀǫhne:ˀ,you used to be stingy of it
sano:ha:ah,your (singular) aunt
sanogeha:ˀ,Raccoon Dance
sanoˀjaˀ,your teeth
sanoˀje:s,your tooth is long
sanę:tsaˀ,your arm 
sanę:tse:s,your arm is long
sanę:tso:t,you have an arm; your attached arm
sanętsage:tsgoh,raise your arm
sanǫhsdeˀ,you value it; you are stingy
sanǫˀa:ˀgeh,on your head
sanǫˀseh,you are lazy
saodihehtso:goˀ,frogs were fooled (i.e. they came out in the spring too early)
sasahdę:dih,go home!
sase:gri:k,you wrinkled it again
sasehsrǫ:nih deyodewane:gaǫ:,fix the flat tire
sasehsrǫ:niˀ,you repaired it
sasganeksǫh,you are longing for something
sasgęnhaˀseh,you are greedy
sasnęhdǫhǫgyeˀ,you are getting down from there right now
sasnęht,get down from there!
sasohdatgiˀ,you have dirty hands
saswaht,put the light out
saswęˀyǫhga:ˀgeh,on your thumb
sasyǫˀ,you returned home
sasęhnihsgahsrǫnih,fix the wheel
sasęhtahk,you used to regret it
satahineˀ,you are walking
satgahatgihdǫh,"you are always giving dirty looks, you are giving dirty looks (right now)"
satgahatoh,you (singular) roll over!
satgahdrǫnihs,you are staring at it; examining it closely
satgahnyeˀ,play!
satgahtoh,you look
satgahtwahs,you look all the time
satgahǫ:,pay attention!
satgahǫhaˀ,"you are paying attention, watching right now"
satgao:t,you have a debt
satgaǫniˀǫh,you are bereaved
satgaˀs,"you forfeit, you let go of things all the time"
satgaˀwahsgęhę:ˀ,"you used to let go, you used to give up"
satge:dǫh,you are scratching yourself
satgehda:s,you put it around your neck all the time
satgehdataˀ,you put it around your neck all the time
satgehdǫh,you have it around your neck
satgeˀohae,wash your hair
satgiˀtraˀ,your junk
satgoˀjonyahnǫ:,"beautify yourself, apply make-up!"
satgwęˀdaˀ,your wallet or purse
satgęh,you get up
satgǫ:nyohs,you are very clean
satgǫhsohae,wash your face
satgǫhsohai:,you wash your face
satgǫhsohaiˀ,you have washed your face
satgǫhstwęˀęht,you shave
satgǫhstǫˀęht,you shave
sathna:sǫ:,oil yourself
sathnatsotra:se:ˀ,you have new pants
satiyˀagǫh,you are holding a grudge right now
satiˀyahsgǫ:,you hold grudges; you get angry easily
satnaˀdaǫ:dęh,you bake bread!
satnaˀtsagę:nyeˀ,you are fidgety
satnoˀjanhǫ:dęh,put your teeth in!
satnoˀjohai:,brush your teeth
satnǫˀaohae,wash your head
satnǫˀaohai:,you wash your head
satowinyǫˀse:,you have a cold
satrehnǫ:nih,you pack!
satrewahdǫh,you have been punished
satrewahtaˀ,you are being punished right now
satrǫ:nih,get dressed
satsahniht,"you are overzealous, ambitious"
satse:nęˀ,your pet
satseˀdo:t,"your belly button, navel"
satsgwe:k,shut up!
satsohih,bite it!
satwihsdanihahs,you lend money
satwihsdaniˀǫhs,you economize
satwihsdaęˀ,you will reserve 
satwihsdo:nyat,you profit
satwihsdˀęda:s,you burn your money
satǫnadǫ:dęh,you bake potatoes!
sawa:ktaˀ,you are a sifter
sawadahǫ:dǫ:ˀ,it asked again
sawadrihwatwahdahnǫ:ˀ,natural disasters
sawadriwaǫniˀ,it healed again
sawagǫh,I am sifting right now
sawahwaji:yaˀ,your family
sawayęnheˀsgǫ:,"you are clever, educated"
sawęhnihsri:yohs,it became a nice day again
sawęhsga:ˀ,it spun out
sawęhsǫˀ,"your belongings, property"
sawęnadeht,"you are a harsh-speaking person, you are smark-alecky"
sawęnaˀehstaˀ,you stutter
sayaˀdahshęh,you are slow
sayaˀdahshęˀǫhǫgyeˀ,you are late
sayaˀdanędagǫh,your body is stuck to something
sayaˀdodrǫhgwaǫhaˀ,you are twitching (right now)
sayaˀdodrǫhgwaǫnihsgǫ:,you are always shivering
sayaˀdǫdaˀtaˀ,"you are nervous, shaking, shivering"
sayę:dǫˀ,"you own something, your bonds"
sayę:se:,you are skinning it right now
sayędehsgǫ:,you are always really good at it
sayędeˀǫh,you are really good at something
sayǫgyeˀni:,you have the giggles
saǫhwę:jaˀ,"your land, property, real estate"
saǫhwęjahsgęnhęh,you are fighting over the land right now
saǫhyagę:,you (singular) groan!
saˀahdrǫ:nih,you make baskets
saˀjohai:,you wash your hands
saˀnigǫha:t,"you are smart, brilliant"
saˀnigǫhaohe:k,gather your mind
saˀnigǫhi:yo:,you have a good mind
saˀnyǫhsano:ˀ,you have a cold nose
saˀnǫdanhęh,you are guilty
saˀnǫnheˀdraˀgeh,on your nipples
saˀsaˀ,"mockingbird, chatterbox"
saˀwa:dǫˀ,when it became; it became well again (i.e. it was sick)
se:ge:t,"grate, scrape, file it!"
se:gę:,you see
se:ǫ:ˀ,you wanted or believed
sedehji:hah,early morning
sedehjihah niyǫdekǫ:niˀ,breakfast
sedehjihahne:hah,brunch time; mid-morning; early morning
sedrę:ni:yo:,you smell nice
sedręnowa:nęh,"you have a big smell, odour, scent"
sega:dǫ:,tell a story!
sega:nę:s,you are a licker; you are a brown-noser
sega:nę:t,you (singular) lick!
segahanęhsgwahs,you steal a peek
segahaˀgeh,on your eyes
segahehdaˀgeh,on your eyelashes
segahehdo:t,you have eyelashes
segahgwao:sˀageh,on your eyebrow
segahę:dęˀ,drill!
segawehaˀk,you used to paddle
sege:dahs,you are scraping something right now
sege:tsgoh,you raise something to a vertical position
sege:tsgwahs,you are lifting it to a vertical position; you give parties
segehda:t,put it around your neck
segeˀa:ˀ,you are raggedy
segowanęh,you are big
segęhęnih,"you abuse it, you are mean to it; you are an abuser"
segęihstaˀ,you postpone it all the time; you move it all the time
segęˀsdaˀgeh,"on your hairline, upper brow; forehead"
segǫhe:s,you hit it all the time
segǫheˀktaˀ,what you use to hit with
segǫhsohai:,you wash its face
segǫhsˀageh,on your face
segǫˀdro:we:k,you put the pillowcase on
sehdega:ˀgeh,on your ribs
sehetgaˀaˀgeh,on your anus
sehna:tę:,you have dry skin
sehnyaˀsˀageh,on your neck (front of the neck)
sehsa:grahs,your mouth stinks
sehshaǫ:t,you are tied up
sehshǫhneh,on your lower back
sehshǫhneh sehswęˀnageh ohsgyęˀdageh,"backbone, spine"
sehsinˀageh,on your leg
sehsnaˀdageh,on your calf (of leg); on your outer thighs
sehsohdˀageh,on your hand
sehstoˀdręht,pluck!
sehswaˀne:t,you are supporting or backing them
sehsweˀnˀageh,on your upper back
sehsę:no:nih,store it! put it away!
sehsęnowa:nęh,you are famous
sehsǫhga:ˀgeh,on your upper lip
sehsǫhgˀwa:geh,on your lip
sehtseˀdo:dęh,you put the bottle there
seja:gǫh,persevere! keep it up!
sejagaˀǫh,you have persevered
sejagaˀǫhne:ˀ,you have persevered
sejao:hoˀgwˀageh,on your ankle
sejaohoˀgwanǫhwa:s,you have a sore ankle
sejia:ohoˀgwaˀ,your ankle
sejiho:dęh,you (singular) close it! 
sejiho:dęhs,you close it all the time
sejihoda:goh,you (singular)open it!
sejihsdahstwaht,dim the light
sejihsdo:dęh,turn on the light
sejihsgogwaˀgeh,on your hip
sejiˀdę:daˀ,stop crying!
sekdǫ:,you examine it!
sekseˀdaˀgeh,on your belly
seksohaihǫ:,wash the dishes
sekwa:nǫ:t,feed!
sekǫ:nih,cook
senai:,you are proud
senhaˀtraˀ,you are an employee
senhehsoda:,you harness (an animal)
senho:dǫ:goh,open the door
senhoha:,close the door
senhohaˀe:k,knock on the door!
senhǫhdagǫ:,"your underarm, armpit"
senhǫhsga:ˀgeh,on your inner thigh
senyędˀageh,on your shin
senyęˀdeˀ,you came for a purpose
senę:tse:s,your arm is long
sesahehtso:goˀ,you got fooled (like the frog)
sesehdagǫ:,on the nape of your neck
seteht,"pound! (corn, etc.)"
setse:nęˀ,you are tied up (as in: a slave to your work); (literally: you are an animal)
setseˀdo:dęh,stand the bottles up
sewaihǫh,you are good at something
sewaǫ:da:ˀ,"you inflate (a tire, balloon)!"
seˀ,"after all, just"
seˀahsaˀgeh,on your chest
seˀnhǫhdagrahs,your armpits smell
seˀno:shahs,you are envious
sga:di:hah,one side (i.e. one of a pair of shoes)
sga:t,one
sga:t awęhęˀ,one flower
sga:t dewęˀnyˀawˀe:,hundred
sga:t dęwatwada:se:ˀ,one year; (literally: it will go around once)
sga:t e:gęh,one acre
sga:t eyohsra:t,one year
sga:t heye:ti:nǫhk,we are all related to that person
sga:t heyotahinǫ:,one concession (measurement)
sga:t heyotgahtwęh,one mile (literally: how far you can see)
sga:t hęwa:dra:s,once
sga:t ona:tsih ahdahgwaˀ,one pair of shoes
sga:t shayędǫtoˀ,he put one more piece of wood on the fire
sga:t skaeˀ,eleven
sga:t wˀęnihsgaǫ:t,it has one wheel
sga:t wˀęnihsgaǫ:t enęhgwitaˀ,wheelbarrow
sga:t ęgahwihsdaˀe:k,it will be one hour
sga:t ęyaǫ:dadogehteˀ,one week
sga:yę:,it resembles
sgado:da:t,one bow
sgadrehdatsǫˀ,each car
sgadriˀyǫde:s,weasel
sgadęhda:ˀ,to resurface something
sgagweniˀda:t,"one penny, one cent"
sgahdę:gyeˀs,I go home all the time
sgahnyahsga:t,one button
sgaho:tra:t,one package
sgahohwa:t,one pelt
sgahoˀdę:ˀęh,something
sgahoˀdęˀ,"anything, something"
sgahoˀdęˀ dehoihwaęˀ,he is innocent
sgahoˀdęˀ deyoihǫ:t,it is useless
sgahsagahaǫ:ˀ,large mouth bass
sgahsaheˀda:t,one bean
sgahsgwˀidrahe:ˀ tsǫ:,"you are pruny, wrinkly"
sgahsi:ya:t,one line or one string
sgahwihsda:t,one dollar
sgahyadǫhkwa:t,one pencil
sgahǫ:da:t,one whip (uncommon)
sgahǫhsra:t,"one box, one thousand"
sgahǫnˀada:t,one potato 
sgai:sdo:wa:ˀ,mullet
sgai:sgędri:,marsh wren 
sgaihwa:t,one mind (said when consensus is reached in the High Council); one idea
sgaihwahsrǫnih,"rectify, ratification"
sgaihwihsda:t,one slice
sgajihsda:t,one lamp
sgajihwęda:t,one bell
sgajiˀa:t,one curtain
sgajęha:t,one fire
sgajǫˀda:t,one fish
sgaksa:t,one dish
sganaˀja:t,one pail
sganaˀjohsgwa:t,one cup
sganoˀja:t,one tooth
sganyadae:s,"Long Lake; Skaneateles, N.Y. (literally: long lake)"
sganyaˀdiga:ˀ,heron
sganyo:da:t,one teaspoon
sganyo:da:t ganyodowa:nęh,one tablespoon
sganyęˀswa:dih,to its left
sganyǫhsaˀ,moose
sganǫhgwijǫ:gyeˀ,they (literally: it) came back all wet
sgatsehsda:t,one piece of gum
sgatsehsdaˀ,sturgeon
sgatseˀda:t,one bottle or quart
sgatshǫ:ˀǫh,one by one
sgatshǫ:ˀǫh gagehǫˀ,one of each thing lying around
sgawahsda:t,one clothespin
sgaya:t,one bag
sgayaˀda:t,"one animal, one living thing"
sgayaˀda:t degayˀadahkwaˀ,one hen hawk
sgayaˀde:s,water snake
sgayęhsra:t,one blanket
sgaˀahdra:t,one basket
sgaˀnhǫhsat,one egg
sgegęhęˀda:nih,you are sick of me
sgihyoˀtsaˀ,jowls
sgraheda:t,one tree
sgwa:gwaǫ:dǫˀ,toad
sgwa:yęh,otter
sgwagwaǫdagǫ:wah,"big, fat toad"
sgwaęˀdaˀ,colts foot
sgwaˀahdaˀ,frog
sgwaˀahdaˀgo:wah,a species of bull frog
sgwaˀahdaˀshǫ:ǫh,variety of frogs
sgyęˀwatę:,it is skinny
sgę:nǫ: degyadęhnǫ:de:ˀ,"said by a brother, sister, if they haven't seen each other in a while"
sgę:nǫ: gwadreˀ,said by a grandmother greeting her grandchild
sgę:nǫ: senohdǫnyǫh,you are safe; you are feeling well; you are at peace with yourself
sgę:nǫ:ˀǫh hotrihsdǫhǫ:gyeˀ,he is sneaking around slowly
sgę:nǫˀ,hello; how are you? (literally: it is well)
sgę:nǫˀ genǫhdǫnyǫh,I am at peace
sgęgyohgwa:t,"one crowd, body"
sgęgyohgwa:t odǫˀǫh,coalition
sgęjǫˀda:t,one fish
sgęnǫ:ˀǫh,it is slow; slowly
sgęnǫ:ˀǫh nęh tsye:,you take your time
sgęnǫgowa:hah,"slowly, fairly slow"
sgętseˀda:t,one bottle or quart
sgˀanahgwa:t,"one wife, marriage"
sgˀanigǫha:t,one mind
sgˀanigǫha:t odǫˀǫh,coalition
sha:yǫˀ,he returned
shadiˀdrehdǫnihsgeh,"garage, auto shop"
shago:ye:nahs,policeman
shagoda:dahgwahs,He Takes Out People’s Feces (legendary figure)
shagodi:hwahniyadǫh,they got married by the Chiefs; marriage ceremony usually sanctioned by the Chiefs; (literally: they hardened them)
shagodigohgo:wah,their queen
shagodiye:nahs,policemen
shagodiye:nahsgeh,police station
shagodiˀnigǫha:ˀ,"they (non-feminine) are protecting, watching (over someone)"
shagodęnyehtaˀ,judge
shagogǫhsohai:,he is washing her face
shagohsehtaˀ,"he is a robber, stealer"
shagohę:dǫ:,a leader
shagohę:dǫ: gyohwęja:deˀ,"leader (of a land, country, or territory)"
shagohę:dǫ: odǫhwęja:deˀ,"leader (of a land, country, or territory)"
shagoihǫt,he has appointed someone
shagonadęnyehtaˀ,judges
shagotgowahdanih,he is a rapist; he is raping someone now
shagoˀgę:ˀęh,his younger sister
shaha:wiˀ,he brought it with him
shahaha:twaht,he missed the road again
shahaha:ˀ,he went back on the road
shahahaˀtwahdahnǫ:ˀ,he kept missing the road(singular)
shahahaˀtwahdahnǫh,he keeps missing the roads
shahsrǫ:nihs,repairman
shahye:s,thimbleberries
shanaˀgeh,on your groin
shaohetso:goˀ,it has tricked him; he got fooled (like the frog)
shayahgwa:se:,you have new pants
shaǫ:wihshęˀǫh,he is panting again; short of breath
shaˀda:tęhs,you are thirsty
shaˀdrehdǫ:nihs,he is a mechanic
shaˀnya:gęˀ,he escaped
shedehjihahgeha:ˀ,morning kind
shedehjihahnehah,mid-morning
shedwagowa:nęh,he is our leader
shedwahjiˀah,our older brother
shedwanǫhkwaˀ,we love him
shegęhęnih,you are mean to her
shegǫnyǫhstahk,you used to honour her
shehahseh,you serve her/them all the time
shehdehnyęhtaˀ,you are knocking her over right now
sheho:wih,tell her
shehwihsdanihahs,you borrow from her
sheno:ˀ,your step-daughter
shenoˀjanhǫ:dęh,put her teeth in
shenǫhksǫh,your relatives; also high language to describe our relationship to all people
sheyadahsęhdǫh,you have already put someone down; you discriminated against her
sheyadaˀsęhtaˀ,you put someone down all the time
sheyadrǫhgwa:nih,"you are threatening, scaring someone"
sheyahdehnyęhtaˀ,you are knocking people over
sheyahǫ:dǫ:ˀ,you ask her
sheyaˀdaˀs,you rely on someone
sheyehsahdahnǫh,"you are slandering, insulting someone"
sheyehsahtaˀ,"you always insult, slander someone"
sheyenaˀwaˀs,you help her
sheˀdahswahęhs,you scold people all the time
sheˀshę:nyǫhs,you are always overpowering someone; you are overpowering someone right not 
sheˀshęnyǫgwęh,you have overpowered someone (before; a long time ago)
sho:yǫ:,he returned
shohetsogwęh,he was fooled (like the frog)
shohshaˀdrǫh,he is remembering (right now)
shonǫˀne:t,"he is behind him, he is next in line"
shę niyo:weˀ,how much; how many; how far; until; up to there
shę niyo:yade:s,how deep it is (the hole)
shędaę,you lay the field (take bets?)
shęh,"of, because, how, that"
shęh dwanihnadogaˀtaˀ,human emotions; feelings; nerves
shęh dwayaˀdadeˀ,human conditions
shęh haji:nah,"penis, phallus"
shęh hoˀ dęˀ,whatever; a certain something
shęh hǫ:weh,there; where
shęh nhǫ:weh,there; where
shęh ni:waˀs,sizes; how big they are; (literally: how big it is)
shęh ni:yǫ:,the amount of
shęh niwadęhnihsri:neˀs,time of day
shęh niwagadeˀdroˀdę:,"how I feel about something, someone"
shęh niwęhnihsroˀdęˀs,seasonal weather conditions
shęh niyejihsdo:taˀ,the time when you turn the lights on
shęh niyo:weˀ,"how much, how many, how far, until"
shęh niyotgęihsdǫhǫ:gyeˀ deyowa:węnyeˀ,seasons
shęh niyoyanreˀ,how good it is
shęh tgiˀdrǫˀ,where I live
shęh ǫ:weh,it is really
shęnhǫ:weh,where abouts
shǫgwa:wi:,he has given us
shǫgwadęnaˀtraę:ni:,the food he has given us
shǫgwaihǫ:t,he has appointed us
shǫgwaęnawihshǫˀ,he has given us a song
shǫgwaęnawihǫˀ,he has given each of us a song
shǫnaˀdohai,wash the potatoes
shǫwadihkwęˀ,they took it back from him again
si,there
si gwa:dih,over there; common way of telling a dog to move
si hne:ˀ,over there
si nhǫ:weh,way over there
si: gyęh,"that, way over there"
si: tgaheˀ.,It is sitting over there.
sida:ge:ˀ,"you are lying down, prostrate"
sidręhgye:nyęˀs,"you are nodding off, falling asleep"
sidǫhgwahstwaht,lower the flame (kerosene lamp)
sihna:tę:,you have dry skin
sihsa:k,look for it
sihsa:kah,go and look for it
sitga:ni:yǫ:t,it was left hanging over there
skejęˀtaˀ,you cure me (all the time)
sna:sǫ:,lubricate something
sna:sǫ: gadrehdaˀ,"lubricate, grease the car"
snagai:,whistle!
snagęhsrǫni:ˀ,you make hills to plant in
snahtsa:grahs,your bum smells
snegade:nih,you (singular) drain something! (such as potatoes); (literally: you change the water)
snegehah,drink
snidaˀdrah,you two go to bed
snigowanęh,you two are big
snigǫhaˀk,watch out for yourself
snigǫhowa:nęh,you have a broad mind
snihnegehah,you two drink
snihnę:ye:s,you two are tall
sninoˀjo:t,you two have teeth
sninę:tso:t,you two have an arm
sniyenawaˀs,you two help a cause
sniˀnhǫhdagrahs,your (two) armpits smell
snojohai:,you brush its teeth
snonyo:tsiˀ,husk the corn
snoˀjo:t,you have teeth
snę:tso:t,"you have an arm, your (attached) arm"
snę:ye:s,you are tall
snęhsaˀgeh,on your shoulders
snętsaˀgeh,on your arm
snǫhweˀs,you like
snǫtsanǫhwa:s,you two have a sore knee
snˀatsaˀgeh,on your buttocks
snˀatsǫ:t,your buttocks
snˀojaˀgeh,on your teeth
snˀǫgwaˀgeh,on your breast
so:wa:s,dog
sohga:hǫh,you have coated it
sohga:s,you coat something all the time (i.e. for a living)
sohǫ:t,turkey
sowa:sgo:wah,great dog
sra:deˀ,you are climbing
sra:tęh,you climb!
sradanǫhwa:s,you have a sore heel
sradaˀgeh,on your heel
sragwahdagǫ:,"on the ball, sole of your foot"
srawihsdotsih,peel it!
srihwahsˀahs,"you promise, make an agreement all the time"
srihwaˀnekaˀ,you pray
stǫ:hah,a little bit
swa:gwahda:gǫ:,on your (plural) soles
swa:gwahdaˀgeh,on the balls of your (plural) feet
swa:yę:,you all set it down!
swadagaideˀ,you all are healthy
swadahdˀitra:t,one sock
swade:kǫ:nih,you all eat
swadekwahahsra:t,one table
swadrawihsda:t,one slice
swadręnowa:nęh,"you all have a big smell, odour, scent"
swadęhęwaǫ:nyǫˀ,you all are carrying babies
swagahaˀgeh,on your (plural) eyes
swagahehdaˀgeh,on your (plural) eyelashes
swagahgwao:sˀageh,on your (plural) eyebrows
swagahshaˀdrǫnyǫh,"I am recalling, remembering"
swagejęˀdǫh,it did cure me again
swageˀaˀgeh,on your (plural) hair
swagowanęh,you all are big
swagwiyaędadręˀ,I am going to have another child
swagyę:,you all sit down
swagyędahkwa:t,one chair
swagyǫ:,I came back
swagęˀsda:ˀgeh,"on your (plural) hairline, upper brow; on your (plural) foreheads"
swagǫhsˀageh,on your (plural) faces
swagǫˀdˀageh,on the bridge of your (plural) noses
swaha:dih,the other side of the road
swahanˀageh,on your (plural) groins
swahdahgwa:t,one shoe
swahdahgwa:t ahdahgwaǫweh,one ceremonial shoe
swahdega:ˀgeh,on your (plural) ribs
swahge:dahs,"you return, regress"
swahgwenya:t,one set of clothes
swahnahtsagrahs,your (plural) bums smell
swahnaˀtsaˀgeh,on your (plural) buttocks
swahnegehah,you all drink
swahnyaˀsˀageh,on your (plural) necks
swahnę:ye:s,you all are tall
swahnęhsˀageh,on your (plural) shoulders
swahsagahę:t,your (plural) mouths
swahsgwawenyǫˀ,you all are carrying babies
swahsinˀageh,on your (plural) legs
swahsiˀdanǫhwa:s,you all have a sore foot
swahsiˀdˀageh,on your (plural) feet
swahsnaˀdˀageh,on your (plural) calves
swahsohgwˀageh,on your (plural) lips
swahsweˀnˀageh,on your (plural) upper backs
swahsǫhga:ˀgeh,on your (plural) upper lip
swahsˀohdˀageh,on your (plural) hands
swahwaji:yaˀ,your (plural) families
swahya:t,one fruit
swahyagwiyaˀgeh,on your (plural) toes
swahyo:wa:ˀ,apples or crabapples
swahyohsˀageh,on your (plural) elbows
swahyowa:ˀ ohyaˀ grahe:t,apple tree
swahǫhdˀageh,on your (plural) ears
swaja:gǫh,you all persevere! keep it up! (a word of encouragement)
swajaohoˀgwanǫhwa:s,you all have a sore ankle
swajia:ohoˀgwˀageh,on your (plural) ankles
swajisgˀogwaˀgeh,on your (plural) hips
swajiˀohdaˀgeh,on your (plural) nails
swakseˀdˀageh,on your (plural) bellies
swanahaotra:t,one hat
swanoˀjageh,on your (plural) teeth
swanoˀjo:t,you all have teeth
swanyędˀageh,"on your (plural) shins, legs"
swanę:tso:t,you all have an arm
swanęhęsrǫ:nih,you all stand in line or a formation
swanętsaˀgeh,on your (plural) arms
swanǫgwˀageh,on your (plural) breasts
swanǫnheˀdraˀgeh,on your (plural) nipples
swanǫˀa:ˀgeh,on your (plural) heads
swatahi:neˀ,you all are walking
swatgęnihsˀahs,you have meetings all the time
swatgęnihsˀahsgǫ:,you are always having meetings (can be derogatory)
swatgęnihsˀǫh,you are having a meeting right now
swatnagwihdra:t,one belt
swatnaˀtsotra:t,one pair of pants
swatohgwa:t,one bundle
swatowinyǫˀse:,you all have a cold
swatrǫniˀda:t,one set of clothes
swawęˀnohsaˀgeh,on your (plural) tongues
swawęˀyǫhga:ˀgeh,on your (plural) thumbs
swayahshǫnyǫˀ,your (plural) names
swayanehsrǫnih,you all are lawmakers
swayaˀda:ˀ,your (plural) picture
swayaˀdˀageh,on your (plural) bodies
swayaˀga:ˀgeh,on your (plural) waist
swayoˀgwaˀgeh,on your (plural) cheeks
swayoˀtsaˀgeh,on your (plural) chins
swayuˀtsaˀgeh,on your (plural) chins
swaǫ:gyaˀgǫh,you all have cut the log
swaˀahsˀageh,on your (plural) chests
swaˀnhǫhdagrahs,your (plural) armpits smell
swegehaˀ,"back then, long ago"
sweˀnǫ:nih,wrap it!
swęhniˀda:t,one month
swęni:hę: to:gyęh,you all quit that!
swęnǫhsakahǫˀ,your neighbours
swętseˀdo:t,your (plural) navels
swęˀdˀaę:ˀ,black
swęˀnohsageh,on your tongue
swˀanhǫhsga:ˀgeh,on your (plural) thighs
swˀanyǫhsˀageh,on your (plural) noses
swˀęnahsagrahs,your (plural) tongues smell
syadǫhsraędiˀ,you are smart (educated)
syaˀda:grahs,your body smells
syaˀdaˀgeh,on your body
syaˀdohai:,give it a bath
sye:na:waˀs,you help it
syehwa:t,you are an early riser
syę:sehs,you skin animals all the time
syˀagaˀgeh,on your waist
syˀǫdaˀgeh,on your gums
sę:daˀ,you sleep
sę:sętoh,kick it!
sędaǫ:,"you are chosen, special, fortunate"
sędaˀdrah,you go to bed; you go to sleep
sęhsiˀdohae,wash your feet
sęhsę:dǫh,you are tapping your foot
sęni:hę:,you (singular) quit!
sęni:hę: to:gyęh,quit that
sęni:tsgrǫ:dih,you (singular) spit!
sęnidagręh,you (singular) lie down!
sęnihahsgǫ:,you are a habitual borrower
sęnihnado:kaˀ,you are perceiving something right now
sęnijǫhsgwaęhęˀ,you squat all the time
sęniˀjǫhsgwaę:,squat!
sęniˀjǫhsgwaę:dahk,you squatted
sęniˀnyǫgri:,you wrinkle up your nose (in disgust)
sęno:wę:,you are a liar
sęnyahaˀt,boil it!
sęnǫhdǫnyǫh,"you are wondering, thinking"
sęnǫhdǫˀ,you know
sętsgro:t,you are drooling
sęˀnigǫhoˀdrǫh,you are a worrier
sǫ,who 
sǫ: go:węh,whose (is that)?
sǫ: hne:ˀ naht,who is that?
sǫ:da:s,you put something in
sǫ:deˀ,last night
sǫdagwe:gǫh,"all through the night, all night"
sǫga:,someone
sǫga:ˀah,someone
sǫge:jęˀt,it cured me
sǫgeˀnigǫhęh,I forgot
sǫgi:daˀ,I went back to sleep
sǫgweˀdi:yo:,you are a nice person
sǫgwi:yęˀs,I had a miscarriage
sǫgwi:yǫ:diˀ,I had a miscarriage again
sǫhehka: ęhniˀda:ˀ,moon
sǫhehka:ˀ ga:gwa:ˀ,moon
sǫhwę:jaˀ,"your land, property, real estate"
sǫne:k,you remove something
sǫne:ksǫ:,you remove several things
sǫtsanǫhwa:s,you have a sore knee
sǫtsaˀgeh,on your knee
sǫˀnaht hejehehs,whose birthday is it?
sǫˀǫh,who 
sǫˀǫh naht,who; which person; which one
sˀadreh,you are driving
sˀanigǫhaędaˀs,you understand
sˀano:drahs,"you have a skin rash, running sores, weeping sores"
sˀanodrahsdǫh,"it has given you an infection, an allergic reaction; you have already had an allergic reaction"
sˀenyǫhsˀageh,on your nose
sˀyotsaˀgeh,on your chin
sˀyoˀgwaˀgeh,on your cheeks
ta:gaesayę:de:,they will not recognize you (i.e. a disguise)
ta:wage:gęh,it will not see me
ta:waknǫhyˀagǫ:k,if I hadn't been hurt
ta:yǫge:gęh,she will not see me
tadihsnye:gyeˀs,they (male) look after all
tadinagreˀ,that is where they (male) live over there
tadiyędae:siˀ,they (male) broke the tie (died suddenly)
tagihnǫ:s,he is calling me
tahagęnidahęh,he won't shit on me!
tahayęto:ˀah,"he planted it any old way, any place"
tahyǫ:ni:,wolf
tana:greˀ,where he lives over there
taodawęhęgyeˀ,he is swimming towards us
tawedahgǫh,he believes 
tayętwahse:k tsǫ:,let him keep planting over there
taǫ:hwęjadeˀ,where his land exists
taˀdegawa:yǫ:t,it has no wings
taˀdegawęnage:,all kinds of languages; multilingualism
taˀdegrihwahsnyeˀ,I oppose it; I do not agree
taˀdehoˀnigǫha:nih,"he is unconcerned, indifferent"
taˀdesagyę:,you are quiet
taˀdewagehdǫ:ˀ,I did not mean or intend it
taˀdeyo:gyę:,"quietness, quiet, stillness"
taˀdeyogahaędaht,"it is fuzzy, out of focus, opaque, unclear"
taˀdęjatahahk,you two will walk side by side
taˀgaihwagǫ:dǫ:ˀ,"it smothered, died out slowly on its own, petered out"
taˀgaǫ:nihę:ˀ,they (female or mixed group) suddenly quit
taˀgǫ:niˀ,"I made it in place of something else, replaced it"
taˀsadodahsiˀ,you appeared unintentionally
te:dę:ˀ,yesterday
tea:ǫt,muskrat
tehaˀnigǫhayei:ˀ,he is not right in the mind
tehtǫˀ,"ground hog, woodchuck, gopher"
teo:jiˀ,iron wood (tree); red oak
teo:jiˀ ohnyoˀgwaˀ,acorn
tga:gwitgęˀs,east (direction); the sun rises there
tga:gwitgęˀsgeh,the east (where the sun rises)
tga:gǫ:t,a compelling must
tgae:nagreˀ,where they (female or mixed group) live over there
tgaegowa:nęˀs,my older siblings
tgaenagrehk,they (female or mixed group) did or used to live there
tgagyęhętwahs,I am a puller
tgahadaę:dǫˀ,where the forests are
tgahe:ˀ,it is setting over there
tgahnegotaˀ,"fire hydrant, fountain"
tgahnegoyˀa:s ojiˀa:ˀ,shower curtain
tgahsdęho:t,monument
tgajihsdǫda:haˀ,the lights are there
tganadaę:dǫˀ,the towns are over there
tgani:yǫ:t,it is hanging over there
tganya:daęˀ,at the lake
tganǫhso:t,a house is over there
tgasheyęnǫhdǫhahs,you force people all the time
tgawęhęyętwahsǫˀ,variety of flowers planted over there
tgayei:,"it is right, correct"
tgayei:ˀ tgaęgwadih,from the right (correct) direction
tgayi:,"it is right, correct"
tgayętwahsǫˀ,garden; it is planted over there
tgaę:no:t,music playing over there
tgaęgwadih,they (female or mixed group) are going in a direction
tgaǫhyagwahsgęhę:ˀ,where they (female or mixed group) used to pick fruit
tgidrǫ:daˀk,where I lived
tgwiyo:gęˀ,Channel catfish
tgwęhjiaˀgeha:ˀ,warbler
tgwęhę:ˀ,sometimes
tgyahsǫhaˀ,I call them; I am a bingo caller
tgę:neˀs,they (animal) are over there 
tgęnǫhdǫhaˀ,I make the decisions; I am a strict person
ti:wehs,a stray (animal)
tiga:gwe:gǫh,"all over the place, here and there"
tigaenenǫ:gyeˀs,they (female) are roaming about
tigahsro:niˀ onoˀjaˀ,false teeth
tigahsrǫ:niˀ,"man-made, artificial"
tigahsrǫnyahnǫˀsǫ:ˀǫh,craft shops
tiganojǫ:ni:,false teeth
tiganǫhsa:de:ˀah,not a normal house
tigayˀado:ni:,"a robot, puppet, etc."
tigayˀado:ni: wadeˀdreˀs,a robot; (literally: it moves)
tigayˀado:ni: wadǫnyahnǫ:ˀ,a robot; (literally: it moves)
tigaęˀs,they (female or mixed group) are roaming about
tigaˀdrehda:deˀ,a different car
tigęnenǫgyeˀs,they (animal) are roaming about
tigǫ:nihs,I use something in place of (something else)
tihe:ˀah,he is just walking along
tihe:ˀah tsǫ:,he is just walking along
tihehsǫˀ,"he is a wanderer, loiterer"
tisǫ:nihs tsǫ:,you use something in place of (something else)
tisǫgwˀeda:deˀ,you are a different person
tiwa:gǫ:ni:,"I have made it in place of something else, replaced it"
tiwatnaˀdaǫt,bannock (coal-baked)
tiyo:ne:nǫ:,where they have gone
tiyo:tˀah,"it is queer, unusual, odd"
tiyogwe:gǫh,all of it
tiyoyęhsra:deˀ,it is an odd-ball blanket
tiyǫgwedadeˀ,a stranger
to e: hęsge:ˀ,I will go again
to e: hǫsa:ge:ˀ,I would go again
to ha:ge:,where I might go (indefinite)
to ha:ge:ˀ,I would go
to haˀge:ˀ,I went
to haˀgeˀ,where I am going (definite)
to hę:ge:ˀ,I will go
to hǫsa:ge:ˀ,I did go again
to naˀǫnisheˀ,it took that long
to nhǫ hę:geˀ,where I am going; where I will go (definite)
to nhǫ:weh,"there, where"
to niyǫ:,that much
to:,that; there; where
to: gyęh,that (one)
to: he:yoht,suddenly
to: hǫ:weh,there; where
to: nhǫ:weh,there; where
to: niyo:weˀ,that far; when
to:hah,almost; there
to:hah tsaˀde:yoht,it is similar
todihwahgwęh,they (male) are raising hymns
todinęhę:deˀ,they are standing there (in a line formation); they are guarding
todǫ:nhoˀk,he is mentally challenged; he was born premature
toh,there
toh geh,and then; that's when; then; where
toh haˀdegayei:ˀ,you get enough
toh haˀtręh,put it up on there! (i.e. up off the floor somehow) 
toh itręh,put it down there!
toh tganǫhsotge:,suddenly the house appeared
tohsa:ˀ,he has begun
tohǫ:weh,a place
tonadęni:dęǫh ,Welfare Office
tonatgehǫˀ,where they (male) are selling
tonǫhso:t,his house is back there
totgri:,he's a wimp; he pulls back
toˀahsawˀehs,he has asthma
toˀsęhdǫh,he has handed down
trehs,more than usual (denotes something extreme)
trehs aǫgohdǫh,"exceptional, above average; too much"
trǫhgeh,meaning unknown
trǫhgeh tsǫ:,barely
tsadatrewahtaˀ,you are repenting right now; you repent all the time
tsadewęhnidahęˀ,middle of the month
tsahgo:wah,pigeon
tsahgowaˀgeha:ˀ,Pigeon Dance
tsaˀde:ga:yęˀ,they are (literally: it is) lying or setting side by side
tsaˀde:tga:deh,the same height
tsaˀde:waˀs,they are (literally: it is) the same size
tsaˀde:yoht,they are (literally: it is) the same
tsaˀde:yǫ:,of equal number or amount
tsaˀdegadiyaˀdˀodę:,they (animal) look the same 
tsaˀdegadrehdodę:,the cars look the same
tsaˀdegaeyaˀdodę:,they (female or mixed group) are similar; they look the same
tsaˀdeganadahęh,"village square, village centre, town square"
tsaˀdeganaˀjohsgwahęh,one half cup
tsaˀdeganyodahęh,one half teaspoon
tsaˀdeganyodahęh ganyodowa:nęh,one half tablespoon
tsaˀdegatseˀdahęh,one pint
tsaˀdegawa:ye:s,its wing span
tsaˀdegayaˀdagwę:ni:yoˀ,equality
tsaˀdegaǫhyahęh,right at noon
tsaˀdegyadǫdadrehk,week before last
tsaˀdegyadǫdai: tsaˀdegyadǫdadeˀ,during the week
tsaˀdehanę:tse:shǫˀ,his arm span
tsaˀdehawa:ye:s,his wing span
tsaˀdewahsę:nǫh,"half, middle"
tsaˀdewahsǫ:tęh,at midnight; (literally: in the middle of the night)
tsaˀdewęhnihsrahęh,half a day
tsaˀdewęhniˀdahęh,middle of the month
tsaˀdeyahsyadeˀ,"they come from (literally: it comes from) the same line, family"
tsaˀdeyohshe:dęh,it is the same number (of)
tsaˀdeyohsę:nǫˀ,"half, middle"
tsaˀdeyohsę:nǫˀ nigahnahnǫh,it is half full of gas 
tsaˀdeyohsę:nǫˀ niyodǫgohdǫh,it is half-past the hour
tsaˀdeyoshahsdęhsraˀ,of equal strength or power
tsaˀdeyoyęhsrage:,they are (literally: it is) two of the same kind of blanket
tsaˀdwaht,abrupt
tsaˀdwahtge:,abruptly
tsaˀdę:ya:węh,they will be the same
tsaˀdęhsyę:ˀ,"you will put, lay them side by side"
tsaˀga:yę:daˀ,when it became
tsaˀganǫˀa:t,they deserve each other; (literally: it is the same kind of head)
tsaˀgaˀdrehda:t,the same kind of car
tsaˀgeht,I did it on purpose
tsaˀgę:daˀ,common reed; corn tassel
tsaˀhawayę:nę:daˀ,what he finished or completed
tsaˀhaǫhwęja:da:t,when he made the earth
tsaˀho:ya:t,he can't help himself; it's become a habit with him
tsaˀhǫhwęja:da:t,when he made the earth
tsaˀo:ya:t,it has always been that way; nature
tsaˀsadǫnhe:t,when you became alive
tsaˀseht,you did it on purpose; premeditated; in spite
tsaˀǫnihsheˀ,a long time; for that length of time
tseyahsǫnyǫh,you are going along calling someone's name; you call someone's name all the time
tseyę:,you resemble
tsigadehgwideh,last spring
tsigaǫhyahęh,at noon (past)
tsigehtaˀ,I do it on purpose all the time
tsigohsreh,winter past
tsihagęhjih,when he was an old man
tsihsa:ne:yǫhs,when you are healing
tsiknigǫhaˀk,when I used to wait
tsinyohgwak,wild walnut
tsisedehjih,earlier this morning
tsiwagadeˀgwęhęgyeˀs,I used to run away all the time
tsiwagehdǫh,I did it on purpose
tsiwehdǫh,it was planned on purpose
tsiyeksaˀda:se:,when she was a teenager
tsiyeksaˀda:se:ˀah,former teenage girl
tsiyohwęja:gwe:gǫh,all over the earth
tsiyohwęja:gwe:gǫh wadri:yo:,world war; lit: there is fighting all over the world
tsiyǫgwakseˀdaihah,when we all were young tender bellies (i.e. nine - thirteen-ish)
tsohetsogwahs,it tricks him all the time
tsę haˀa:węh,how it happened over there
tsę naˀa:węh,how it happened
tsę:!,exclamation (pronunciation: æ)
tsęh,"of, because, how, that"
tsęh dwagehnǫhso:t,where I dwell; (literally: where my house is)
tsęh hǫ heyodokdaˀǫh,the edge
tsęh hǫ:weh gyǫgwehdahgǫh,our belief; religion
tsęh nadegyadǫdai:,during the week (literally: between the two Sundays)
tsęh niga:dę:s,"volume, density; how thick it is; mass"
tsęh nigaha:ˀ,all that is included
tsęh nigaˀshahsdeˀ,exponents
tsęh nihǫnhoˀdę:,character
tsęh nisaˀnigǫhoˀdęˀ,"your attitude, mood"
tsęh nisihnodę:,your skin type
tsęh nisǫ:nhi:s,your life expectancy
tsęh nitgˀadrehda:deˀ,the height of the car
tsęh niyo:sdeˀ,"mass; (literally: how much it weighs, how heavy it is)"
tsęh niyoga:ˀ,"equity, capital, value, worth"
tsęh niyogǫtra:sdeˀ,"weight, pounds, poundage"
tsęh niyohdǫhǫgyeˀ shęh hǫhwęjadadǫh,environment
tsęh niyohdǫˀs,descriptions
tsęh niyoyaˀdǫh,a direction
tsęh niyǫgwagyahsǫh,what we have done
tsęh niyǫgwaihoˀdę,our ways
tsęh niyǫgwaihoˀdę:,"our ways, our beliefs"
tsęh sǫnhe:gyeˀs,your spirit
tsęh tgiˀdrǫˀ,"where I live, reside"
tsęh ǫ:weh,it is really
tsęnǫhwehstaˀ,your (plural) bedroom
tsǫ:,that is all; just; only
tsǫ: nigęhne:sˀah,just a short length of cloth
tsǫ: niwatǫnaˀde:s,they are (literally: it is) just short spuds; they are short people
tsǫgwa:wi:,what he has given us (i.e. rights)
tsǫˀnehs,"you subtract, take away all the time"
twę:twę:t,duck
twę:twę:t dewatęhę:dǫˀ hadiˀdrǫtaˀ,duck pen
twętwętgeha:ˀ,Duck Dance
tę dega:wę:na:t,voiceless syllable
tę dega:yęˀ,there is not any
tęda:ge:ˀ,he is lying over there
tęhayęto:ˀah,"he will just plant it any old way or place, helter-skelter"
tęhsadodahsiˀ,you will appear unintentionally
tęnadręnaihaˀ,they (male) are praying
tęnatahahkwaˀ,"they (male) are travellers, shape-shifters"
tęnatnahsgǫ:nih,they (male) are teasing the animal
tęnedahkwaˀ,where they (male) come from 
tęwadadǫ:niˀ,it will emerge or appear unintentionally; it will do it by itself
tęˀ,no
tęˀ dagogeˀo:t,she has no hair
tęˀ daǫ,it will never happen
tęˀ daǫ:,it will never happen; definitely not
tęˀ dedo:gęhs,"no, it is not right"
tęˀ dega:dę:s,it is not thick
tęˀ dega:nǫ:ˀ,it is not costly
tęˀ degahshahsdeˀ,"no, it is not strong"
tęˀ dege:gęh,I did not see it
tęˀ degehnǫhweˀs,I do not like it
tęˀ degę:hęh,not too many
tęˀ dehayętwahs,he is not a planter
tęˀ dehoyętwęh,he did not plant
tęˀ dehoˀnihshęˀ,he has no father (description of the Peacemaker)
tęˀ dehswa:gęh,you all did not see it
tęˀ dejo:drę:no:t,it is not singing again
tęˀ dekˀnigǫha:,I am not expecting
tęˀ desadagaideˀ,you feel sick
tęˀ detga:yeiˀ,"it is bad, false, wrong"
tęˀ detga:yi:ˀ,"it is bad, false, wrong"
tęˀ dewa:ge:gęh,it did not see me
tęˀ dewa:gyęˀ,it is not mine; I do not have
tęˀ dewa:kni:nǫh dęˀ deˀa:kni:nǫh,I did not buy it
tęˀ deyagogeˀe:s,she does not have long hair
tęˀ deyǫtwaji:yǫ:nih,she is barren
tęˀ deˀakˀnigǫhaędaˀs,I do not understand
tęˀ dˀehogeˀo:t,he has no hair; he is bald
tęˀ dˀehoˀnigǫhaędaˀs,he does not understand
tęˀ dˀewadadehsęnaędi:,it does not know its name; she does not know her name
tęˀ dˀeyǫ:s,it is not long
tęˀ gaˀ toh,nowhere; anywhere
tęˀ giˀ daǫ:,"No, it will not happen; definitely not"
tęˀ giˀ hne:ˀ,not really
tęˀ giˀ ni:ˀ,"no, not me"
tęˀ gwahs ǫ:weh,not really
tęˀ gęh,no?
tęˀ hne:ˀ,not that
tęˀ hwę:dǫh,never; not ever
tęˀ nigęˀǫh,isn't it
tęˀ seˀ,not really
tęˀ sgahoˀdęˀ,nothing
tęˀ ta:gatgahtoh,I should not or will not look at it
tęˀ ta:ge:gęh,I will not or should not see it
tęˀ ta:kni:nǫh,I should not or will not buy it
tęˀ ta:wa:dǫh a:sejaodęˀ,No Smoking
tęˀ taeswa:gęh te:swa:gęh,you all should not (etc.) see it 
tęˀ tahayętoh,he will not plant
tęˀ taˀdehawehdǫ:,he did not mean it
tęˀ te:sagaę:,you are not willing
tęˀ teˀsnigǫhayei:ˀ,you are crazy (comical); you lose control of your mind
tęˀ to deˀa:ge:,I am not going (no glottal stop)
tęˀ tǫ ne:ˀ,not really
tǫ: hwaˀ,that one
tǫ: hǫ: ga:yęˀ,where it is; it is lying
tǫda:kdǫ:,blackcaps
tǫdaęht,Snowshoe rabbit
tǫwa:na:wi:,he has given them rights
wa:dǫh,it is said
wada:ta:ˀ,a snob
wadadedreˀs degahgwataˀ,crane (hoisting machine)
wadadedreˀs gagahoˀji:yaˀs,riding lawn mower
wadadedreˀs gaya:ˀdǫ:nihs,backhoe
wadadrihǫnyani:,reading material (literally: it has been read)
wadadwę:ni:yoˀ,wild animal
wadadwę:ni:yoˀ so:wa:s,"wild dog, stray dog"
wadagyˀada:ˀs,it is bold; a snob; she (literally: it) has a high opinion of herself; she (literally: it) is boastful
wadahnyǫhsǫ:t,baked squash
wadahsgwaga:da:s,lift bridge
wadahsgwage:tsgwahs,lift bridge
wadahyataˀdǫh,dried fruit
wadahǫdohaˀ,it is asking; the questioner
wadahǫhdohai:ˀ,it is washing its ears
wadaihaˀtaˀ,it heats things up
wadatgehǫhaˀ,she (literally: it) is a prostitute
wadatgowa:nęh,"it is rash, unwise, self-important, egotistical"
wadatgǫnyǫhstaˀ,she (literally: it) is stuck up
wadatnigǫha:ˀ,"it is wary, cautious"
wadawihǫˀ,presents
wadaˀgrahtaˀ,it resurfaces continually
wadaˀkędahs,ladies' fern
wadaˀyatgehǫhaˀ,a prostitute; (literally: it sells its private parts)
wadehshęˀ,it made its nest
wadehsǫ:nih,it makes a nest
wadeteˀtrahtaˀ,it powders itself
wadewayęhsdǫ:ˀ,the process of learning
wadewaǫda:s,air is put in it
wadewaǫda:s dewadiyǫtaˀ,balloon
wadeˀdreˀs,a drag; a car (old word); (literally: it is dragging itself)
wadeˀdreˀs degahehdahihtaˀ,drag harrows
wadeˀdǫhneˀ,pregnant animal
wadeˀnhehsodahkwaˀ,a harness (for an animal)
wadeˀnyędęhsdǫh,the act of measuring
wadeˀsgǫ:t,"it is roasting, frying"
wadeˀsgǫ:t oˀwahǫh,fried meat
wadihǫh,it is leaning against something
wado:wa:s,it is hunting
wadonyahnǫh,it is nervous
wadra:tsǫhs,it gets torn all the time
wadragwaęˀ,it is limp
wadrahkwaˀ,a container
wadraˀswi:yo:,good luck
wadri:yo:,"war, fight"
wadrihoˀda:s,"it works, it is a worker"
wadrihwagyaǫ:s,accidents (continuous)
wadrihwahsrǫ:ni:,peace; to make peace with someone
wadręnaehnęˀ,a praying mantis
wadręnaehnęˀ ojinǫ:waˀ,a praying mantis
wadręnotaˀ,"stereo, radio"
wadwahǫ:daˀk,it was roasted meat
wadwahǫ:t,it is roasting (on a spit)
wadwiyǫgyǫ:,abandoned child
wadwęnaga:da:s ohyadǫhsrǫ:dǫˀ,dictionary
wadęhi:ˀ ,it is stacked
wadęhi:ˀ oyę:daˀ ,cord of wood
wadęhsǫˀ,roasted white corn
wadęhsǫˀ ojihgwaˀ,roasted corn mush
wadęhsǫˀ onęhę:ˀ,roasted white corn
wadęhę:da:gyeˀ,the fence is continuing
wadęhę:kˀah,alongside of the fence
wadęhęde,fence
wadęnhaˀǫh,"it is chartered, hired"
wadęnohsgwaˀtroˀ,a window
wadęnyehdǫh,it is sent
wadęnǫhsawetahǫh,partition
wadęˀhęgǫ:,in the yard
wadęˀnyo:t,"a celebration, party"
wadǫ:nyeˀs,it is breathing; the pumping action of the gill
wadǫ:twahs,what it burns (in the way of fuel)
wadǫda:taˀ,it contains something; a container
wadǫgohtaˀ,it passes by
wadǫgwedanehgwih,taxi
wadǫhnetso:t,"stairs, ladder"
wadǫhnǫnyǫˀ,what the song says; it says something; a song that speaks
wadǫhwidaˀtrani:yǫ:t,swing
wadǫnyedahkwaˀ,gill
wadǫnyetaˀ,how it breathes; its a breather; the gill
wagyaˀdawiˀtri:ˀ,enough material for a full dress
wagyaˀdohai:,it is bathing (i.e. a bird)
wagye:sęh,it is easy
wagyenawahdǫh,a reserved or booked venue
wagyesahsdǫh,"sales, bargains"
wagyǫ:,something thrown away; discards
wahdęˀgwahs,it swells up
wahdǫhs,it disappears
wahe:tgęˀ gadahgwahs,spring tonic for males
wahetgęh,evil (in mind); bad
wahgwęnyataˀtaˀ,clothes dryer
wahsahǫh,"it is dyed, coloured"
wahsdehstaˀ,it is evaporating; it evaporates
wahsgohǫh,a bridge
wahsgwagaęheˀ,slanted roof
wahshę naˀdewˀęnya:wˀe:,thousand
wahshę:,ten
wahshę:gwęnihs,a dime
wahsiˀdagę:t,white foot
wahsiˀdǫ:t,hoof
wahsohǫ:t,it is dyed
wahsta:haˀ,it is crying
wahstwahdahnǫh,it goes around shrinking; its a shrinker
wahstwahs,it shrinks
wahstwahtaˀ,it shrinks (i.e. wool)
wahsǫdǫ:ni:,the night is marked (i.e. a time has been designated)
wahya:gwęh,picked fruit
wahyagehǫˀ,fruit lying around on the ground
wahyais,a musk melon; a cantaloupe; (literally: fruit is beginning to ripen)
wahyaniyǫ:taˀ,hanging fruit
wahyayętwęh,orchard; berry field
wahyaˀ,it is fruit
wahyaˀ niyǫ:taˀ,different or variety of hanging fruits
wahyoˀ,"cooked fruit, stewed fruit"
wahǫhdageh,on its ear
wajohai:,it is washing its hands
wakyędahkowanęh,big chair
wakyędahkwe:sǫˀs,"benches, pews"
wata:da:s,it rises up
watahineˀ,it is walking
watehgyaˀs,it (ground) is eroding
watgahadǫhs,it rolls
watgahadǫhs degahehdahihtaˀ,rototiller
watgahadǫhs degayęgyaˀs,chainsaw
watgaot,"a debt, a price"
watgaę:dahgwęh,an item that has been pawned
watgaę:dahkwaˀ,an item that has been pawned
watgehǫˀ,sales
watgęihstaˀ,it is portable
watgǫhsgwaˀtroˀ,window pane
watgǫhsohai:,it is washing its face
watnadinyǫ:dǫh,it has moved in
watnahsgǫ:ni:,it has been made into a pet
watnawi:neˀ,flowing liquid
watnegǫhda:s,water receptacle; it holds liquid
watnegǫhda:s deganǫnyaę:hęˀ,anti-freeze
watnoˀjohai:,it is brushing its teeth
watnęhęsdǫ:t,whole corn roasted on an open fire
watnǫˀaohai:,it is washing its head
watohgwaǫnyǫˀ,planting hills (already made)
watohgǫ:ni:ˀ,it is made into a bundle
watohgǫnyahnǫˀ,bundles
watsahniht,it works diligently 
watsihsdęhsrǫ:nih,Multiple Sclerosis
watsǫ:nyǫ:s,omen
watwihsdǫ:ni:,profit
watwihsdǫnyaˀdǫh,"profit, investment"
watę:do:wih,scarecrow
watęhdaę:hęˀ,it is shedding fur
watęhdaę:taˀ,it is shedding fur
watǫgai:s,it stiffens up all the time
watǫgai:staˀ,starch
watǫnˀadǫ:t,baked potatoes
watǫwaę:dahkwaˀgeh,a dock
waˀ,just now
waˀ gyęh,Listen! Excuse me! (exclamation to get someone's attention)
waˀ jih hya:ˀ,"wait a minute, a while; wait!"
waˀ ne:ˀ,today; now
waˀheh,just now
waˀheh tsǫ:,just now
waˀhehge:haˀ,"finally, at long last"
waˀji:hah,"presently, a little later, after a bit; after a while; afterwards; later"
waˀjih,after a while; wait
waˀjih tsǫ:,"soon, in a while, pretty soon"
waˀjihkę:ˀ,"almost, just about"
waˀjihkę:ˀ gyę:ˀ,almost; just about
waˀne:ˀ,"today, now"
waˀswahdǫh,it is extinguished
waˀę:no:dǫˀ,"saplings, young trees"
waˀęnoti:yǫˀ,Sharpened Stick Dance
waˀęnˀae:ˀ,Little Horses Dance
wę:do:ˀ,it is difficult
wę:sęhtwęh,a kick
wę:sętwahs,football (medicine game)
węda:jihs,dusk; twilight
węhnihsrade:nyoˀ,"every day, many days"
węhnihsradeˀ,this day
węhnihsragehka:ˀ,day usage
węhnihsragwe:gǫh,all day
węhnihsri:yo:,nice day
węhniˀdade:nyǫˀ,months
węnihsgaǫ:dǫˀ,wheels
węnihsgaǫ:dǫˀ adoˀji:naˀ,roller skates or roller blades
węnihsgaǫ:dǫˀ dehęnadoˀjinehtaˀ,they (male) are roller skating or roller blading
węnihsrǫˀ,"shelves, shelving"
węnitsgwahsra:ni:yǫ:t,jolly jumper
węnǫwaęhęˀ,it sinks (all the time)
węˀnho:tre:s,football (literally: long ball)
węˀnihsga:niyǫt,hanging hoop
węˀnihsga:ˀ,"circle, hoop, wheel"
węˀnihsgaę:ˀ,hoop (laying down)
węˀnihsgaǫ:ni:,hoop
yagwanętso:t,we all (exclusive) have an arm
yahgęhdaˀ,"morel, black type of mushroom"
yahso:t,"grandparent, grandchild (term of endearment)"
yakninętso:t,we two (exclusive) have an arm
Ędwadǫwe:sǫ:ˀ,We Will Rejoice Together (dance used in False Face ceremony)
Ęeaęer's Corner ho:nǫˀ,people who live near Beaver's Corner
Ęhadinǫhsohaiˀ,they (male) (the False Faces) will wash the house (for medicinal purposes); a ceremony during which the False Faces go from house to house
Ęhadiyaǫdataˀt,Drying Up the Trees Ceremony (ceremony done at the ending of the maple sap run)
Ęhęnadehsaheˀdaohe:k,Green Bean Ceremony (literally: they (male) gather the green beans)
Ęsganye:ˀ,Women's Dance
Ęshagodiwęnǫ:goht ahsǫhehka:ˀ ęhniˀda:gyeˀs,Moon Ceremony (literally: uplifting the stature of the moon)
ę tsǫ: itseˀ,you are wandering (right now)
ę tsǫ: itseˀs,you wander (all the time); you are over there
ę tsǫh ętseˀ,you will wander
ę: nahaha:dih,on the other side of the road
ę: nˀaganǫhsa:dih ,on the other side of the house
ę:deh,daylight; day
ę:ge:k,I will eat
ę:gǫˀ,I will give it to it
ę:sętwahs,a football game
ę:yehs,she will use something
ę:yonohdǫnyohǫk,they (animal) will be experiencing in thought or to feel good (depending on context)
ę:ˀ,Isn't it so? Yes? (question marker; asking for confirmation)
ędehka:ˀ,day kind (things used only during the day)
ędehsraˀ,sexual arousal
ędihsahsiˀgyaˀk,"you will stumble, stub your toe"
ędisanaˀgyę:ˀ,"it will mock, imitate you"
ędisaˀnigǫhi:yohs,your mind will become satisfied
ędwa:gęis,we all (inclusive) will postpone
ędwa:tro:wiˀ,we all (inclusive) will tell
ędwa:yǫˀ,I/we will give you all/it; we all will arrive
ędwadekǫ:niˀ,we all (inclusive) will eat
ędwadewayęnǫ:niˀ,we all (inclusive) will do it carefully or we all will do right
ędwadrihwahsˀa:ˀ,we all (inclusive) will plan something
ędwadrohe:k,we all (inclusive) will gather together
ędwadǫtga:dǫ:,we all (inclusive) will have a good time or enjoy ourselves
ędwagyadahni:ya:t,we all will be strong in body
ędwahaˀdanawęˀ,we all (inclusive) will quench our thirst; (used to mean 'we all will eat together' in Ganphlnylhk
ędwahshe:t,we all (inclusive) will count
ędwahsę:nǫˀ,we all (inclusive) will give it a name
ędwanawęˀaohe:k,Gathering of the Sugar Ceremony (done during Drying Up the Trees)
ędwashe:dǫh,"will all (inclusive) give a number, we all will number"
ędwathnegęˀgoˀ,it will be high tide
ędwathnigǫhahni:ya:t,we will make our mind strong
ędwayadǫ:niˀ,we all (inclusive) will build a track (as for snowsnake)
ędwayę:ˀ,"we all (inclusive) will set forth, we all will set down"
ędwaęnagada:t,we all (inclusive) will raise the song
ędwaęnage:tsgoˀ,we all (inclusive) will raise the song
ędwaǫdiˀdre:ˀ,we all (inclusive) will drag the log
ędwe:he:k,we all (inclusive) will in thought
ędwe:ˀ,we will go together
ędwęnˀewa:dęˀ,we all (inclusive) will startle it
ędwęˀnigǫho:dęˀ,we all (inclusive) will come up with an idea (i.e. plan)
ędyagodiˀdre:ˀ,they (female or mixed group) will come by vehicle
ędyagohsa:dęˀ,she will come by horseback
ędyagwahsa:węˀ,we all (exclusive) will begin or start
ędędahkwaˀ,brush
ęga:de:gaˀt,I will start a fire
ęga:dę:naˀt,I will take a lunch
ęga:goˀ,"sum, total"
ęga:gwe:niˀ,it can be; that is enough
ęga:gęˀ,it will see
ęga:gǫˀ,they (female or mixed group) will give it
ęga:ke:yǫˀ,I will give them
ęga:kwę:daˀ,it is going to finish eating
ęga:she:yǫˀ,you will give them
ęga:snęht,"I will get off, dismount"
ęga:tgęh,I will get up
ęga:tǫ:wi:s,I will sing seed songs
ęgadahseht,I will hide
ęgadehorsnęht,I will get off a horse (humorous)
ęgadehęh,I will be embarrassed
ęgadejiˀohgyak,I am going to cut my nails
ęgadejęhǫ:niˀ,I will start a fire (old word)
ęgadeteˀtra:,I am going to powder myself
ęgadeˀdaǫ:niˀ,I am going to get muddy
ęgadotga:dǫˀ,I will have a good time
ęgadwiya:nǫ:ˀ,I will babysit
ęgae:gwe:niˀ,they (female or mixed group) can do it or are able to do it
ęgae:yǫhǫ:ˀ,they (female or mixed group) will arrive
ęgaeda:graˀ,they (female or mixed group) will fall down
ęgaegęˀ,they (female or mixed group) will see it
ęgaesa:yǫˀ,they will give you
ęgaesęneˀwa:dęˀ,they will startle you (singular)
ęgaeˀa:ksǫ:ˀ,machine gun (literally: it shoots repetitively)
ęgagyǫsehaˀ,I am going to go and visit
ęgahaˀdana:węˀ,"it will quench its thirst, wet its throat"
ęgahjohai:,I am going to wash my hands
ęgahnegowanęˀse:k,there will be big bodies of waters
ęgahsaheˀdǫ:dęˀ,beans will sprout
ęgahsdaę:ˀ,I will cry
ęgahseht,I will hide something
ęgahsgane:k,I will long for something
ęgahyagoˀ,I will or might pick fruit
ęgahyagwahse:k,I will be a fruit picker
ęgaihwaędahk,it will become someone's responsibility
ęgakeyęneˀwa:dęˀ,I/we dual will startle them
ęgakyadǫ:ˀ,I will have a reading or I will have my fortune told
ęgakyadǫhnaˀ,I am going to go and have a reading
ęganyadai:nyǫk,there will be lakes
ęganǫnheˀ,it will fill up
ęganǫnyaę,it will freeze
ęgashenhaˀ,"you will command, hire them"
ęgasheyaˀdriyohsdęˀ,you will make them fight 
ęgasheyęneˀwa:dęˀ,you will startle them
ęgatgǫdrahk,"I will sleep on it, consider it"
ęgatgǫhsohai:,I am going to wash my face
ęgatnoˀjohai:ˀ,I am going to brush or wash my teeth
ęgatnǫhda:ˀ,"I will embark, get in something"
ęgatnǫhdahgoˀ,"I will disembark, get out of a vehicle"
ęgatnǫhga:ˀ,I am going to cut my hair
ęgatnǫˀaohai:ˀ,I am going to wash my head
ęgatrǫnyahnaˀ,I will go and tell
ęgatrǫnyahsiˀ,I will undress
ęgatsadǫ:ˀ,I will bury something over there
ęgatǫ:da:t,I will consent
ęgaǫ:da:wę:ˀ,they (female or mixed group) are going to swim
ęgaǫ:de:kǫ:niˀ,they (female or mixed group) are going to eat
ęgaǫ:dehsgyǫwa:ta:t,they (female or mixed group) will lose weight
ęgaǫ:dowihshę:ˀ,they (female or mixed group) are going to rest
ęgaǫ:drihoˀda:t,they (female or mixed group) are going to work
ęgaǫ:gidagrahdęˀ,"they are going to trip me, make me fall"
ęgaǫ:nitsgodǫ:nyǫ:ˀ,they (female or mixed group) will do sit ups
ęgaǫda:dǫˀ,they (female or mixed group) will give her/them
ęgaǫdadęneˀwa:dęˀ,they (female) will startle her/them (female)
ęgaǫdahgahsdǫ:,"they (female or mixed group) will endure; used in the sense of: ""go and cook in the cookhouse!"""
ęgaǫgęneˀwa:dęˀ,they will startle me
ęgaǫgǫˀ,they will give me
ęgaǫhǫ:k,they (female or mixed group) will understand a language
ęgaǫneˀwa:dęˀ,they (female or mixed group) will startle it
ęgaǫnihsgyageˀ,they (female or mixed group) will urinate
ęgaǫtǫ:wi:s,they (female or mixed group) will sing the seed songs; (also used as lullabies)
ęgaˀnihkǫ:k,it will be sewn
ęge:gęˀ,I will see
ęge:nho:dǫ:ˀ,I will lock it
ęgega:gwe:niˀ,I will afford it
ęgehsadǫ:ˀ,I will bury it (an animal)
ęgehtaęˀ,I will talk
ęgejiho:dęˀ,I will close it
ęgekwanǫ:t,I will feed it
ęgenhoha:,I will close the door
ęgeteˀt,I will pound
ęgihe:ˀ,I will die
ęgihsa:k,I will seek or look for it
ęgihęde:nyǫk,"there will be streams, rivers"
ęgiˀdrǫ:daˀk,"I will be at home, I will stay at home"
ęgoda:,I will drape it
ęgra:ge:ˀ,I will erase or wipe it
ęgrihwahni:ya:t,"I will affirm it, agree, defend it"
ęgrihwane:ˀa:k,I will sin
ęgrǫhyagęˀ,I will be in pain; I will labour
ęgwa:kdǫ:ˀ,I will test you all
ęgwa:yǫˀ,I will give you all; we all will give you
ęgwadęnaˀtranǫ:t,we will give you food
ęgya:gęˀ,I will go out
ęgya:naˀt,I will mark something
ęgyadekǫ:niˀ,we two (inclusive) will eat
ęgye:na:ˀ,"I will accept it, catch it"
ęgyoˀga:hah,it will be early night
ęgyę:de:ˀ,I will recognize it
ęgyǫnyahęh,it will boil
ęgęhsę:toˀ,I will kick it
ęgęnadahseht,they (animal) will hide
ęgęnadeˀgoˀ,they (animal) will flee or run away
ęgęnadi:nyǫˀ,I will be moving into a dwelling
ęgęnida:ge:ˀ,I will wipe myself clean of fecal matter
ęgęnęneˀwa:dęˀ,they (animal) will startle it
ęgęnǫˀ,they (animal) will give it
ęgęnˀewa:dęˀ,I will startle it
ęgǫ:niˀ,"I will make, earn it"
ęgǫ:yǫˀ,I will give you
ęgǫhǫgaǫˀ,"I will invite, request you"
ęgǫhǫhwaˀs,you will wait for me
ęgǫihwęhdęˀ,I will give you a significant message
ęgǫneˀwa:dęˀ,I will startle you
ęgǫyatgaędahgwęˀ,I will pawn to you
ęgǫyatgǫˀtra:s,I will bewitch you
ęgǫyatgǫˀtra:ˀ,I will bewitch you
ęgǫyena:waˀs,I will help you
ęha:do:wa:t,he will hunt
ęha:dǫ:goht,he will go past
ęha:gwe:niˀ,he can do it
ęha:gǫˀ,he will give me
ęhadageho:dęˀ,he will get an erection
ęhadawę:ˀ,he will swim
ęhadeteˀtra:,he is going to powder himself
ęhadinehwi:yaˀk,they (male) will circumcise it; (literally: they (male) will cut off skin)
ęhadiˀnigǫhda:nyo:ˀ,Condolence Ceremony; they (male) will console
ęhadrihwahsdihs,he will take care of the event
ęhadrǫhyaˀdahk,he will balk at the suggestion
ęhagyaˀdęˀgoˀ,his body will swell up
ęhagyˀado:dęˀ,"he will stand his body up, walk on his hands"
ęhagęnˀewahdęˀ,he will startle me
ęhahahsęhę:k,he will be a counsellor
ęhahawihsǫ:ˀ,he will carry something around
ęhahdo:,he will dive
ęhahs,he will use it
ęhahę:t,he will lead
ęhahęˀ,he will place it on something
ęhaihwanhodǫ:goˀ,he will open the gathering
ęhasdi:s,he is (will be) chosen to look after the event or ceremony
ęhatehnahtgehda:t,he will carry a large load or bundle; he will carry a message
ęhatgowaˀdǫniˀ,he will tan the hide
ęhayętwa:goˀ,he will harvest
ęhaęnaganyeˀ,he will trill the song
ęhdahkwaˀ,path; hallway; (literally: where they walk)
ęhe:hsǫˀ,you will give him
ęhe:yǫˀ,I will give him
ęhehnǫnyęˀ,"I will put a load on him, put a bundle on him"
ęhehsnǫdręˀ,you will follow him
ęhehsrehnagehda:t,you will put the bundle (load or message) on him
ęhehsrihwawaˀs,you will back up his ideas
ęhehswaˀne:dęˀ,I will back him up
ęhehsęneˀwa:dęˀ,you will startle him
ęhesyaˀdahdrǫ:gǫˀ,you will caress him
ęheyęneˀwa:dęˀ,I will startle him
ęhgahshehe:waht,you will punish them
ęhkniyena:wahs,I will help you two
ęhniˀda:gyeˀs,phases of the moon
ęhniˀda:ˀ,"a month, a moon"
ęhniˀdase:ˀ,it is a new month
ęhniˀdase:ˀ sagahgwa:ˀ,new moon
ęhnyahsga:ˀ,button
ęho:dǫˀs,it will be for his benefit 
ęho:yǫ:diˀ,he will smile
ęho:yǫˀ,it will give him
ęhodi:yǫˀ,it will give them (male) 
ęhohdogaˀdǫhǫ:gyeˀ,he will be growing along
ęhonęneˀwa:dęˀ,it will startle them (male) 
ęhonˀewa:dęˀ,it will startle him
ęhowanęneˀwa:dęˀ,she or he will startle them; they will startle him; they will startle them
ęhowęneˀwa:dęˀ,she or he will startle him
ęhoˀdaihaˀdǫhǫk,"he will be heating up something, he will be warming something"
ęhya:yǫˀ,he will give you
ęhyanaˀtsaˀe:k,he will spank you
ęhyęneˀwa:dęˀ,he will startle you
ęhę:nǫˀ,they (male) will give it
ęhęnaneˀwa:dęˀ,they (male) startled it
ęhęnatahsrǫdahnaˀ,"they (male) will go jack-lighting, spear-fishing"
ęhęnatohgwaǫnyǫˀ,they (male) will make planting hills
ęhęnatsa:dǫˀ,where will they (male) bury it?
ęhęnitsgodǫnyǫ:ˀ,he will do sit ups
ęhęnodrah,they (male) will sprinkle on something
ęhęnęneˀwa:dęˀ,they (male) will startle it
ęhęnˀewa:dęˀ,he will startle it; he just got startled
ęhęˀ,he will say
ęhęˀ,yes
ęhǫ:wa:nǫˀ,she or he will give them; they will give him; they will give them
ęhǫ:wa:yǫˀ,she or he will give him
ęhǫwadi:gęˀ,they will see him
ęhǫwadi:ye:na:ˀ,"they will arrest , catch him, them (male)"
ęhǫwadi:yǫˀ,"they or she or he will give him, them (male)"
ęhǫwadihehnǫnyęˀ,they will make him a load or bundle to carry; they will send him with a message
ęhǫwadihsadǫ:ˀ,"they will bury him, them (male)"
ęhǫwadihwaˀehsdęˀ,"they will unravel his message, demand an audience from him"
ęhǫwadinǫhda:,there will be a funeral for him; (literally: they will put him in)
ęhǫwadiwanǫ:goht ędehgeha:ˀ ga:gwa:ˀ,Sun Ceremony
ęhǫwanęneˀwa:dęˀ,they will startle him; she or he will startle them 
ęhǫwaˀsgwa:dahgoˀ,"they will geld, neuter, fix him; (literally: they will remove his testicles)"
ęhǫˀ,he will give it
ęjadrihwahseht,you two will have a secret
ęjadrihwahsrǫ:niˀ,you two will come to an agreement
ęjadrihwahsˀa:ˀ,"you two will plan, make a plan"
ęje:kse:k,she can (literally: will) eat it (again)
ęjidwanaˀda:k,we all (inclusive) will snack; (literally: we all (inclusive) will eat bread)
ęjidwanaˀdaiksǫ:ˀ,we all (inclusive) will snack; (literally: we all (inclusive) will bite the bread)
ęjidwatro:wiˀ,we all (inclusive) will tell about it again
ęjihswadahǫhsi:yohs,you all will listen again
ęjijadrihwahsrǫ:niˀ,you two will reconcile
ęjisadekǫnihagyeˀ,you can (literally: will) eat while you are going along
ęjisahstǫ:wi:s,you will rehurt yourself
ęjisajęˀt,it will cure you again
ęjisane:yǫ:ˀ,it will heal you
ęjisatganyˀagęˀ,"you will be reimbursed, refunded"
ęjǫˀ,you all will give it something
ękaˀdana:węˀ,"I will quench my thirst, wet my throat"
ęke:yǫˀ,I will give her
ękehǫda:yęht,I will whip her
ękekdohnaˀ,I am going to see her
ękeyęneˀwa:dęˀ,I will startle her
ękeyˀada:ˀ,I will rely on her
ęknegagriˀtrǫ:niˀ,I will make soup
ęknegehaˀ,I will drink it
ęknigǫhagahe:ˀ,I will be mentally exhausted
ęknigǫhaˀk,"I will expect it, be watching out for something"
ęknę:tsi:neˀ,"I will pull it by the arm, lead it by the arm"
ęknęhgwiˀ,"I will carry, move, tote it"
ęknęnˀewa:dęˀ,we two (inclusive) will startle it
ęknǫ:t,I will give it something to eat
ęknǫwa:k,I will crave something
ęknǫˀ,I/we two will give you two/it
ękre:ˀ,I will cut it
ękręˀ,I will place it into something
ękwihsdanihaˀ,I will borrow money
ękya:dǫ:ˀ,I will write
ękǫˀjihneˀ,I am going to get dark
ękˀnǫhsayę:toˀ,I will plant onions
ęnaganyada:dih,the other side of the lake
ęnhodǫgwahtaˀ,key
ęnihsga:ˀ,"wheel, circle, hoop"
ęsa:diˀ,"you will get rid of something, abandon it, throw it out"
ęsa:dǫ:gwe:,you will become healthy again
ęsa:dǫˀ,"you will present, offer something; you will become something"
ęsa:gye:saht,you will waste
ęsa:nhiˀk,"you will err, make a mistake"
ęsa:nyoˀ,something will kill you
ęsa:nǫ:ˀ,you will fail
ęsa:sdi:s,you will pay attention
ęsa:snęht,you will get down (off of something)
ęsa:tge:t,you will scratch (yourself)
ęsa:tgwe:niˀ,you will win a competition
ęsa:thne:yǫ:ˀ,you will heal yourself (with medicinal ointments)
ęsa:tre:waht,you will be punished
ęsa:tǫ:dęh,you will hear it
ęsa:wa:k,"you will winnow, shake out, sift something"
ęsa:wę:naˀt,you will give up
ęsa:yǫˀ,it will give you 
ęsadadahdrǫhgwęˀ,you will scare yourself
ęsadadehkwanǫ:t,you will serve yourself a meal
ęsadadra:gwahs,you will choose for yourself
ęsadadrihwagwe:nyęˀs,you will achieve
ęsadadrohe:gęˀ,"you will accumulate (things, ideas, etc.) for yourself"
ęsadagye:na:ˀ,you will wrestle 
ęsadahga:sdǫˀ,"you will tough it out, endure"
ęsadahǫ:dǫˀ,you will ask
ęsadahǫhsiyohsta:k,"you will listen, obey"
ęsadehsrǫ:niˀ onęh ęsę:daˀ,get ready to go to bed
ęsadehsrǫnihsˀǫhǫ:k,you will be ready
ęsadehęh,you will become embarrassed or ashamed
ęsadejęhęne:dahk,you will prepare your fire
ęsadekǫnige:,you will feast
ęsadenyaˀgwaht,you will make yourself vomit
ęsadenyę:dęˀ,you will try
ęsadetsaˀt,"you will struggle, squirm to get loose, revolt"
ęsadetsęs,"you will be a glutton; you will gobble, gorge yourself"
ęsadewa:yę:s,you will learn
ęsadeˀgoˀ,"you will flee, run away"
ęsadeˀsgǫ:dęˀ,you will roast
ęsadonyahnǫ:ˀ,you will make yourself move
ęsadoˀne:k,you will move away
ęsadrihwa:do:gęs,you will right a wrong
ęsadrihwatgahǫ:ˀ,"you will oversee, supervise"
ęsadręnatǫda:taˀ,you will go listen to the songs (said as an invitation)
ęsadrǫ:goˀ,you will keep
ęsadrˀanę:da:k,"you will get close to something, approach it"
ęsadwahataˀt,you will dry out the meat
ęsadwiyaǫgoˀ,you will adopt a baby
ęsadwiyǫ:diˀ,"you will abandon your baby, child"
ęsadwęna:yęht,"you will jeer, jest, throw words at someone"
ęsadęgahnyeˀ,"you will comfort, rock a child; you are babysitting"
ęsadęhǫgaǫˀ,you will invite
ęsadęnhaˀ,"you will order something, hire something"
ęsadęni:dęht,you will plead
ęsadęnigǫhaˀdęˀ,you will betray
ęsadęnihahdęˀ,you will lend
ęsadęnihe:yaˀt,you will play dead (pretend)
ęsadęno:węht,you will deny
ęsadęnǫˀnya:t,you will mourn
ęsadęˀnyo:dęˀ,you will celebrate
ęsadǫgweˀdaǫgoˀ,you will adopt a person
ęsadˀesgoh,you will go into the water
ęsadˀesha:sdǫh,you will use your strength
ęsagahdrahiˀ,you will shed tears
ęsagahdre:dǫ:,you will shed tears
ęsagahdro:dęˀ,you will shed tears
ęsagaę:,"you will allow, give permission"
ęsagyadaˀdih,you will lean against something
ęsagyaˀda:gwe:k,you will get constipated
ęsagyaˀda:wi:t,you will put on (clothes)
ęsagyaˀdaneˀwa:,you will be physically startled
ęsagyena:waht,"you will retain or book a venue; hold onto, cling to something"
ęsagęhęˀdęˀ,you will be disgusted
ęsahdo:gaˀt,you will grow something
ęsahdo:k,you will grow
ęsahdo:ˀ,you will submerge something
ęsahdrǫhgwęˀ,it will frighten you
ęsahdrǫˀk,you will be afraid of something; it will frighten you
ęsahdǫˀ,you will disappear
ęsahdǫˀt,you will lose it
ęsahnyahsgaˀohs,"you will hiccup, hiccough"
ęsahsaˀse:k,you will remember
ęsahsdaę:ˀ,you will cry
ęsahsgane:k,"you will be tempted, you will long for something"
ęsahsgyaǫ:ˀ,you will walk fast! you will encourage
ęsahshę:daˀ,you will step on something
ęsahsoˀka:k,you will limp
ęsahsęs,you will regret
ęsahsętrǫ:niˀ,it will make you fat
ęsahsǫdǫ:niˀ,you will mark the night (i.e. set a time)
ęsahtnegǫ:niˀ,you will ferment something
ęsahyo:ˀ,"you will cook , boil the fruit"
ęsahyohai:ˀ,you will wash fruit
ęsahǫ:k,you will understand (and speak)
ęsahǫgahaˀ,you will be invited or asked to go
ęsaidręhda:ˀ,you will get sleepy
ęsaidręhdi:yohs,you will have a nice sleep
ęsajęhǫhsgwaę:ˀ,you will whisper
ęsanakdi:yohs,you will become physically comfortable; (literally: you'll be comfortable with your bed)
ęsanowagwaǫdęˀ,you will get a rounded back
ęsasdǫ:wiˀ,it will disrupt your physical system
ęsasgyaǫnyǫˀ,you will encourage
ęsasgyęwa:taˀt,it will make you skinny; take you to the bare bones
ęsataha:goˀ,"you will stray, go off the road, turn into your driveway"
ęsatahitˀa:ˀ,you will earn the heavenly road
ęsatahyojihdęht,you will play in the playground
ęsatga:dahgoˀ,"you will hollow out a canoe, a wooden bowl, etc. (take out the chips)"
ęsatgahiyohs,"you will look closely at something, peer at something"
ęsatgaho:ha:t,you will cleanse your eyes with something (i.e. wash death off of you before or after a funeral so nothing will happen to your baby)
ęsatgahę:gęˀ,you will glimpse it
ęsatgahǫ:diˀ,you will roll your eyes (in disgust); you will snub someone
ęsatgahǫ:ˀ,"you will pay attention, keep a close eye on"
ęsatgahǫnyǫˀ,you will flirt; bat your eyes
ęsatgaędahk,what you will pawn
ęsatgehda:t,you will put something around your neck
ęsatgehǫˀ,you will sell
ęsatgwadǫ:,you will zig zag
ęsatgwęnya:de:niˀ,you will change your clothes
ęsatgǫhsohai:ˀ,you will wash your face
ęsatgǫwaˀdǫ:niˀ,you will tan a hide
ęsatiyaˀk,you will hold a grudge
ęsatnadaęˀ,you will inhabit
ęsatnahsgǫ:niˀ,you will get comfortable in bed
ęsatnoˀjohai:ˀ,you will brush your teeth
ęsatnǫda:nhaˀ,you will make yourself guilty
ęsatrenagehda:t,you will put it around your neck
ęsatrǫnyahsiˀ,you will take your clothes off
ęsatrǫnyaˀt,you will wear something
ęsatwihsdaniˀǫhs,you will economize
ęsatwihsdaęˀ,you will economize
ęsatwihsdǫ:niˀ,you will profit
ęsatędǫ:niˀ,you will make your garden
ęsawęnahǫk,"your words will come back on you; you will be revenged, repaid for your words"
ęsawęnogohgra:ˀ,it will give you an allergic reaction
ęsayadahdrǫ:gǫˀ,"you will quiver, shudder"
ęsayaˀdǫ:daˀt,"you will shiver, shake"
ęsayehwaˀ,you will look for in vain; you will be unable to find something
ęsayę:daˀ,"you will acquire, obtain"
ęsayędeˀǫhǫ:k,you will be really good at it
ęsayęnahsǫ:ˀ,you are an epileptic; (literally: you will have convulstions)
ęsayǫhwa:tahs,it will show you something
ęsaǫhyagˀędahk,it's going to make you groan
ęsaˀdrahehs,"you will go overboard, above and beyond, you will exceed"
ęsaˀgęhęt,you will take the dust off
ęsaˀgęhęwa:k,you will winnow the chaff (corn or beans)
ęsaˀkdaˀe:k,it will peck you
ęsaˀnahgǫ:dęˀ,you will get a bee sting
ęsaˀnigǫhahdǫˀ,you will faint; (literally: you will lose your mind)
ęsaˀnigǫhahni:ya:t,you will endure (literally: toughen or strengthen your mind)
ęsaˀnigǫhi:yoh,you will be satisfied
ęsaˀnigǫhi:yohs,your mind will adjust (i.e. become comfortable)
ęsaˀnigǫhęh,you will forget
ęsaˀo:k,it will chop you
ęsdagwaihsiˀ,you will straighten
ęsdo:gęs,"you will arrange (i.e. things, flowers, etc.)"
ęse:ge:t,"you will grate, scrape, file"
ęse:gri:k,"you will wrinkle, fan-fold"
ęse:gwe:niˀ,you will succeed
ęse:gęis,you will move it (i.e. checkers)
ęse:gęˀ,you will see
ęse:haˀt,you will dry something
ęse:ja:gǫ:ˀ,you will persevere
ęse:teht,you will pound corn
ęse:tgiht,you will dirty it up
ęsega:hǫ:k,you will hear a story
ęsegahehgyak,you will hull berries 
ęsegahędęht,you will hull berries
ęsegahęnęsgwahǫ:ˀ,you will peek! (literally: steal a look)
ęseganę:t,you will lick it
ęsegawe:ˀ,you will row
ęsegetsgoˀ,you will lift things to a vertical position
ęsegęhęˀtrǫ:niˀ,"you will be mean, abusive"
ęsegǫnyǫhs,you will honour something
ęseho:we:k,you will cover something
ęsehs,you will use it
ęsehsdęht,you will take the scales off (the fish)
ęsehsgohaowa:neht,"branch it out. (i.e. add particles, etc. to 'dress up' speech.)"
ęsehsgwiyˀaksǫ:ˀ,you will cut the twigs off
ęsehsre:ˀ,you will chase or follow
ęsehsrǫ:niˀ,"you will create, make something"
ęsehstoˀdręht,you will pluck feathers
ęsehswahęh,"you will hate, dislike"
ęsehswaˀne:dęˀ,you will back up something (i.e. reinforce it)
ęsehsę:nǫ:niˀ,you will store it
ęsejaodęˀ,you will smoke
ęsejihsdaˀdraˀ,you will go with the fire (refers to the Gaihwi:yo: convention)
ęsejihstaˀdraˀ,you will go with the fire (refers to going to the Gaihwifyof convention)
ęsekdo:tsih,"you will shell (eggs, coconuts, etc.)"
ęsekdǫnyǫˀ,you will fully examine it
ęsenedawęhę:t,you will go uphill
ęsenrahdęht,you will pick off leaves
ęsetragwęˀdaˀe:k,you will slap it (on the cheek)
ęsetsahnihk,you will be scared of it
ęsetsgęˀędahgoˀ,you will remove seeds
ęsewayę:nę:daˀ,you will complete
ęseyadogohdęˀ,"you will outdo someone; you will go right over her, go right past her; deceive her"
ęseˀnigǫhoda:goˀ,"you will persuade her, overcome her mind"
ęseˀǫhgwaę:,you are going to lay sod
ęsga:neht,you will tempt
ęsga:nye:ˀ gaę:nagayǫhka:ˀ,Women's Old Shuffle Dance
ęsga:nye:ˀ sgadigaji:nah deyehnyotaˀ,"One Side Male Dance (a dance done with paternal cousin, uncle, etc.) (ceremony)"
ęsga:nyę:ˀ gaę:nase:ˀ,Women's New Shuffle Dance Song
ęsgadatre:waht,"I will apologize, repent"
ęsgae:yǫˀt,they (female or mixed group) will bring it back
ęsgahdę:diˀ,I will go home
ęsgahyagoˀ,I will pick fruit again
ęsganˀana:węˀ,it will thaw or melt again
ęsgaǫ:de:kǫ:niˀ,they (female or mixed group) will eat again
ęsgaǫ:tgǫˀtrani:yǫ:dęˀ,they (female or mixed group) will weigh themselves again
ęsgwa:yǫˀ,you all will give to me
ęsgwęneˀwa:dęˀ,I startled you all ; We all startled you (singular); etc.
ęsgyǫˀ,I will or would come back (definite)
ęsgęnahdędiˀ,they (animal) will migrate
ęsgęnˀewa:dęˀ,you will startle me
ęsgǫganyaˀgęˀ,I will repay you for your actions
ęsgǫyadatrewahdęˀ,I will repent to you
ęsgǫˀ,you will give me
ęsha:go:nǫˀ,they will give her/them
ęsha:gyǫˀ,they and I will give him/them
ęsha:knǫˀ,she and I will give him
ęsha:kse:k,he can (literally: will) eat it again
ęshagaǫˀ,he will give her/them (females or mixed)
ęshagogyaˀdǫ:dahk,"he will be an ambassador, represent someone; (literally: they will put his body in)"
ęshagoneˀwa:dęˀ,he will startle her/them
ęshagonęneˀwa:dęˀ,they (non-female) will startle her/them (female)
ęshagwęneˀwa:dęˀ,they and I will startle him/them 
ęshagyęneˀwa:dęˀ,she or he and I will startle him
ęshahe:waht,he will punish again
ęshe:dwa:yǫˀ,you (plural) and I will give him
ęshe:dę:ˀ,"you will pity her, show mercy, compassion"
ęshe:hahs,you will serve someone
ęshe:nhaˀ,"you will command, hire her"
ęshe:sgwe:k,you will shut her up
ęshe:sni:yǫˀ,you two will give him; he will give you two
ęshe:swa:yǫˀ,you all will give him; he will give you all
ęshe:tgęht,"you will damage, ruin, wreck something"
ęshe:tni:yǫˀ,you and I will give him
ęshe:ya:diˀ,"you will abandon someone, let them go"
ęshe:yǫˀ,you will give it to her
ęshedwęneˀwa:dęˀ,you (plural) and I will startle him
ęshegǫnyǫhs,you will honour someone
ęshehe:waht,you will punish her
ęsheho:wiˀ,"you will tell someone, command someone"
ęshehowa:naht,"you will praise her, uplift her spirits, flatter her"
ęshehsa:dęˀ,you will carry someone on your back
ęshehsganekdęˀ,you will tempt someone
ęshehsrihwa:waˀs,you will back up her ideas
ęshehwa:waˀs,you will back her up
ęshehwaˀehs,you will blame someone
ęshehǫgaǫˀ,you will invite her/them
ęshenǫdragehsǫ:ˀ,you will follow someone around
ęshenǫgehaˀt,you will breast-feed
ęshenǫgwahkwaˀ,you will take the milk from the child (wean)
ęshenǫhnyaˀk,you will hurt someone
ęshesnęneˀwa:dęˀ,you two will startle him; he startled you two
ęsheswaˀne:dęˀ,you will back her up
ęshetahahs,you talk to her
ęshetahahs ęsheˀnigǫhahni:ya:t,you counsel her
ęshetnęneˀwa:dęˀ,you and I will startle him
ęshewayę:sdęˀ,"you will train, educate, teach someone"
ęsheyadahgwaę:hęs,you will pawn something
ęsheyadewayę:nǫ:niˀ,"you will take care of them, care for them (for a while)"
ęsheyadęhyęht,you will flip someone over; knock someone over
ęsheyahdo:gaˀt,you will raise someone
ęsheyahdrǫhgwęˀ,"you will threaten, scare someone"
ęsheyahsganekdęˀ,you will tempt someone
ęsheyataha:gwaˀdęˀ,you will corrupt her/them; (literally: you will take her off the path); (high language)
ęsheyaęna:ˀ,"you will curse, hex someone"
ęsheyaˀtgę:niˀ,you will beat someone (in a race)
ęsheyęneˀwa:dęˀ,you all will startle him; he startled you all; you will startle her
ęsheyęsrahgwa:s,you will cover someone with a blanket
ęsheyęsro:we:k,you will cover her or someone with a blanket
ęsheyˀadahdǫˀt,you will corrupt her/them
ęsheyˀadodaisiˀ,you will help her escape; you will save her
ęsheyˀadędǫnyaˀt,you will make fun of it; something will make fun of you (evil result; it will mess with your head or mind); (referring to reliving your sins before death); you will joke
ęsheˀdahswahęhsrǫˀ,you will scold her or someone
ęsheˀdahswahęˀdrǫ:ˀ,you will scold her or someone
ęsheˀho:we:k,you will cover someone
ęsheˀnigǫhagwe:niˀ,you will out-think her
ęsheˀnigǫhahni:ya:t,you strengthen her mind
ęsheˀnigǫhaˀdęˀ,"you will cheat her, betray her"
ęsheˀnigǫhaˀe:k,you will offend someone
ęsheˀnigǫhaˀt,you will cheat someone
ęsheˀnigǫhoˀdrǫ:ˀ,you will console someone; (literally: you will caress someone's mind)
ęsheˀnigǫhęhdęˀ,"you will make someone feel better, comfort someone; (literally: you will make someone forget something)"
ęsheˀnigǫhǫ:niˀ,"you will influence, persuade someone"
ęsheˀnya:gęht,you will help someone escape
ęsheˀnǫhda:ˀ,"you will put someone in something, you will give him a ride"
ęsheˀshę:niˀ,you will overpower someone (physically)
ęshręˀ,you will set it or place it on something
ęshęˀnyˀada:t,you will point someone out
ęshǫ:gwa:yǫˀ,he will give us all
ęshǫgwaˀnihkodagoˀ,he will influence or bribe us/someone
ęshǫgwęneˀwa:dęˀ,he will startle us all
ęshǫgyęneˀwa:dęˀ,he will startle us two
ęsi:yaˀk,you will shoot
ęsihsa:k,you will look for it
ęsiˀ,you will say
ęsiˀdǫhgwahstwaht,you will dim the lights
ęskni:yǫˀ,you two will give to me
ęsknęneˀwa:dęˀ,I startled you (singular); We two startled you (singular); etc.
ęsna:de:niˀ,"you will change the oil, fluid"
ęsnagai:,you will whistle
ęsnaˀjo:dęˀ,you will boil something in a pot
ęsnaˀnawęˀt,"you will melt, liquefy something"
ęsnaˀsgo:we:k,cover your bed
ęsnaˀsgowe:ksih,you will uncover the bed
ęsnaˀsgwahsrǫ:niˀ,you will make your bed
ęsnaˀtsaˀek,you will spank
ęsne:ˀ,you two will go together
ęsneda:dęhdaęˀ,you will lay a floor
ęsnega:ˀ,you will solder
ęsnehdahk,you will escort; you will go together
ęsnekahs,you will give it something to drink
ęsni:nǫˀ,"you will buy, purchase"
ęsni:yǫˀ,you two will give it something; OR you two will arrive
ęsnigǫha:gę:niˀ,you will beat someone (mentally)
ęsnigǫhaˀt,you will betray
ęsnihnegehaˀ,two will drink
ęsnihsdęht,you will hull strawberries
ęsnihwahseht,you two will have a secret
ęsniˀ,you two will say
ęsniˀdrǫ:daˀk,you two will stay home
ęsnę:nheht,you will fill in
ęsnęhętaˀt,you will dry corn
ęsnęnyotsiˀ,you will husk the corn
ęsnęnˀewa:dęˀ,it will startle you two; you two will startle it
ęsnęsgoˀ,you will steal it
ęsnǫ:da:ˀ,you will put gas in
ęsnǫ:nheht,you will fill in
ęsnǫ:t,you will feed
ęsnǫhnyaˀk,you will hurt it (an animal)
ęsnǫnyotsiˀ,you will husk the corn
ęsnǫwade:niˀ,you will strain
ęsnǫwaęhdahk,you will filter the water
ęsohaęˀ,you will attach something
ęsohga:ˀ,"you will coat something (with a paste, etc.)"
ęsra:drǫ:ˀ,"you will tear, shred it"
ęsra:goˀ,you will choose or take out
ęsra:tęˀ,you will climb!
ęsra:ˀ,you will spread
ęsranawę:do:we:k,"you will ice, frost something (e.g. a cake)"
ęsranawęˀdoh,you will sweeten
ęsrawihsdo:tsiˀ,you will peel
ęsre:tgęh,you will wreck it
ęsrenahnǫ:ˀ,you will shave (with a draw knife)
ęsri:hwaye:na:ˀ,"you will accept advice, a suggestion, etc."
ęsri:yoˀ,you will kill something
ęsrihsda:,you will iron
ęsrihsdahsǫˀ,you will iron (several things)
ęsrihsgyaˀksǫˀ,you will slice something up
ęsrihwagwaihsiˀ,you will be a witness
ęsrihwagwę:ni:yohs,"you will sanction, charter, give authority to"
ęsrihwagwę:niˀ,you will accomplish
ęsrihwahni:ya:t,you will affirm it or agree
ęsrihwahsrǫ:niˀ,you will come to an arrangement
ęsrihwahsˀa:ˀ,"you will plan an idea; you will promise, make an agreement"
ęsrihwahęˀ,you will present an idea
ęsrihwane:k,you will pray
ęsrihwaneˀaksrǫ:ˀ,"you will swear, use profane language"
ęsrihwaohe:k,"you will gather ideas, news"
ęsrihwihsa:k,"you will investigate, inquire"
ęsrihǫ:niˀ,"you will incite, be the cause of something"
ęsrohe:k,you will gather
ęsrę:t,you will be the lead
ęsręˀ,you will put something on a surface
ęsręˀda:ˀ,you will burn something
ęswa:yę:ˀ,you all will set or lay
ęswa:yǫˀ,it will give you all
ęswadahǫhsiyohsdęˀ,you all will listen to it
ęswadrihwagyaǫˀ,you all will have an accident
ęswadrihwatǫ:dęˀ,you will listen (to an idea)
ęswadriwaǫniˀ,you will heal
ęswadǫhtga:dǫ:ˀ,you all will have a good time
ęswagaę:se:k,you all will be willing
ęswagyę:ˀ,you all will sit
ęswai:naga:nye:ˀ,"you all will yodel, chant"
ęswatgenihsˀa:ˀ,you all will have a meeting
ęswaęnaganye:,you all will sing
ęswaˀe:k,"you will pound, tap"
ęswaˀnigohohsgǫhk,you all will have clear minds
ęswęhnihsraędaˀ,another day (formal)
ęswęhniˀda:ˀ,it will be a new month (again)
ęswęnˀewa:dęˀ,it will startle you all; you all will startle it
ęswęˀsdo:niˀ,you will whip (i.e. meringue)
ęsya:gęˀ,you will go out
ęsyaˀdahdrǫ:goˀ,you will caress a pet
ęsyaˀgye:nęht,you can knock it down
ęsye:na:ˀ,you will receive
ęsye:saht,"you will condemn, slander, insult someone"
ęsyeh,you will wake up! 
ęsyeht,you will wake up something
ęsyę:se:ˀ,you will skin something
ęsyę:ˀ,you will put it there!
ęsyęˀgwae:k,"you will smoke it (meat, etc.); you will tan it "
ęsyǫ:gyaˀt,you will smile!
ęsyǫgyatge:,"you will laugh loudly, guffaw"
ęsyǫwadahgoˀ,you will gut something
ęsę:daˀ,you will sleep
ęsęnadaę:ˀ,you will camp
ęsęnida:gręˀ,you will lie down
ęsęnihaˀ,"you will borrow, rent"
ęsęnihna:do:k,you will perceive something
ęsęnijǫhsgwaę:,you will squat
ęsęnǫhdǫ:nyǫ:ˀ,"you will wonder, think"
ęsęnˀewa:dęˀ,it will startle you (singular); you will startle it
ęsęˀnigǫhaneˀwa:,you will be mentally startled
ęsęˀnigǫhoˀdrǫ:ˀ,"you will worry, despair; you will be desperate"
ęsǫda:ˀ,you will put an object in there
ęsǫdagoˀ,you will remove or detach something
ęsǫgweˀdanehsgoˀ,you will kidnap (someone); (literally: steal a person)
ęsǫkni:yǫˀ,he will give us two
ęsˀano:draˀ sehsohgwˀageh,you will have sores on your lips
ęsˀnigǫhaˀdęˀ,you will cheat
ętadawę:ˀ,he will swim to here (this way)
ętadinaˀda:gwaheˀ,The Corn Husk Mask society will come after their (male) bread
ętaha:wiˀ,he is going to bring something
ętayętwahse:k,he will be planting over there
ęteˀ,he will come this way
ętgagyęhę:toˀ,I will pull
ętgahnegahe:k,it will be high tide
ętgatgǫhsohaeˀ,I will wash my face
ętgatyęhę:toˀ,I will pull
ętgaę:ˀ,they (female or mixed group) will come
ętgaǫ:tnǫhda:,they (female or mixed group) will get into a vehicle and come towards us
ętgaǫ:tǫ:yo:ˀ,they (female or mixed group) will come by boat
ętgǫ:yǫˀ,I will give it to you
ętgǫnę:tsi:neˀ,I will take you by the arm
ętknę:tsi:neˀ,"I will pull it by the arm, lead it by the arm"
ętohsa:dęˀ,he will come by horseback
ętohseˀ,he is coming by horseback
ętrihowa:naht,"you will proclaim, announce something"
ętrihwahe:k,"you will demand something, insist, force something"
ętrihwahwinyǫˀt,you will report
ętrihwawaˀs,you will back up the idea (i.e. reinforce it)
ętrihwęht,you will bring the idea down
ętrihǫ:niˀ,"you will incite, be the cause of something"
ętsa:dǫˀ,you will become healthy again
ętsa:snęht,"you will descend, go down"
ętsa:tro:wiˀ,"you will recount, retell"
ętsadadahsha:gwęˀ,"you will remind yourself, make yourself remember"
ętsadatre:waht,"you will repent, redeem, apologize"
ętsadenyę:dęhs,"you will copy, use as a model or pattern"
ętsadeˀgoˀ,you will run away again
ętsadǫˀne:k,you will remove yourself
ętsahge:t,"you will go back, regress"
ętsahsawęˀ,you will begin
ętsatsadǫ:goˀ,you will unearth it
ętsaˀdaihaˀt,you will heat it up; you will make it hot
ętsaˀsęht,you will bring it down
ętseganyaˀk,"you will repay, refund"
ętseyahsǫ:nyǫ:ˀ,you will be calling someone's name
ętseyęˀnigǫhotahs,"you will suggest to her, advise her"
ętseyˀadodaihsiˀ,you will rescue someone
ętseˀdaihęhdrahiˀ,"you will sweat profusely, perspire"
ętsheyahsinodahdęˀ,"you will trip someone, bar someone's way with your leg"
ętsnaˀgyę:ˀ,"you will imitate, mock, mimic, something"
ętsnegagyęhętoˀ,you will sip through a straw!
ętsnigǫhęˀ,you will be depressed
ętsniyǫda:goˀ,you will unhang it
ętso:do:gęhs,you will adjust
ętsodaihsiˀ,you will undrape something
ętsohagoˀ,you will cut down or trim something
ętsęhsga:ˀ,"you take off abruptly, quickly, suddenly"
ętsęˀnigoho:dęˀ,"you will suggest, present an idea"
ętsęˀnigǫhoˀdęˀ,you will come up with an idea
ętsęˀnigǫhoˀne:k,"you will revolt, remove yourself (bodily and in spirit)"
ętsǫˀne:k,you will subtract
ętyehs,you will add
ęwa:dǫˀ,"yes, you may"
ęwa:dǫˀ gihshęh,maybe; a possibility
ęwa:ge:gaˀ,I will like the taste of it 
ęwa:gǫˀ,it will give me
ęwa:stehs,it will evaporate
ęwa:thno:ˀ,there will be pollution
ęwadagwa:s,it will get bruised
ęwadahso:goˀ,it loses its colour (i.e. old paint)
ęwadehsra:tgiht,it will be a bad winter
ęwadehswaht,it will smell it 
ęwadeteˀtra:,it will powder itself
ęwadetgiht,it will be bad weather
ęwadoˀne:k,it (animal) will move away
ęwadrihwagyaoˀ,there will be an accident
ęwadrihwahdę:diˀ,the ceremony will start
ęwadęhniˀdoˀkta:k,every month will end
ęwadǫˀ gęh ęgagyaˀdohai:,may I take a bath
ęwadǫˀ gęh ęgatgǫhsohai:,may I wash my face
ęwadˀayo:dęˀ,it will be erect (poised to strike)
ęwadˀedǫ:ˀ,when it (animal) is due
ęwagahdrǫˀk,I will be frightened
ęwagahya:gwę:k,I will have picked fruit
ęwagahyagwęhę:gyeˀ,I will go along picking fruit
ęwagahyagǫhǫgyeˀ,I will be eating fruit as I am going along
ęwagatǫde:k,I will be hearing it
ęwagegaęˀ,I will consent
ęwagehsa:dęˀ,I will mount a horse
ęwagenya:k,I will be married
ęwageshoˀ,I will smell it (unintentionally)
ęwagi:daˀ,I will sleep 
ęwagyˀadohai:,it is going to give me a bath
ęwagęneˀwa:dęˀ,it will startle me
ęwagęnǫhdǫ:k,I will know
ęwagǫˀwe:sęˀ,I will enjoy myself
ęwahdo:k,"it will multiply, grow"
ęwahdo:ˀ,it will submerge
ęwahetgęˀ,"it (an idea) will spoil, go bad"
ęwahstwaˀ,it will shrink (i.e. wool)
ęwahtehgyaˀk,it will erode
ęwahyaiˀ,it will ripen
ęwahyę:daˀ,when the berry season will be over
ęwaknihsgoˀ,I will be late
ęwaknǫhyaˀk,I will get hurt
ęwata:da:t,it will rise up
ęwatnǫhga:ˀ,it is going to cut its hair
ęwatsohih,it will bite (clinging on)
ęwę:dę:daˀ,Monday (future)
ęwęhno:dǫ:ˀ,it will flood
ęwęnǫwaę:ˀ,it will sink
ęwęnˀewa:dęˀ,it will startle it
ęya:go:dǫˀs,it will be for her benefit
ęya:go:yǫˀ,it will give her
ęya:gwa:yǫˀ,we all (exclusive) will give it something; OR we all will arrive at one spot at the same time
ęya:ki:yǫˀ,they and I will give them
ęya:kni:yǫˀ,we two (exclusive) will arrive
ęya:knǫˀ,we two (exclusive) will give it something
ęyagodeˀnyędęhsdǫhǫ:k,she will be measuring things
ęyagodi:yǫˀ,it will give them (female or mixed group)
ęyagodǫˀsehak,it will be happening for them (female or mixed group) 
ęyagohdogadǫhǫgyeˀ,she will be continually growing it or them
ęyagoneˀwa:dęˀ,it will startle her
ęyagonęnˀewa:dęˀ,it will startle them (female or mixed group)
ęyagonǫhsowanęhę:k,she will have a big house
ęyagotehs,"she will go overboard, get carried away"
ęyagoyaˀdadaihaˀtǫ:k,it will warm their (female or mixed group) bodies 
ęyagwade:kǫ:niˀ,we all (exclusive) will eat
ęyagwadehsrǫnyahnǫ:ˀ,we all (exclusive) will prepare things
ęyagwadekwahęˀ,"we all (exclusive) will put on a meal, supper"
ęyagwahgaodǫ:nyǫ:ˀ,we all (exclusive) will tap trees
ęyagwahnegehaˀ,we all (exclusive) are going to drink
ęyagwahshe:t,we all (exclusive) will count
ęyagwanrahdaohe:k,we all will rake leaves
ęyagwanǫhsǫ:niˀ,we all will make a house
ęyagwęneˀwa:dęˀ,we all (exclusive) will startle it
ęyagwˀagranhohsro:dęˀ,we all (exclusive) will pile the snow
ęyagyade:kǫ:niˀ,we two (exclusive) will eat
ęyagyęneˀwa:dęˀ,I/we (excl. dual) will startle you two/it
ęyagǫ:niˀ,"she will make, earn"
ęyagǫnhehgǫhǫ:k,they (female or mixed group) will live on; what will sustain them
ęyagǫˀ,she will give it
ęyakiyęneˀwa:dęˀ,they and I will startle them 
ęyaknihnegehaˀ,we two (exclusive) will drink
ęyaknęneˀwa:dęˀ,we two (exclusive) will startle it
ęyaǫdadogęhtęˀ,Sunday (future)
ęye:gęˀ,she will see
ęye:sǫˀ,she will give you
ęye:ti:yǫˀ,presents; we will give her/them
ęye:tsi:yǫˀ,they will give to her/them/that group
ęyedagraˀ,she will fall down
ęyehaˀdanawę:ˀ,"they (literally: she) will wet their cores, throat"
ęyehnegehaˀ,she will drink it
ęyehsayaˀda:goˀ,they (female or mixed group) will choose you to do something
ęyehęˀ,she will place it
ęyeksaˀgowagęhę:k,she will be pretty
ęyenǫhweˀ,she will like it
ęyesęneˀwa:dęˀ,she will startle you [s]
ęyetiyęneˀwa:dęˀ,you/you (plural) and I will startle her/them
ęyetsi:hwawaˀs,you all will back them
ęyetsiyęneˀwa:dęˀ,they will startle you; you will startle them; she will startle you; you will startle her
ęyo:daˀ,it will sleep
ęyo:di:yǫˀ,it will give it to them (animal)
ęyo:dǫˀs,it will be for its benefit
ęyo:gęˀ,it will see it
ęyo:hęˀ,it will be tomorrow
ęyo:kaˀ,it will leak
ęyo:ki:yǫˀ,she will give us; they will give us
ęyo:tgęh,it will spoil
ęyo:yǫˀ,it will give it
ęyodiˀdaˀ,"they (animal) will sleep, hibernate"
ęyogyanǫˀk,it will dream
ęyohdaˀ,it (animal) will get full (finish eating)
ęyohnawao:dǫ:k,"there will be wells, water, springs"
ęyohsdaǫdiˀ,it is going to rain
ęyohyatgęˀ,the fruit will spoil
ęyohęˀdǫ:ˀ,"it will be hanging over (an edge, a chair)"
ęyokwahkwaˀ,it will take the food from another animal
ęyonęneˀwa:dęˀ,it will startle them (animal)
ęyonǫhdǫ:k,it will know
ęyonˀewa:dęˀ,it will startle it
ęyoˀga:,it will be tonight
ęyoˀgrǫ:diˀ,it will snow
ęyoˀgwa:t,it will dig
ęyoˀnodrahs,it will become infected
ęyǫ:da:dǫˀ,she will give her
ęyǫ:gwa:yǫˀ,it will give us all
ęyǫ:gǫˀ,she will give me
ęyǫ:knǫˀ,it will give us two
ęyǫdesaheˀdanǫna:ˀ,she will be the bean watcher 
ęyǫdeteˀtra:,she is going to powder herself
ęyǫdowihsręht,she will breathe
ęyǫdˀedǫ:ˀ,when she will be due
ęyǫgwadrihwagyaǫˀ,we all will have an accident
ęyǫgwadęnˀatragaˀdeˀ,we all will have lots of food
ęyǫgwanahaowiˀ,we all will have the Midwinter Ceremony
ęyǫgwayę:daˀk,what we all will have
ęyǫgwęneˀwa:dęˀ ,it will startle us all
ęyǫgyadihsa:ˀ,"she has matured, completed her life cycle"
ęyǫgęneˀwa:dęˀ,she will startle me
ęyǫhseht,there will be a burial; (literally: it will be hidden)
ęyǫhsga:nye:ˀ,she will shuffle
ęyǫhwęja:de:k,the earth will exist
ęyǫhwęjęˀ,it will cave in
ęyǫkiga:goˀ,they will charge us
ęyǫkigahęˀ,they will tax us
ęyǫkiyęneˀwa:dęˀ,she will startle us; they will startle us
ęyǫknęneˀwa:dęˀ,it will startle us two
ęyǫnhehgǫhǫk,it will live on
ęyǫnitsgodǫnyǫ:ˀ,she will do sit ups
ęyǫniˀde:niˀ,she will fart
ęyǫnohdǫ:nyǫ:ˀ,they (animal) will experience in thought
ęyǫnˀewa:dęˀ,she will startle it
ęyǫtsohih,she will bite it
ęyǫtsęno: gahsęnaǫ:weh,she will receive her name
ęyǫyędehteˀ,it will emerge unintentionally
ęyǫˀ,it will give it
ęˀnho:traˀ,ball
ęˀnho:traˀ ehwaˀestaˀ,baseball bat
ęˀnhotraˀshǫ:ˀǫh,variety of balls
ęˀnihsga:ˀ,"circle hoop, wheel"
ęˀnikǫhkwaˀgeh,sewing room
ęˀnikǫhkwaˀshǫ:ˀǫh,sewing room items
ęˀnyo:traˀ,mittens
Ǫ:gweh Heyeihwahwinyǫˀtaˀgeh,People's Council
Ǫdadehnyohaˀ,Fishing Dance
Ǫdadęnhodǫhkwaˀ Oihwageh,Correctional Services
Ǫdehkwao:he:s,Green Corn Ceremony
Ǫdęyaˀdahsrǫ:nih,Dress-Up Society Dance (Tutelo Ceremony)
Ǫgwehǫ:weh,"Indian, Aboriginal, Native, First Nations"
Ǫgwehǫ:weh Gaihǫnya:ni:ˀ Hęnagyehęˀ,Aboriginal Education Council
Ǫgwehǫ:weh Goihwagehsǫˀ,Aboriginal Affairs
Ǫgwehǫ:weh Hodihwaˀgeh Hadiyanehsragwaishǫhs,Native Council on Justice
Ǫgwehǫ:weh Honęnigyohgwaęˀ Hęnadrihsdaęhęˀ,Aboriginal Trappers' Federation
Ǫgyǫhsrahniyǫhsdǫh,"our sustenance, or it strengthens our breathing"
Ǫhwęjagaiyǫhneh,Europe (literally: the old country)
ǫ:dagahdeh,celery
ǫ:dasahsawęˀ,you should begin
ǫ:dǫh,"she is saying it (all the time, now)"
ǫ:gweh,"person, human"
ǫ:gweh ojiˀnǫ:waˀ,a praying mantis
ǫ:gweh okdehaˀ,"ginger root, ginseng"
ǫ:gęnǫhdǫ:k,I should know
ǫ:nęh toh haˀgatrehnˀagehsiˀ dęˀhoˀdęˀ ehsgwaheˀnǫ:nyęˀ tohaˀgrihwagehǫˀ,I spread out the message in front of them; (literally: now there I took the bundle apart; the bundle you made for me; I spread out the message in front of them)
ǫ:sǫhs,lengthy objects
ǫ:taha:wiˀ,he should bring something
ǫ:tayętwahse:k,he would be planting over there
ǫ:thnasǫdahkwaˀ,skin cream
ǫ:weh,translation?; does not occur alone
ǫda:thno:ˀ,her step-daughter
ǫdadegę:ˀęh,her younger sister
ǫdadrihǫnyanih,she is reading
ǫdadrihǫnyaniˀtaˀ,school
ǫdadrihǫnyaniˀtaˀ gohsdihsdǫh,principal (female)
ǫdadrihǫnyaniˀtaˀ hohsdihsdǫh,principal (male)
ǫdadrihǫnyaniˀtaˀgeh,at school
ǫdadwiyahdǫtaˀ,abortion
ǫdadęnhodǫhkwaˀ,"jail, prison (literally: place where someone is locked up)"
ǫdahsǫda:dihahsdǫh,past midnight
ǫdahǫhdohai:,she is washing her ears
ǫdahǫhsiyohsdahkwaˀ,hearing aid
ǫdatgowa:nęh,"she is a legend in her own mind, self-important"
ǫdatnohaˀ,her mother
ǫdawˀędahkwaˀ,bathing suit; something used for swimming
ǫdegataˀ,someone burns up something
ǫdegaˀdahkwaˀ,fire-making tool; matches
ǫdehsgyǫwataˀtaˀ ohyaˀ,grapefruit
ǫdehsgyǫwataˀtaˀ ohyaˀ grahe:t,grapefruit tree
ǫdehsˀohdohahkwaˀ,thimble
ǫdejihsdodahkwaˀ,something that holds lights
ǫdejinǫdagragwahs,she is picking her nose
ǫdejiˀohgyaktaˀ,nail clippers
ǫdejiˀohgyaˀs,she is cutting her nails
ǫdejˀiao:we:ktaˀ,hair net
ǫdejˀiodahsohtaˀ,nail polish 
ǫdekaˀsro:nih,she is fixing skirts
ǫdeksaˀdǫ:nih,she is childish
ǫdekwagewahtaˀ,"serviettes, napkins"
ǫdekwahahsrowe:ktaˀ,table cloth
ǫdekǫnyaˀtaˀgeh,"restaurant, cafeteria, dining room, dining hall"
ǫdenrowe:ktaˀ,condom
ǫdenyatsodahkwaˀ,"bobby pin, barrette"
ǫdenyatsodahkwaˀ gajihoha:ˀ,"bobby pin, barrette"
ǫdeteˀtra:s,she is powdering herself
ǫdeteˀtrahtaˀ,powder
ǫdeteˀtroha:s,she is putting the powder on herself
ǫdeteˀtroha:taˀ,bath powder
ǫdewayę:staˀ,"she is a novice, learner, beginner"
ǫdeˀdrehdaędahkwaˀ,parking lot or garage
ǫdeˀdrehdęhdahkwaˀ,sled or sleigh
ǫdeˀdǫhaˀ,child-bearing; she is giving birth right now
ǫdeˀdǫhneˀ,she is about to give birth
ǫdeˀkaǫ:dahkwaˀ,a breech cloth
ǫdeˀnyędęhsdahkwaˀ,"ruler, measuring tape"
ǫdeˀnyędęhsdahkwaˀ ganaˀjohsgwaˀ,measuring cup
ǫdeˀnyędęhsdahkwaˀ ganyo:daˀ,measuring spoon
ǫdeˀsgǫdahkwaˀ,barbecue equipment
ǫdrihoˀda:staˀ,"tools, equipment"
ǫdrihoˀda:staˀ ahgwę:nyaˀ,work clothes
ǫdrihsdaędahkwaˀ,trap
ǫdriyohdahkwaˀ,weapon
ǫdriyohdahkwaˀ gajihwaˀ,war club
ǫdrohektaˀ,"meeting place, gathering place"
ǫdręnaę:dahkwaˀgeh,in the church
ǫdręnaę:dahkwaˀgeh degayahsǫ:t,church cross
ǫdręnaędahkwaˀ,church
ǫdręnotahk,she used to sing
ǫdwęnǫdahtaˀ gohsdihsdǫh,telephone operator
ǫdwęnǫdahtaˀ shahsrǫ:nihs,telephone repairman
ǫdęhni:nǫh,store or storekeeper (female)
ǫdęihǫnyanih,she is a teacher
ǫdęihǫnyanih gǫnhaˀtraˀ,teaching assistant
ǫdęnae:kǫnyǫh,she is screaming
ǫdęnǫhksǫˀ,"relatives, kin, etc."
ǫdęyenahs,policewoman
ǫdǫ:nyeˀs,she is breathing
ǫdǫhgohdahkwaˀ,path
ǫdǫnyeˀtaˀ,lung
ǫdǫwisędahkwaˀgeh,lounge
ǫdǫˀdahkwaˀ,toilet bowl
ǫga:tǫ:dęh,I heard it
ǫgadedrędatgidęˀ,I had a bad dream
ǫgadraswiyohsdęˀ,I got lucky
ǫgadrihwaˀehs,I was blamed
ǫgagyanǫhk,I did have a dream
ǫgahdaˀ,I got full (finished eating)
ǫgahdrǫˀk,"it frightened me, or I got frightened"
ǫgahdǫgaˀdǫh,she raised me (ie. a guardian)
ǫgahsęhs,"I regret it, I did regret it"
ǫgatahoˀktahs,I came to the end of the trail or row
ǫgatgahę:gęˀ,fleeting glance; she caught a glimpse (out of the corner of her eye)
ǫge:gahdęˀ,that's how much it cost me
ǫge:shoˀ,I did smell it
ǫgedrehdahetgęˀs,break-down of my car 
ǫgegeˀa:de:k,my hair got burnt or singed
ǫgegęhęˀdęˀ,I am annoyed
ǫgehse:yǫh,my mother-in-law (said by a woman)
ǫgehsgęna:ˀ,I had a stroke
ǫgehsnagri:k,"I had muscle cramps, I got a cramp"
ǫgehsnagrihksǫ:ˀ,I got cramps
ǫgehso:t,my grand-mother
ǫgenyaˀgwahǫ:,I vomited
ǫgenyˀagoˀ,I vomited
ǫgetgwˀędadǫ:ˀ,I lost my wallet
ǫgeˀdrehdahe:tgęˀ,my car broke down
ǫgeˀgaˀ,I liked the taste of it 
ǫgi:daˀ,"I am sleeping, I slept "
ǫgidęhteˀ,"I am poor at something, I am not rich"
ǫgiˀdǫhgwa:,I got a fever
ǫgra:do:k,I blistered my heel
ǫgwa:daoˀ,we all are friends
ǫgwa:na:daˀ,our community
ǫgwa:nhiˀs,we all make mistakes
ǫgwa:tse:nęˀ,our pet (plural)
ǫgwa:yęˀ,we all have it
ǫgwadagaideˀ,we all are healthy
ǫgwadaoˀshǫˀ,"we all are buddies, friends"
ǫgwadęnǫhksǫˀ,our relatives
ǫgwadǫse:,it is for us all; it is beneficial; we deserve it; that is what it has become to us
ǫgwadǫtga:dǫˀ,we all are having fun
ǫgwahsiˀdanǫhwa:s,we all have a sore foot
ǫgwajaohoˀgwanǫhwa:s,we all have a sore ankle
ǫgwanada:gǫ:,in our community
ǫgwanahaowih,we all are having the Midwinter Ceremony
ǫgwatnǫhsohdahgwęh,"our moiety, side; grouped clans, sides"
ǫgwatnǫhsokdaˀǫh,"our clan, side; our end of the Longhouse"
ǫgwatowinyǫˀse:,we all have a cold
ǫgwatsǫˀnyo:t,"we all turned our backs to the bush; we all forsook religion, family, etc. (high language)"
ǫgwatędihsˀǫh,we finished the field
ǫgwaˀnigǫhaˀ,our mind
ǫgwaˀsehshęˀ,we all are cousins
ǫgwaˀseshǫˀ,our cousins (literally: we all are cousins)
ǫgwegęhę okseˀda,a human belly
ǫgwegęhę:ˀ,a former human
ǫgwegęhę:ˀ onǫˀa:ˀ,a former human head
ǫgwegęhę:ˀ ǫgyaˀda:kwaˀ,casket
ǫgweh gokseˀda,a human belly
ǫgweh onǫˀa:ˀ,a human head
ǫgwehǫwehgeha:ˀ,"Indian kind, type (i.e. of clothes)"
ǫgwehǫwehneha:ˀ,Indian way
ǫgweˀdaga:yǫh,our ancestor
ǫgweˀdagwe:gǫh,all the people
ǫgya:dao:ˀ,my ceremonial friend; Friend (term of address)
ǫgya:daoˀ,Friend (term of address)
ǫgya:gehdahkwaˀ,a woman's knapsack; a knapsack
ǫgya:gwah,tick mattress
ǫgya:gyoh,"my brother-in-law, sister-in-law"
ǫgya:tsih,"my friend, my boyfriend, my girl friend"
ǫgyadagaideˀ,we two are healthy
ǫgyadahshęˀǫhǫgyeˀ,I am arriving late
ǫgyadaoˀgęhę:ˀ,my former ceremonial friend
ǫgyahsiˀda:tgiˀ,you and I have dirty feet
ǫgyahsiˀdanǫhwa:s,we two have a sore foot
ǫgyanˀataˀ,actress
ǫgyatowinyǫˀse:,we all have a cold
ǫgyaˀda:kwaˀ,something that lifts up the body
ǫgyaˀdagwe:s,she gets bound up; constipated
ǫgyaˀdahshęˀ,I was late
ǫgyaˀdahsrǫnyˀataˀ ahgwę:nyaˀ,dress clothes; Sunday best
ǫgyaˀdanohsdahkwaˀgeh,park
ǫgyaˀdanǫhwa:k,I ached
ǫgyaˀditgęhsǫ:ˀ,nightmares
ǫgyaˀdohai:,she is bathing
ǫgyaˀdohaiˀtaˀ,bath tub (where one takes a bath)
ǫgyaˀdohaiˀtaˀgeh,bathroom
ǫgyaˀdohaˀtaˀ,bath tub (where one takes a bath)
ǫgyaˀgyenęhdahkwaˀ,couch
ǫgyaˀse:ˀ,my cousin (literally: we two are cousins)
ǫgyaˀsehshęˀ,the opposite side (of the fire) (literally: our cousins)
ǫgyehnahsǫ:ˀ,I had convulsions
ǫgyenawahtaˀgeh,hand railing
ǫgyǫtsanǫhwa:s,we all have a sore knee
ǫh,I guess
ǫh ne:ˀ,maybe
ǫhdo:gahs,"she is prepubescent, she is maturing, she is reaching puberty"
ǫhgwęnya:kwaˀ,dresser
ǫhgwęnyaę:dahkwaˀ,her closet
ǫhjagewahtaˀ,towel
ǫhjohai:ˀtaˀgeh,"sink, wash basin"
ǫhnya:gǫ:,in the river flats
ǫhnyaˀgeh,on the river flats
ǫhnyaˀgeho:nǫˀ,people of the river flats
ǫhnǫhwehstaˀgeh,"motel, inn, bed-and-breakfast, hotel"
ǫhsaˀkaˀ,she is coughing
ǫhsda:haˀ,she is crying
ǫhsga:ne:s,she has longings for
ǫhsganyehahk,she used to shuffle
ǫhshędahkwaˀ,doorstep
ǫhsnęhtaˀgeh,"a thing to descend by; stairs, ladder"
ǫhsohdahkwaˀ eya:taˀ,paintbrush
ǫhsohtaˀ,"colour, paints, crayons"
ǫhstahaˀge:,sobbing (literally: a big cry)
ǫhwęjagahętaˀ,a hole in the earth
ǫhyaę:ˀ,blue
ǫhyˀaęˀ niyǫhsohgoˀdę: gaǫhyˀageh,blue sky
ǫjohai:,she is washing her hands
ǫjohai:s,she is washing her hands
ǫkiga:gwahs,sales tax
ǫkinoha,our mother
ǫkiyaˀdęˀnigǫha:ˀ,monitors (people)
ǫkiyenawˀaseh,they are helpers (literally: they help us)
ǫknaˀehs,my stepmother
ǫkne:nhǫ:s,my mother-in-law (only a man can say this)
ǫkneha:goˀ,I was amazed or surprised
ǫkni:tse:nęˀ,our pet 
ǫknigǫhahdǫˀ,I fainted
ǫkniˀdreˀ,we two are riding along in something
ǫkno:ˀ,my step-mother
ǫknǫtsanǫhwa:s,we two have a sore knee
ǫkyadǫhsrahahkwaˀ,desk (literally: where they set papers on)
ǫkˀnigǫhsa:dǫˀ,I got lonesome
ǫna:gra:s,the birthing
ǫnheˀ,it is alive
ǫnhęhęˀ,urine
ǫnigǫhatsęhtaˀ,she or someone has a tired mind
ǫnihahstaˀ,someone lends
ǫnihnodahkwaˀ,apron
ǫnitsga:kwaˀ,sheets
ǫniˀdenyǫhs,she farts
ǫnęhęjih,black or dark corn
ǫnętsanhahstaˀ,"bracelet, armband"
ǫnǫhwehstaˀgeh,bedroom place
ǫsagatgaę:hę:goˀ,I should turn around and go back the way I came--
ǫtaha:gwahtaˀ,laneway
ǫtahi:neˀ,she is walking
ǫtahsrǫdahkwaˀ,"flashlight, torch"
ǫteyˀǫdaę:dahkwaˀgeh,hospital
ǫtga:nǫ:ni:,it is precious
ǫtgahahsohtaˀ,eyeliner
ǫtgahdęhsdahkwaˀgeh,Cookhouse
ǫtgahiˀdahkwaˀ,a toy; (literally: children play with it)
ǫtgahiˀdahkwaˀ gani:yǫ:t,mobile (hanging toy)
ǫtgahiˀtaˀ,what she plays with; a toy
ǫtgahowe:ktaˀ,eye patch
ǫtgahtwahtaˀ,something that misses the eye
ǫtgaę:dahkwaˀ,item that is to be pawned
ǫtgaę:dahkwaˀgeh,pawn shop
ǫtgaędahkwaˀ,the item to be pawned
ǫtge:owe:ktaˀ,hair net
ǫtgehaˀsrǫ:niˀ,she fixes her own hair
ǫtgehdahstaˀ,"scarf, bib"
ǫtgehǫdahkwaˀgeh,plaza
ǫtgeˀ ataˀtkwaˀ,hair dryer
ǫtgeˀ ędędahkwaˀ,hair brush
ǫtgeˀęhdahkwaˀ,hair brush
ǫtgoˀjonyahtaˀ,"make-up, blush, rouge"
ǫtgęnihsˀahtaˀgeh,meeting room
ǫtgǫhsahsohtaˀshǫ:ˀǫh,make-up items
ǫtgǫhsahsohtaˀshǫ:ˀǫh eyahkwaˀ,make-up bag
ǫtgǫhsohai:,she is washing her face
ǫtgǫhsohaiˀtaˀ,face cloth
ǫtgǫhstǫˀęhdahkwaˀ,razor
ǫtgǫhstǫˀęhdahkwaˀ ohęnˀatraˀ,razor blade
ǫtgǫˀtrahahkwaˀ,scale (weigh)
ǫtgǫˀtraniyǫdahkwaˀ,scale (weights used to balance)
ǫthnǫda:sdahkwaˀgeh,gas station
ǫthnǫdahstaˀ,"she, someone is put in there all the time"
ǫthnǫhsodahkwaˀ,umbrella
ǫtnahdodahkwaˀ,hair combs
ǫtnahtaˀ,oil (for the bath)
ǫtnaˀdaǫ:dahkwaˀ,bread pan
ǫtnegahni:nǫh,bar (bootlegger)
ǫtnehgahninǫhsgeh,"hotel, pub, bar, saloon"
ǫtnoˀjohai:,she is brushing her teeth
ǫtnoˀjohaiˀdahkwaˀ,toothpaste
ǫtnoˀjohaiˀtaˀ,toothbrush
ǫtnoˀjonyaˀtaˀ,teething ring
ǫtnęhęhsdahkwaˀ,a yoke
ǫtnǫhahahkwaˀ,wig
ǫtnǫˀao:haiˀtaˀ,shampoo
ǫtnǫˀao:wektaˀ,kerchief
ǫtnǫˀaohai:s,she is washing her head
ǫtnǫˀaohai:ˀ,she did wash her head
ǫtrǫnyahneˀsgęhę:ˀ,she used to tell
ǫtsanǫhwa:s,it has a sore knee
ǫtsaˀ,knee
ǫtsinhahstaˀ,"garters, leg band"
ǫtsohihs,she bites it
ǫtwadaseˀtaˀ,Round Dance
ǫtwahǫdahkwaˀ,roasting pan
ǫtǫ:da:s,she is obedient
ǫtǫwi:sas,Seed Songs (for women)
ǫtǫwisadahkwaˀ gahsdawˀędraˀ,box turtle rattle
ǫwa:ktaˀ,"sifter, sieve"
ǫwę:sętwahs węˀnho:tre:s,football
ǫˀgęhohkwaˀ,ammunition
ǫˀgęhę:kwaˀ,ashtray
ǫˀgęhęhdahkwaˀ,duster
ǫˀknǫˀs,"I am sick of it, bored, fed up; I got sick of it"
ǫˀnhǫhsˀagęhę:ˀ,it used to be an egg (i.e. said when seeing a broken robin's egg; a fossilized dinosaur's egg)
ǫˀnyęnhahstaˀ,wristband
ǫˀnǫ:ˀ,it's been moved
